"../../../Engine/Plugins/Animation/ACLPlugin/Content/ACLAnimCurveCompressionSettings.uasset" 0
"../../../Engine/Plugins/Animation/ACLPlugin/Content/ACLAnimCurveCompressionSettings.uexp" 1
"../../../Engine/Plugins/Animation/ACLPlugin/Content/ACLAnimBoneCompressionSettings.uasset" 2
"../../../Engine/Plugins/Animation/ACLPlugin/Content/ACLAnimBoneCompressionSettings.uexp" 3
"../../../Engine/Plugins/2D/Paper2D/Content/PlaceholderTextures/DummySpriteTexture.ubulk" 4
"../../../Engine/Plugins/2D/Paper2D/Content/PlaceholderTextures/DummySpriteTexture.uasset" 5
"../../../Engine/Plugins/2D/Paper2D/Content/PlaceholderTextures/DummySpriteTexture.uexp" 6
"../../../Engine/Plugins/2D/Paper2D/Content/DummySprite.uasset" 7
"../../../Engine/Plugins/2D/Paper2D/Content/DummySprite.uexp" 8
"../../../Engine/Plugins/2D/Paper2D/Content/DefaultPaperTerrainMaterial.uasset" 9
"../../../Engine/Plugins/2D/Paper2D/Content/DefaultPaperTerrainMaterial.uexp" 10
"../../../Engine/Content/Animation/DefaultVariableFrameStrippingSettings.uasset" 11
"../../../Engine/Content/Animation/DefaultVariableFrameStrippingSettings.uexp" 12
"../../../Engine/Content/EngineMaterials/DefaultPhysicalMaterial.uasset" 13
"../../../Engine/Content/EngineMaterials/DefaultPhysicalMaterial.uexp" 14
"../../../Engine/Content/EngineMaterials/DefaultDestructiblePhysicalMaterial.uasset" 15
"../../../Engine/Content/EngineMaterials/DefaultDestructiblePhysicalMaterial.uexp" 16
"../../../Engine/Content/EngineFonts/Faces/DroidSansFallback.uexp" 17
"../../../Engine/Content/EngineFonts/Faces/DroidSansFallback.uasset" 18
"../../../Engine/Content/EngineFonts/Faces/DroidSansFallback.ufont" 19
"../../../Engine/Content/EngineFonts/Faces/RobotoBold.uexp" 20
"../../../Engine/Content/EngineFonts/Faces/RobotoBold.uasset" 21
"../../../Engine/Content/EngineFonts/Faces/RobotoBold.ufont" 22
"../../../Engine/Content/EngineFonts/Faces/RobotoBoldItalic.uexp" 23
"../../../Engine/Content/EngineFonts/Faces/RobotoBoldItalic.uasset" 24
"../../../Engine/Content/EngineFonts/Faces/RobotoBoldItalic.ufont" 25
"../../../Engine/Content/EngineFonts/Faces/RobotoItalic.uexp" 26
"../../../Engine/Content/EngineFonts/Faces/RobotoItalic.uasset" 27
"../../../Engine/Content/EngineFonts/Faces/RobotoItalic.ufont" 28
"../../../Engine/Content/EngineFonts/Faces/RobotoLight.uexp" 29
"../../../Engine/Content/EngineFonts/Faces/RobotoLight.uasset" 30
"../../../Engine/Content/EngineFonts/Faces/RobotoLight.ufont" 31
"../../../Engine/Content/EngineFonts/Faces/RobotoRegular.uexp" 32
"../../../Engine/Content/EngineFonts/Faces/RobotoRegular.uasset" 33
"../../../Engine/Content/EngineFonts/Faces/RobotoRegular.ufont" 34
"../../../Engine/Content/EngineFonts/Roboto.uasset" 35
"../../../Engine/Content/EngineFonts/Roboto.uexp" 36
"../../../Engine/Content/EngineFonts/Faces/DroidSansMono.uexp" 37
"../../../Engine/Content/EngineFonts/Faces/DroidSansMono.uasset" 38
"../../../Engine/Content/EngineFonts/Faces/DroidSansMono.ufont" 39
"../../../Engine/Content/EngineFonts/DroidSansMono.uasset" 40
"../../../Engine/Content/EngineFonts/DroidSansMono.uexp" 41
"../../../Engine/Plugins/Marketplace/MetaXR/Content/Materials/MPC_Highlights.uasset" 42
"../../../Engine/Plugins/Marketplace/MetaXR/Content/Materials/MPC_Highlights.uexp" 43
"../../../Engine/Plugins/Animation/ControlRig/Content/Controls/DefaultGizmoLibraryNormalized.uasset" 44
"../../../Engine/Plugins/Animation/ControlRig/Content/Controls/DefaultGizmoLibraryNormalized.uexp" 45
"../../../Engine/Content/EngineSounds/Master.uasset" 46
"../../../Engine/Content/EngineSounds/Master.uexp" 47
"../../../Engine/Content/EngineResources/GradientTexture0.uasset" 48
"../../../Engine/Content/EngineResources/GradientTexture0.uexp" 49
"../../../Engine/Content/EngineResources/DefaultTexture.ubulk" 50
"../../../Engine/Content/EngineResources/DefaultTexture.uasset" 51
"../../../Engine/Content/EngineResources/DefaultTexture.uexp" 52
"../../../Engine/Content/EngineMaterials/PreintegratedSkinBRDF.uasset" 53
"../../../Engine/Content/EngineMaterials/PreintegratedSkinBRDF.uexp" 54
"../../../Engine/Content/EngineMaterials/MiniFont.uasset" 55
"../../../Engine/Content/EngineMaterials/MiniFont.uexp" 56
"../../../Engine/Content/EngineMaterials/FastBlueNoise_vec2_128x128x64.uasset" 57
"../../../Engine/Content/EngineMaterials/FastBlueNoise_vec2_128x128x64.uexp" 58
"../../../Engine/Content/EngineMaterials/FastBlueNoise_scalar_128x128x8.uasset" 59
"../../../Engine/Content/EngineMaterials/FastBlueNoise_scalar_128x128x8.uexp" 60
"../../../Engine/Content/EngineMaterials/FastBlueNoise_scalar_128x128x64.uasset" 61
"../../../Engine/Content/EngineMaterials/FastBlueNoise_scalar_128x128x64.uexp" 62
"../../../Engine/Content/EngineMaterials/DefaultWhiteGrid.ubulk" 63
"../../../Engine/Content/EngineMaterials/DefaultWhiteGrid.uasset" 64
"../../../Engine/Content/EngineMaterials/DefaultWhiteGrid.uexp" 65
"../../../Engine/Content/EngineMaterials/DefaultBokeh.uasset" 66
"../../../Engine/Content/EngineMaterials/DefaultBokeh.uexp" 67
"../../../Engine/Content/EngineMaterials/DefaultBloomKernel.uasset" 68
"../../../Engine/Content/EngineMaterials/DefaultBloomKernel.uexp" 69
"../../../Engine/Content/EditorResources/S_TriggerSphere.uasset" 70
"../../../Engine/Content/EditorResources/S_TriggerSphere.uexp" 71
"../../../Engine/Content/EditorResources/S_TriggerCapsule.uasset" 72
"../../../Engine/Content/EditorResources/S_TriggerCapsule.uexp" 73
"../../../Engine/Content/EditorResources/S_TriggerBox.uasset" 74
"../../../Engine/Content/EditorResources/S_TriggerBox.uexp" 75
"../../../Engine/Content/EditorResources/S_Trigger.ubulk" 76
"../../../Engine/Content/EditorResources/S_Trigger.uasset" 77
"../../../Engine/Content/EditorResources/S_Trigger.uexp" 78
"../../../Engine/Content/EditorResources/S_Terrain.ubulk" 79
"../../../Engine/Content/EditorResources/S_Terrain.uasset" 80
"../../../Engine/Content/EditorResources/S_Terrain.uexp" 81
"../../../Engine/Content/EditorResources/S_Solver.ubulk" 82
"../../../Engine/Content/EditorResources/S_Solver.uasset" 83
"../../../Engine/Content/EditorResources/S_Solver.uexp" 84
"../../../Engine/Content/EditorResources/S_BoxReflectionCapture.uasset" 85
"../../../Engine/Content/EditorResources/S_BoxReflectionCapture.uexp" 86
"../../../Engine/Content/EditorResources/S_Actor.ubulk" 87
"../../../Engine/Content/EditorResources/S_Actor.uasset" 88
"../../../Engine/Content/EditorResources/S_Actor.uexp" 89
"../../../Engine/Content/EditorResources/BSPVertex.uasset" 90
"../../../Engine/Content/EditorResources/BSPVertex.uexp" 91
"../../../Engine/Plugins/Runtime/AudioWidgets/Content/Resources/ScrubHandleDown_Clamped.uasset" 92
"../../../Engine/Plugins/Runtime/AudioWidgets/Content/Resources/ScrubHandleDown_Clamped.uexp" 93
"../../../Engine/Content/EditorMaterials/ParticleSystems/PSysThumbnail_OOD.ubulk" 94
"../../../Engine/Content/EditorMaterials/ParticleSystems/PSysThumbnail_OOD.uasset" 95
"../../../Engine/Content/EditorMaterials/ParticleSystems/PSysThumbnail_OOD.uexp" 96
"../../../Engine/Content/EditorMaterials/ParticleSystems/PSysThumbnail_NoImage.ubulk" 97
"../../../Engine/Content/EditorMaterials/ParticleSystems/PSysThumbnail_NoImage.uasset" 98
"../../../Engine/Content/EditorMaterials/ParticleSystems/PSysThumbnail_NoImage.uexp" 99
"../../../Engine/Content/EngineResources/FilmGrains/Marcie_Grain_v3_128_M2_000.uasset" 100
"../../../Engine/Content/EngineResources/FilmGrains/Marcie_Grain_v3_128_M2_000.uexp" 101
"../../../Engine/Content/EngineResources/Development/ZenLogo_64.uasset" 102
"../../../Engine/Content/EngineResources/Development/ZenLogo_64.uexp" 103
"../../../Engine/Content/EngineMaterials/LTC/Sheen_LTC.uasset" 104
"../../../Engine/Content/EngineMaterials/LTC/Sheen_LTC.uexp" 105
"../../../Engine/Content/EngineMaterials/LTC/GGX_LTCMat.uasset" 106
"../../../Engine/Content/EngineMaterials/LTC/GGX_LTCMat.uexp" 107
"../../../Engine/Content/EngineMaterials/LTC/GGX_LTCAmp.uasset" 108
"../../../Engine/Content/EngineMaterials/LTC/GGX_LTCAmp.uexp" 109
"../../../Engine/Content/EngineMaterials/EnergyConservation/Sheen_Energy.uasset" 110
"../../../Engine/Content/EngineMaterials/EnergyConservation/Sheen_Energy.uexp" 111
"../../../Engine/Content/EngineMaterials/EnergyConservation/SheenLegacy_Energy.uasset" 112
"../../../Engine/Content/EngineMaterials/EnergyConservation/SheenLegacy_Energy.uexp" 113
"../../../Engine/Content/EngineMaterials/EnergyConservation/GGX_TransmissionEnergyArray.uasset" 114
"../../../Engine/Content/EngineMaterials/EnergyConservation/GGX_TransmissionEnergyArray.uexp" 115
"../../../Engine/Content/EngineMaterials/EnergyConservation/GGX_ReflectionEnergy.uasset" 116
"../../../Engine/Content/EngineMaterials/EnergyConservation/GGX_ReflectionEnergy.uexp" 117
"../../../Engine/Content/EngineMaterials/EnergyConservation/Diffuse_Energy.uasset" 118
"../../../Engine/Content/EngineMaterials/EnergyConservation/Diffuse_Energy.uexp" 119
"../../../Engine/Content/EditorResources/SequenceRecorder/RecordingIndicator.uasset" 120
"../../../Engine/Content/EditorResources/SequenceRecorder/RecordingIndicator.uexp" 121
"../../../Engine/Content/EditorResources/SequenceRecorder/Countdown.uasset" 122
"../../../Engine/Content/EditorResources/SequenceRecorder/Countdown.uexp" 123
"../../../Engine/Content/Functions/Engine_MaterialFunctions01/Shading/PowerToRoughness.uasset" 124
"../../../Engine/Content/Functions/Engine_MaterialFunctions01/Shading/PowerToRoughness.uexp" 125
"../../../Engine/Content/Functions/Engine_MaterialFunctions01/Shading/ConvertFromDiffSpec.uasset" 126
"../../../Engine/Content/Functions/Engine_MaterialFunctions01/Shading/ConvertFromDiffSpec.uexp" 127
"../../../Engine/Content/EditorMaterials/Dataflow/DataflowTwoSidedVertexMaterial.uasset" 128
"../../../Engine/Content/EditorMaterials/Dataflow/DataflowTwoSidedVertexMaterial.uexp" 129
"../../../Engine/Content/EditorMaterials/Dataflow/DataflowVertexMaterial.uasset" 130
"../../../Engine/Content/EditorMaterials/Dataflow/DataflowVertexMaterial.uexp" 131
"../../../Engine/Plugins/Runtime/HairStrands/Content/Materials/HairCardsDefaultMaterial.uasset" 132
"../../../Engine/Plugins/Runtime/HairStrands/Content/Materials/HairCardsDefaultMaterial.uexp" 133
"../../../Engine/Content/Functions/Engine_MaterialFunctions02/Utility/MakeFloat2.uasset" 134
"../../../Engine/Content/Functions/Engine_MaterialFunctions02/Utility/MakeFloat2.uexp" 135
"../../../Engine/Content/Functions/Engine_MaterialFunctions02/Utility/MakeFloat3.uasset" 136
"../../../Engine/Content/Functions/Engine_MaterialFunctions02/Utility/MakeFloat3.uexp" 137
"../../../Engine/Content/EngineMaterials/HairDebugColor.uasset" 138
"../../../Engine/Content/EngineMaterials/HairDebugColor.uexp" 139
"../../../Engine/Content/EngineMaterials/HairColorMap.uasset" 140
"../../../Engine/Content/EngineMaterials/HairColorMap.uexp" 141
"../../../Engine/Plugins/Runtime/HairStrands/Content/Materials/HairGroupColors.uasset" 142
"../../../Engine/Plugins/Runtime/HairStrands/Content/Materials/HairGroupColors.uexp" 143
"../../../Engine/Plugins/Runtime/HairStrands/Content/Materials/HairDebugMaterial.uasset" 144
"../../../Engine/Plugins/Runtime/HairStrands/Content/Materials/HairDebugMaterial.uexp" 145
"../../../Engine/Plugins/Runtime/HairStrands/Content/Materials/HairDefaultMaterial.uasset" 146
"../../../Engine/Plugins/Runtime/HairStrands/Content/Materials/HairDefaultMaterial.uexp" 147
"../../../Engine/Plugins/Runtime/HairStrands/Content/Materials/HairMeshesDefaultMaterial.uasset" 148
"../../../Engine/Plugins/Runtime/HairStrands/Content/Materials/HairMeshesDefaultMaterial.uexp" 149
"../../../Engine/Plugins/VirtualProduction/CameraCalibrationCore/Content/Materials/M_DefaultEvenSquare.uasset" 150
"../../../Engine/Plugins/VirtualProduction/CameraCalibrationCore/Content/Materials/M_DefaultEvenSquare.uexp" 151
"../../../Engine/Plugins/VirtualProduction/CameraCalibrationCore/Content/Materials/M_DefaultOddSquare.uasset" 152
"../../../Engine/Plugins/VirtualProduction/CameraCalibrationCore/Content/Materials/M_DefaultOddSquare.uexp" 153
"../../../Engine/Plugins/Animation/ControlRig/Content/Controls/ControlRigGizmoMaterial.uasset" 154
"../../../Engine/Plugins/Animation/ControlRig/Content/Controls/ControlRigGizmoMaterial.uexp" 155
"../../../Engine/Plugins/Animation/ControlRig/Content/Controls/ControlRigXRayMaterial.uasset" 156
"../../../Engine/Plugins/Animation/ControlRig/Content/Controls/ControlRigXRayMaterial.uexp" 157
"../../../Engine/Content/Functions/Engine_MaterialFunctions02/Utility/VectorLength.uasset" 158
"../../../Engine/Content/Functions/Engine_MaterialFunctions02/Utility/VectorLength.uexp" 159
"../../../Engine/Content/Functions/Engine_MaterialFunctions02/WorldPositionOffset/ObjectScale.uasset" 160
"../../../Engine/Content/Functions/Engine_MaterialFunctions02/WorldPositionOffset/ObjectScale.uexp" 161
"../../../Engine/Content/Functions/Engine_MaterialFunctions02/Utility/BreakOutFloat3Components.uasset" 162
"../../../Engine/Content/Functions/Engine_MaterialFunctions02/Utility/BreakOutFloat3Components.uexp" 163
"../../../Engine/Content/Functions/Engine_MaterialFunctions02/SafeNormalize.uasset" 164
"../../../Engine/Content/Functions/Engine_MaterialFunctions02/SafeNormalize.uexp" 165
"../../../Engine/Plugins/Editor/SpeedTreeImporter/Content/SpeedTree9/UnpackInteger3.uasset" 166
"../../../Engine/Plugins/Editor/SpeedTreeImporter/Content/SpeedTree9/UnpackInteger3.uexp" 167
"../../../Engine/Plugins/Editor/SpeedTreeImporter/Content/SpeedTree9/UnpackDirection.uasset" 168
"../../../Engine/Plugins/Editor/SpeedTreeImporter/Content/SpeedTree9/UnpackDirection.uexp" 169
"../../../Engine/Plugins/Editor/SpeedTreeImporter/Content/SpeedTree9/game_wind_noise.ubulk" 170
"../../../Engine/Plugins/Editor/SpeedTreeImporter/Content/SpeedTree9/game_wind_noise.uasset" 171
"../../../Engine/Plugins/Editor/SpeedTreeImporter/Content/SpeedTree9/game_wind_noise.uexp" 172
"../../../Engine/Plugins/Editor/SpeedTreeImporter/Content/SpeedTree9/SpeedTreeWindMotion.uasset" 173
"../../../Engine/Plugins/Editor/SpeedTreeImporter/Content/SpeedTree9/SpeedTreeWindMotion.uexp" 174
"../../../Engine/Plugins/Editor/SpeedTreeImporter/Content/SpeedTree9/SpeedTreeBranchMotion.uasset" 175
"../../../Engine/Plugins/Editor/SpeedTreeImporter/Content/SpeedTree9/SpeedTreeBranchMotion.uexp" 176
"../../../Engine/Content/Functions/Engine_MaterialFunctions02/ObjectLocalBounds.uasset" 177
"../../../Engine/Content/Functions/Engine_MaterialFunctions02/ObjectLocalBounds.uexp" 178
"../../../Engine/Content/Functions/Engine_MaterialFunctions02/UVs/BoundingBoxBased_0-1_UVW.uasset" 179
"../../../Engine/Content/Functions/Engine_MaterialFunctions02/UVs/BoundingBoxBased_0-1_UVW.uexp" 180
"../../../Engine/Plugins/Editor/SpeedTreeImporter/Content/SpeedTree9/SpeedTreeWind.uasset" 181
"../../../Engine/Plugins/Editor/SpeedTreeImporter/Content/SpeedTree9/SpeedTreeWind.uexp" 182
"../../../Engine/Plugins/Editor/SpeedTreeImporter/Content/SpeedTree9/EmptyNormal.uasset" 183
"../../../Engine/Plugins/Editor/SpeedTreeImporter/Content/SpeedTree9/EmptyNormal.uexp" 184
"../../../Engine/Plugins/Editor/SpeedTreeImporter/Content/SpeedTree9/Empty.uasset" 185
"../../../Engine/Plugins/Editor/SpeedTreeImporter/Content/SpeedTree9/Empty.uexp" 186
"../../../Engine/Plugins/Editor/SpeedTreeImporter/Content/SpeedTree9/SpeedTreeBillboard.uasset" 187
"../../../Engine/Plugins/Editor/SpeedTreeImporter/Content/SpeedTree9/SpeedTreeBillboard.uexp" 188
"../../../Engine/Plugins/Editor/SpeedTreeImporter/Content/SpeedTree9/SpeedTreeBillboardMaster.uasset" 189
"../../../Engine/Plugins/Editor/SpeedTreeImporter/Content/SpeedTree9/SpeedTreeBillboardMaster.uexp" 190
"../../../Engine/Plugins/Editor/SpeedTreeImporter/Content/SpeedTree9/SpeedTreeCameraFacing.uasset" 191
"../../../Engine/Plugins/Editor/SpeedTreeImporter/Content/SpeedTree9/SpeedTreeCameraFacing.uexp" 192
"../../../Engine/Plugins/Editor/SpeedTreeImporter/Content/SpeedTree9/SpeedTreeMaster.uasset" 193
"../../../Engine/Plugins/Editor/SpeedTreeImporter/Content/SpeedTree9/SpeedTreeMaster.uexp" 194
"../../../Engine/Plugins/Interchange/Assets/Content/Functions/MX_AbsorptionVDF.uasset" 195
"../../../Engine/Plugins/Interchange/Assets/Content/Functions/MX_AbsorptionVDF.uexp" 196
"../../../Engine/Plugins/Interchange/Assets/Content/Functions/MX_AnisotropicVDF.uasset" 197
"../../../Engine/Plugins/Interchange/Assets/Content/Functions/MX_AnisotropicVDF.uexp" 198
"../../../Engine/Plugins/Interchange/Assets/Content/Functions/MX_BurleyDiffuseBSDF.uasset" 199
"../../../Engine/Plugins/Interchange/Assets/Content/Functions/MX_BurleyDiffuseBSDF.uexp" 200
"../../../Engine/Plugins/Interchange/Assets/Content/Functions/MX_ConductorBSDF.uasset" 201
"../../../Engine/Plugins/Interchange/Assets/Content/Functions/MX_ConductorBSDF.uexp" 202
"../../../Engine/Plugins/Interchange/Assets/Content/Functions/MX_ConicalEDF.uasset" 203
"../../../Engine/Plugins/Interchange/Assets/Content/Functions/MX_ConicalEDF.uexp" 204
"../../../Engine/Plugins/Interchange/Assets/Content/Functions/MX_DielectricBSDF.uasset" 205
"../../../Engine/Plugins/Interchange/Assets/Content/Functions/MX_DielectricBSDF.uexp" 206
"../../../Engine/Plugins/Interchange/Assets/Content/Functions/MX_Displacement.uasset" 207
"../../../Engine/Plugins/Interchange/Assets/Content/Functions/MX_Displacement.uexp" 208
"../../../Engine/Plugins/Interchange/Assets/Content/Functions/MX_GeneralizedSchlickBSDF.uasset" 209
"../../../Engine/Plugins/Interchange/Assets/Content/Functions/MX_GeneralizedSchlickBSDF.uexp" 210
"../../../Engine/Plugins/Interchange/Assets/Content/Functions/MX_MeasuredEDF.uasset" 211
"../../../Engine/Plugins/Interchange/Assets/Content/Functions/MX_MeasuredEDF.uexp" 212
"../../../Engine/Plugins/Interchange/Assets/Content/Functions/MF_IridescenceNoLUT.uasset" 213
"../../../Engine/Plugins/Interchange/Assets/Content/Functions/MF_IridescenceNoLUT.uexp" 214
"../../../Engine/Plugins/Interchange/Assets/Content/Functions/MX_StandardSurface.uasset" 215
"../../../Engine/Plugins/Interchange/Assets/Content/Functions/MX_StandardSurface.uexp" 216
"../../../Engine/Plugins/Interchange/Assets/Content/Functions/MX_OpenPBR_Opaque.uasset" 217
"../../../Engine/Plugins/Interchange/Assets/Content/Functions/MX_OpenPBR_Opaque.uexp" 218
"../../../Engine/Plugins/Interchange/Assets/Content/Functions/MX_TransmissionSurface.uasset" 219
"../../../Engine/Plugins/Interchange/Assets/Content/Functions/MX_TransmissionSurface.uexp" 220
"../../../Engine/Plugins/Interchange/Assets/Content/Functions/MX_OpenPBR_Translucent.uasset" 221
"../../../Engine/Plugins/Interchange/Assets/Content/Functions/MX_OpenPBR_Translucent.uexp" 222
"../../../Engine/Plugins/Interchange/Assets/Content/Functions/MX_OrenNayarBSDF.uasset" 223
"../../../Engine/Plugins/Interchange/Assets/Content/Functions/MX_OrenNayarBSDF.uexp" 224
"../../../Engine/Plugins/Interchange/Assets/Content/Functions/MX_SheenBSDF.uasset" 225
"../../../Engine/Plugins/Interchange/Assets/Content/Functions/MX_SheenBSDF.uexp" 226
"../../../Engine/Plugins/Interchange/Assets/Content/Functions/MX_SubsurfaceBSDF.uasset" 227
"../../../Engine/Plugins/Interchange/Assets/Content/Functions/MX_SubsurfaceBSDF.uexp" 228
"../../../Engine/Plugins/Interchange/Assets/Content/Functions/MX_Surface.uasset" 229
"../../../Engine/Plugins/Interchange/Assets/Content/Functions/MX_Surface.uexp" 230
"../../../Engine/Plugins/Interchange/Assets/Content/Functions/MX_SurfaceUnlit.uasset" 231
"../../../Engine/Plugins/Interchange/Assets/Content/Functions/MX_SurfaceUnlit.uexp" 232
"../../../Engine/Plugins/Interchange/Assets/Content/Functions/MX_ThinFilmBSDF.uasset" 233
"../../../Engine/Plugins/Interchange/Assets/Content/Functions/MX_ThinFilmBSDF.uexp" 234
"../../../Engine/Plugins/Interchange/Assets/Content/Functions/MX_TranslucentBSDF.uasset" 235
"../../../Engine/Plugins/Interchange/Assets/Content/Functions/MX_TranslucentBSDF.uexp" 236
"../../../Engine/Plugins/Interchange/Assets/Content/Functions/MX_UniformEDF.uasset" 237
"../../../Engine/Plugins/Interchange/Assets/Content/Functions/MX_UniformEDF.uexp" 238
"../../../Engine/Plugins/Interchange/Assets/Content/Functions/MX_UsdPreviewSurface.uasset" 239
"../../../Engine/Plugins/Interchange/Assets/Content/Functions/MX_UsdPreviewSurface.uexp" 240
"../../../Engine/Content/Functions/Engine_MaterialFunctions02/Utility/BreakOutFloat4Components.uasset" 241
"../../../Engine/Content/Functions/Engine_MaterialFunctions02/Utility/BreakOutFloat4Components.uexp" 242
"../../../Engine/Content/Functions/Engine_MaterialFunctions02/Utility/BreakOutFloat2Components.uasset" 243
"../../../Engine/Content/Functions/Engine_MaterialFunctions02/Utility/BreakOutFloat2Components.uexp" 244
"../../../Engine/Content/Functions/Engine_MaterialFunctions02/Utility/MakeFloat4.uasset" 245
"../../../Engine/Content/Functions/Engine_MaterialFunctions02/Utility/MakeFloat4.uexp" 246
"../../../Engine/Plugins/Marketplace/MetaXR/Content/Textures/CRT_Mask.uasset" 247
"../../../Engine/Plugins/Marketplace/MetaXR/Content/Textures/CRT_Mask.uexp" 248
"../../../Engine/Content/Functions/Engine_MaterialFunctions01/Texturing/PointSampledUVs.uasset" 249
"../../../Engine/Content/Functions/Engine_MaterialFunctions01/Texturing/PointSampledUVs.uexp" 250
"../../../Engine/Plugins/Marketplace/MetaXR/Content/Materials/M_CreateMask.uasset" 251
"../../../Engine/Plugins/Marketplace/MetaXR/Content/Materials/M_CreateMask.uexp" 252
"../../../Engine/Plugins/Marketplace/MetaXR/Content/Textures/CRT_JumpFlood2.uasset" 253
"../../../Engine/Plugins/Marketplace/MetaXR/Content/Textures/CRT_JumpFlood2.uexp" 254
"../../../Engine/Plugins/Marketplace/MetaXR/Content/Textures/CRT_JumpFlood1.uasset" 255
"../../../Engine/Plugins/Marketplace/MetaXR/Content/Textures/CRT_JumpFlood1.uexp" 256
"../../../Engine/Plugins/Marketplace/MetaXR/Content/Materials/M_DistanceMapAll.uasset" 257
"../../../Engine/Plugins/Marketplace/MetaXR/Content/Materials/M_DistanceMapAll.uexp" 258
"../../../Engine/Plugins/Marketplace/MetaXR/Content/Materials/M_DistanceMapFree.uasset" 259
"../../../Engine/Plugins/Marketplace/MetaXR/Content/Materials/M_DistanceMapFree.uexp" 260
"../../../Engine/Plugins/Marketplace/MetaXR/Content/Materials/M_DistanceMapOccupied.uasset" 261
"../../../Engine/Plugins/Marketplace/MetaXR/Content/Materials/M_DistanceMapOccupied.uexp" 262
"../../../Engine/Plugins/Marketplace/MetaXR/Content/Materials/M_FloorMask.uasset" 263
"../../../Engine/Plugins/Marketplace/MetaXR/Content/Materials/M_FloorMask.uexp" 264
"../../../Engine/Plugins/Marketplace/MetaXR/Content/Materials/M_JFAPass.uasset" 265
"../../../Engine/Plugins/Marketplace/MetaXR/Content/Materials/M_JFAPass.uexp" 266
"../../../Engine/Plugins/Marketplace/MetaXR/Content/Materials/M_SceneObjectMask.uasset" 267
"../../../Engine/Plugins/Marketplace/MetaXR/Content/Materials/M_SceneObjectMask.uexp" 268
"../../../Engine/Plugins/Marketplace/MetaXR/Content/Materials/OculusMR_OpaqueColoredMaterial.uasset" 269
"../../../Engine/Plugins/Marketplace/MetaXR/Content/Materials/OculusMR_OpaqueColoredMaterial.uexp" 270
"../../../Engine/Plugins/Marketplace/MetaXR/Content/Materials/PokeAHoleMaterial.uasset" 271
"../../../Engine/Plugins/Marketplace/MetaXR/Content/Materials/PokeAHoleMaterial.uexp" 272
"../../../Engine/Content/EditorMaterials/PhAT_NoCollisionMaterial.uasset" 273
"../../../Engine/Content/EditorMaterials/PhAT_NoCollisionMaterial.uexp" 274
"../../../Engine/Content/EditorMaterials/PhAT_UnselectedMaterial.uasset" 275
"../../../Engine/Content/EditorMaterials/PhAT_UnselectedMaterial.uexp" 276
"../../../Engine/Content/EditorMaterials/PreviewShadowIndicator.ubulk" 277
"../../../Engine/Content/EditorMaterials/PreviewShadowIndicator.uasset" 278
"../../../Engine/Content/EditorMaterials/PreviewShadowIndicator.uexp" 279
"../../../Engine/Content/EditorMaterials/PreviewShadowIndicatorMaterial.uasset" 280
"../../../Engine/Content/EditorMaterials/PreviewShadowIndicatorMaterial.uexp" 281
"../../../Engine/Content/EngineDamageTypes/DmgTypeBP_Environmental.uasset" 282
"../../../Engine/Content/EngineDamageTypes/DmgTypeBP_Environmental.uexp" 283
"../../../Engine/Content/EngineDebugMaterials/DebugEditorMaterial.uasset" 284
"../../../Engine/Content/EngineDebugMaterials/DebugEditorMaterial.uexp" 285
"../../../Engine/Content/EngineDebugMaterials/DebugMeshMaterial.uasset" 286
"../../../Engine/Content/EngineDebugMaterials/DebugMeshMaterial.uexp" 287
"../../../Engine/Content/EngineDebugMaterials/M_SimpleUnlitTranslucent.uasset" 288
"../../../Engine/Content/EngineDebugMaterials/M_SimpleUnlitTranslucent.uexp" 289
"../../../Engine/Content/Functions/Engine_MaterialFunctions02/Utility/CameraDirectionVector.uasset" 290
"../../../Engine/Content/Functions/Engine_MaterialFunctions02/Utility/CameraDirectionVector.uexp" 291
"../../../Engine/Content/EngineDebugMaterials/VolumeToRender.uasset" 292
"../../../Engine/Content/EngineDebugMaterials/VolumeToRender.uexp" 293
"../../../Engine/Content/EngineDebugMaterials/M_VolumeRenderSphereTracePP.uasset" 294
"../../../Engine/Content/EngineDebugMaterials/M_VolumeRenderSphereTracePP.uexp" 295
"../../../Engine/Content/EngineMaterials/DefaultDiffuse.ubulk" 296
"../../../Engine/Content/EngineMaterials/DefaultDiffuse.uasset" 297
"../../../Engine/Content/EngineMaterials/DefaultDiffuse.uexp" 298
"../../../Engine/Content/EngineMaterials/DefaultDeferredDecalMaterial.uasset" 299
"../../../Engine/Content/EngineMaterials/DefaultDeferredDecalMaterial.uexp" 300
"../../../Engine/Content/EngineMaterials/DefaultLightFunctionMaterial.uasset" 301
"../../../Engine/Content/EngineMaterials/DefaultLightFunctionMaterial.uexp" 302
"../../../Engine/Content/EngineMaterials/DefaultPostProcessMaterial.uasset" 303
"../../../Engine/Content/EngineMaterials/DefaultPostProcessMaterial.uexp" 304
"../../../Engine/Content/EngineFonts/RobotoDistanceField.uasset" 305
"../../../Engine/Content/EngineFonts/RobotoDistanceField.uexp" 306
"../../../Engine/Content/EngineMaterials/DefaultTextMaterialOpaque.uasset" 307
"../../../Engine/Content/EngineMaterials/DefaultTextMaterialOpaque.uexp" 308
"../../../Engine/Content/EngineMaterials/DefaultWhiteGrid_Low.uasset" 309
"../../../Engine/Content/EngineMaterials/DefaultWhiteGrid_Low.uexp" 310
"../../../Engine/Content/EngineMaterials/EmissiveMeshMaterial.uasset" 311
"../../../Engine/Content/EngineMaterials/EmissiveMeshMaterial.uexp" 312
"../../../Engine/Content/EngineMaterials/BaseFlattenNormalMap.uasset" 313
"../../../Engine/Content/EngineMaterials/BaseFlattenNormalMap.uexp" 314
"../../../Engine/Content/EngineMaterials/BaseFlattenDiffuseMap.uasset" 315
"../../../Engine/Content/EngineMaterials/BaseFlattenDiffuseMap.uexp" 316
"../../../Engine/Content/EngineMaterials/BaseFlattenEmissiveMap.uasset" 317
"../../../Engine/Content/EngineMaterials/BaseFlattenEmissiveMap.uexp" 318
"../../../Engine/Content/EngineMaterials/BaseFlattenGrayscaleMap.uasset" 319
"../../../Engine/Content/EngineMaterials/BaseFlattenGrayscaleMap.uexp" 320
"../../../Engine/Content/EngineMaterials/BaseFlattenLinearColor.uasset" 321
"../../../Engine/Content/EngineMaterials/BaseFlattenLinearColor.uexp" 322
"../../../Engine/Content/Functions/Engine_MaterialFunctions02/PivotPainter2/Black_1x1_EXR_Texture.uasset" 323
"../../../Engine/Content/Functions/Engine_MaterialFunctions02/PivotPainter2/Black_1x1_EXR_Texture.uexp" 324
"../../../Engine/Content/EngineMaterials/FlattenMaterial.uasset" 325
"../../../Engine/Content/EngineMaterials/FlattenMaterial.uexp" 326
"../../../Engine/Content/EngineMaterials/BaseFlattenDiffuseMap_VT.uasset" 327
"../../../Engine/Content/EngineMaterials/BaseFlattenDiffuseMap_VT.uexp" 328
"../../../Engine/Content/EngineMaterials/BaseFlattenEmissiveMap_VT.uasset" 329
"../../../Engine/Content/EngineMaterials/BaseFlattenEmissiveMap_VT.uexp" 330
"../../../Engine/Content/EngineMaterials/BaseFlattenGrayscaleMap_VT.uasset" 331
"../../../Engine/Content/EngineMaterials/BaseFlattenGrayscaleMap_VT.uexp" 332
"../../../Engine/Content/EngineMaterials/BaseFlattenLinearColor_VT.uasset" 333
"../../../Engine/Content/EngineMaterials/BaseFlattenLinearColor_VT.uexp" 334
"../../../Engine/Content/EngineMaterials/BaseFlattenNormalMap_VT.uasset" 335
"../../../Engine/Content/EngineMaterials/BaseFlattenNormalMap_VT.uexp" 336
"../../../Engine/Content/EngineMaterials/Black_1x1_EXR_Texture_VT.uasset" 337
"../../../Engine/Content/EngineMaterials/Black_1x1_EXR_Texture_VT.uexp" 338
"../../../Engine/Content/EngineMaterials/FlattenMaterial_VT.uasset" 339
"../../../Engine/Content/EngineMaterials/FlattenMaterial_VT.uexp" 340
"../../../Engine/Content/EngineMaterials/FlattenMaterial_WS_Normal_VT.uasset" 341
"../../../Engine/Content/EngineMaterials/FlattenMaterial_WS_Normal_VT.uexp" 342
"../../../Engine/Content/EngineMaterials/GizmoMaterial.uasset" 343
"../../../Engine/Content/EngineMaterials/GizmoMaterial.uexp" 344
"../../../Engine/Content/EngineMaterials/InvalidLightmapSettings.ubulk" 345
"../../../Engine/Content/EngineMaterials/InvalidLightmapSettings.uasset" 346
"../../../Engine/Content/EngineMaterials/InvalidLightmapSettings.uexp" 347
"../../../Engine/Content/EngineMaterials/M_InvalidLightmapSettings.uasset" 348
"../../../Engine/Content/EngineMaterials/M_InvalidLightmapSettings.uexp" 349
"../../../Engine/Content/EngineMaterials/NaniteHiddenSectionMaterial.uasset" 350
"../../../Engine/Content/EngineMaterials/NaniteHiddenSectionMaterial.uexp" 351
"../../../Engine/Content/Functions/Engine_MaterialFunctions02/WorldPositionOffset/CameraOffset.uasset" 352
"../../../Engine/Content/Functions/Engine_MaterialFunctions02/WorldPositionOffset/CameraOffset.uexp" 353
"../../../Engine/Content/EngineMaterials/PhAT_JointLimitMaterial.uasset" 354
"../../../Engine/Content/EngineMaterials/PhAT_JointLimitMaterial.uexp" 355
"../../../Engine/Content/EngineMaterials/DefaultCalibrationColor.uasset" 356
"../../../Engine/Content/EngineMaterials/DefaultCalibrationColor.uexp" 357
"../../../Engine/Content/EngineMaterials/PPM_DefaultCalibrationColor.uasset" 358
"../../../Engine/Content/EngineMaterials/PPM_DefaultCalibrationColor.uexp" 359
"../../../Engine/Content/EngineMaterials/DefaultCalibrationGrayscale.uasset" 360
"../../../Engine/Content/EngineMaterials/DefaultCalibrationGrayscale.uexp" 361
"../../../Engine/Content/EngineMaterials/PPM_DefaultCalibrationGrayscale.uasset" 362
"../../../Engine/Content/EngineMaterials/PPM_DefaultCalibrationGrayscale.uexp" 363
"../../../Engine/Content/EngineMaterials/RemoveSurfaceMaterial.uasset" 364
"../../../Engine/Content/EngineMaterials/RemoveSurfaceMaterial.uexp" 365
"../../../Engine/Content/EditorLandscapeResources/DefaultAlphaTexture.uasset" 366
"../../../Engine/Content/EditorLandscapeResources/DefaultAlphaTexture.uexp" 367
"../../../Engine/Content/EditorLandscapeResources/LandscapeDirtyMaterial.uasset" 368
"../../../Engine/Content/EditorLandscapeResources/LandscapeDirtyMaterial.uexp" 369
"../../../Engine/Content/Functions/Engine_MaterialFunctions01/Texturing/ScaleUVsByCenter.uasset" 370
"../../../Engine/Content/Functions/Engine_MaterialFunctions01/Texturing/ScaleUVsByCenter.uexp" 371
"../../../Engine/Content/Functions/Engine_MaterialFunctions02/WorldPositionOffset/LocalPosition.uasset" 372
"../../../Engine/Content/Functions/Engine_MaterialFunctions02/WorldPositionOffset/LocalPosition.uexp" 373
"../../../Engine/Content/Functions/Engine_MaterialFunctions01/Texturing/TextureCropping.uasset" 374
"../../../Engine/Content/Functions/Engine_MaterialFunctions01/Texturing/TextureCropping.uexp" 375
"../../../Engine/Content/Functions/Engine_MaterialFunctions02/ExampleContent/DebugNumberStrip.uasset" 376
"../../../Engine/Content/Functions/Engine_MaterialFunctions02/ExampleContent/DebugNumberStrip.uexp" 377
"../../../Engine/Content/Functions/Engine_MaterialFunctions01/Debug/DebugIntValues.uasset" 378
"../../../Engine/Content/Functions/Engine_MaterialFunctions01/Debug/DebugIntValues.uexp" 379
"../../../Engine/Content/EditorLandscapeResources/LandscapeLayerUsageMaterial.uasset" 380
"../../../Engine/Content/EditorLandscapeResources/LandscapeLayerUsageMaterial.uexp" 381
"../../../Engine/Content/EditorLandscapeResources/WhiteSquareTexture.uasset" 382
"../../../Engine/Content/EditorLandscapeResources/WhiteSquareTexture.uexp" 383
"../../../Engine/Content/EditorLandscapeResources/LayerVisMaterial.uasset" 384
"../../../Engine/Content/EditorLandscapeResources/LayerVisMaterial.uexp" 385
"../../../Engine/Plugins/Animation/ControlRig/Content/M_Manip.uasset" 386
"../../../Engine/Plugins/Animation/ControlRig/Content/M_Manip.uexp" 387
"../../../Engine/Content/EngineMeshes/Sphere.ubulk" 388
"../../../Engine/Content/EngineMeshes/Sphere.uasset" 389
"../../../Engine/Content/EngineMeshes/Sphere.uexp" 390
"../../../Engine/Content/EngineResources/DefaultTextureCube.uasset" 391
"../../../Engine/Content/EngineResources/DefaultTextureCube.uexp" 392
"../../../Engine/Content/EngineResources/DefaultVolumeTexture2D.uasset" 393
"../../../Engine/Content/EngineResources/DefaultVolumeTexture2D.uexp" 394
"../../../Engine/Content/EngineResources/DefaultVolumeTexture.uasset" 395
"../../../Engine/Content/EngineResources/DefaultVolumeTexture.uexp" 396
"../../../Engine/Content/VREditor/TransformGizmo/Xray.uasset" 397
"../../../Engine/Content/VREditor/TransformGizmo/Xray.uexp" 398
"../../../Engine/Content/VREditor/TransformGizmo/Main.uasset" 399
"../../../Engine/Content/VREditor/TransformGizmo/Main.uexp" 400
"../../../Engine/Content/VREditor/TransformGizmo/SM_Sequencer_Node.ubulk" 401
"../../../Engine/Content/VREditor/TransformGizmo/SM_Sequencer_Node.uasset" 402
"../../../Engine/Content/VREditor/TransformGizmo/SM_Sequencer_Node.uexp" 403
"../../../Engine/Plugins/2D/Paper2D/Content/DefaultSpriteMaterial.uasset" 404
"../../../Engine/Plugins/2D/Paper2D/Content/DefaultSpriteMaterial.uexp" 405
"../../../Engine/Plugins/2D/Paper2D/Content/OpaqueUnlitSpriteMaterial.uasset" 406
"../../../Engine/Plugins/2D/Paper2D/Content/OpaqueUnlitSpriteMaterial.uexp" 407
"../../../Engine/Plugins/2D/Paper2D/Content/MaskedUnlitSpriteMaterial.uasset" 408
"../../../Engine/Plugins/2D/Paper2D/Content/MaskedUnlitSpriteMaterial.uexp" 409
"../../../Engine/Content/EngineMaterials/T_Default_Material_Grid_M.ubulk" 410
"../../../Engine/Content/EngineMaterials/T_Default_Material_Grid_M.uasset" 411
"../../../Engine/Content/EngineMaterials/T_Default_Material_Grid_M.uexp" 412
"../../../Engine/Content/Functions/Engine_MaterialFunctions01/Opacity/CameraDepthFade.uasset" 413
"../../../Engine/Content/Functions/Engine_MaterialFunctions01/Opacity/CameraDepthFade.uexp" 414
"../../../Engine/Content/EngineMaterials/T_Default_Material_Grid_N.ubulk" 415
"../../../Engine/Content/EngineMaterials/T_Default_Material_Grid_N.uasset" 416
"../../../Engine/Content/EngineMaterials/T_Default_Material_Grid_N.uexp" 417
"../../../Engine/Content/EngineMaterials/WorldGridMaterial.uasset" 418
"../../../Engine/Content/EngineMaterials/WorldGridMaterial.uexp" 419
"../../../Engine/Plugins/Media/MediaPlate/Content/SM_MediaPlateScreen.ubulk" 420
"../../../Engine/Plugins/Media/MediaPlate/Content/SM_MediaPlateScreen.uasset" 421
"../../../Engine/Plugins/Media/MediaPlate/Content/SM_MediaPlateScreen.uexp" 422
"../../../Engine/Content/EditorLandscapeResources/SplineEditorMeshMat.uasset" 423
"../../../Engine/Content/EditorLandscapeResources/SplineEditorMeshMat.uexp" 424
"../../../Engine/Content/EditorLandscapeResources/SplineEditorMesh.ubulk" 425
"../../../Engine/Content/EditorLandscapeResources/SplineEditorMesh.uasset" 426
"../../../Engine/Content/EditorLandscapeResources/SplineEditorMesh.uexp" 427
"../../../Engine/Content/Functions/Engine_MaterialFunctions03/Math/WithinRangeFloat2.uasset" 428
"../../../Engine/Content/Functions/Engine_MaterialFunctions03/Math/WithinRangeFloat2.uexp" 429
"../../../Engine/Content/EditorLandscapeResources/SelectBrushMaterial.uasset" 430
"../../../Engine/Content/EditorLandscapeResources/SelectBrushMaterial.uexp" 431
"../../../Engine/Content/EditorLandscapeResources/SelectBrushMaterial_SelectedRegion.uasset" 432
"../../../Engine/Content/EditorLandscapeResources/SelectBrushMaterial_SelectedRegion.uexp" 433
"../../../Engine/Content/EditorLandscapeResources/SelectBrushMaterial_Selected.uasset" 434
"../../../Engine/Content/EditorLandscapeResources/SelectBrushMaterial_Selected.uexp" 435
"../../../Engine/Content/EditorLandscapeResources/MaskBrushMaterial.uasset" 436
"../../../Engine/Content/EditorLandscapeResources/MaskBrushMaterial.uexp" 437
"../../../Engine/Content/EditorLandscapeResources/MaskBrushMaterial_MaskedRegion.uasset" 438
"../../../Engine/Content/EditorLandscapeResources/MaskBrushMaterial_MaskedRegion.uexp" 439
"../../../Engine/Content/EditorLandscapeResources/ColorMaskBrushMaterial.uasset" 440
"../../../Engine/Content/EditorLandscapeResources/ColorMaskBrushMaterial.uexp" 441
"../../../Engine/Content/EditorLandscapeResources/ColorMaskBrushMaterial_MaskedRegion.uasset" 442
"../../../Engine/Content/EditorLandscapeResources/ColorMaskBrushMaterial_MaskedRegion.uexp" 443
"../../../Engine/Content/BasicShapes/Plane.ubulk" 444
"../../../Engine/Content/BasicShapes/Plane.uasset" 445
"../../../Engine/Content/BasicShapes/Plane.uexp" 446
"../../../Engine/Content/BasicShapes/Cube.ubulk" 447
"../../../Engine/Content/BasicShapes/Cube.uasset" 448
"../../../Engine/Content/BasicShapes/Cube.uexp" 449
"../../../Engine/Content/EngineMaterials/DefaultMaterial.uasset" 450
"../../../Engine/Content/EngineMaterials/DefaultMaterial.uexp" 451
"../../../Engine/Content/BasicShapes/Cone.ubulk" 452
"../../../Engine/Content/BasicShapes/Cone.uasset" 453
"../../../Engine/Content/BasicShapes/Cone.uexp" 454
"../../../Engine/Content/EngineResources/LandscapeVisibilityLayerInfo.uasset" 455
"../../../Engine/Content/EngineResources/LandscapeVisibilityLayerInfo.uexp" 456
"../../../Engine/Content/EngineResources/WhiteSquareTexture.uasset" 457
"../../../Engine/Content/EngineResources/WhiteSquareTexture.uexp" 458
"../../../Engine/Content/EngineMaterials/Widget3DPassThrough.uasset" 459
"../../../Engine/Content/EngineMaterials/Widget3DPassThrough.uexp" 460
"../../../Engine/Content/EngineMaterials/Widget3DPassThrough_Translucent.uasset" 461
"../../../Engine/Content/EngineMaterials/Widget3DPassThrough_Translucent.uexp" 462
"../../../Engine/Content/EngineMaterials/Widget3DPassThrough_Translucent_OneSided.uasset" 463
"../../../Engine/Content/EngineMaterials/Widget3DPassThrough_Translucent_OneSided.uexp" 464
"../../../Engine/Content/EngineMaterials/Widget3DPassThrough_Opaque.uasset" 465
"../../../Engine/Content/EngineMaterials/Widget3DPassThrough_Opaque.uexp" 466
"../../../Engine/Content/EngineMaterials/Widget3DPassThrough_Opaque_OneSided.uasset" 467
"../../../Engine/Content/EngineMaterials/Widget3DPassThrough_Opaque_OneSided.uexp" 468
"../../../Engine/Content/EngineMaterials/Widget3DPassThrough_Masked_OneSided.uasset" 469
"../../../Engine/Content/EngineMaterials/Widget3DPassThrough_Masked_OneSided.uexp" 470
"../../../Engine/Content/EngineMaterials/Widget3DPassThrough_Masked.uasset" 471
"../../../Engine/Content/EngineMaterials/Widget3DPassThrough_Masked.uexp" 472
"../../../Engine/Content/EngineMaterials/WeightMapPlaceholderTexture.uasset" 473
"../../../Engine/Content/EngineMaterials/WeightMapPlaceholderTexture.uexp" 474
"../../../Engine/Content/EngineMaterials/WeightMapArrayPlaceholderTexture.uasset" 475
"../../../Engine/Content/EngineMaterials/WeightMapArrayPlaceholderTexture.uexp" 476
"../../../Engine/Plugins/Marketplace/MetaXR/Content/Textures/CRT_DistanceMap.uasset" 477
"../../../Engine/Plugins/Marketplace/MetaXR/Content/Textures/CRT_DistanceMap.uexp" 478
"../../../Engine/Plugins/Marketplace/MetaXR/Content/Meshes/SM_Bevelcube.ubulk" 479
"../../../Engine/Plugins/Marketplace/MetaXR/Content/Meshes/SM_Bevelcube.uasset" 480
"../../../Engine/Plugins/Marketplace/MetaXR/Content/Meshes/SM_Bevelcube.uexp" 481
"../../../Engine/Plugins/Marketplace/MetaXR/Content/Textures/TouchForQuestRiftSController_albedo.ubulk" 482
"../../../Engine/Plugins/Marketplace/MetaXR/Content/Textures/TouchForQuestRiftSController_albedo.uasset" 483
"../../../Engine/Plugins/Marketplace/MetaXR/Content/Textures/TouchForQuestRiftSController_albedo.uexp" 484
"../../../Engine/Plugins/Marketplace/MetaXR/Content/Materials/TouchForQuestRiftSControllerMaterial.uasset" 485
"../../../Engine/Plugins/Marketplace/MetaXR/Content/Materials/TouchForQuestRiftSControllerMaterial.uexp" 486
"../../../Engine/Plugins/Marketplace/MetaXR/Content/Meshes/RightTouchForQuestRiftSController.ubulk" 487
"../../../Engine/Plugins/Marketplace/MetaXR/Content/Meshes/RightTouchForQuestRiftSController.uasset" 488
"../../../Engine/Plugins/Marketplace/MetaXR/Content/Meshes/RightTouchForQuestRiftSController.uexp" 489
"../../../Engine/Plugins/Marketplace/MetaXR/Content/Textures/TouchForQuest2_Color.ubulk" 490
"../../../Engine/Plugins/Marketplace/MetaXR/Content/Textures/TouchForQuest2_Color.uasset" 491
"../../../Engine/Plugins/Marketplace/MetaXR/Content/Textures/TouchForQuest2_Color.uexp" 492
"../../../Engine/Plugins/Marketplace/MetaXR/Content/Textures/TouchForQuest2Material_Roughness.ubulk" 493
"../../../Engine/Plugins/Marketplace/MetaXR/Content/Textures/TouchForQuest2Material_Roughness.uasset" 494
"../../../Engine/Plugins/Marketplace/MetaXR/Content/Textures/TouchForQuest2Material_Roughness.uexp" 495
"../../../Engine/Plugins/Marketplace/MetaXR/Content/Materials/TouchForQuest2Material.uasset" 496
"../../../Engine/Plugins/Marketplace/MetaXR/Content/Materials/TouchForQuest2Material.uexp" 497
"../../../Engine/Plugins/Marketplace/MetaXR/Content/Meshes/RightTouchForQuest2.ubulk" 498
"../../../Engine/Plugins/Marketplace/MetaXR/Content/Meshes/RightTouchForQuest2.uasset" 499
"../../../Engine/Plugins/Marketplace/MetaXR/Content/Meshes/RightTouchForQuest2.uexp" 500
"../../../Engine/Plugins/Marketplace/MetaXR/Content/Textures/RightMetaQuestTouchPro_Color.ubulk" 501
"../../../Engine/Plugins/Marketplace/MetaXR/Content/Textures/RightMetaQuestTouchPro_Color.uasset" 502
"../../../Engine/Plugins/Marketplace/MetaXR/Content/Textures/RightMetaQuestTouchPro_Color.uexp" 503
"../../../Engine/Plugins/Marketplace/MetaXR/Content/Textures/RightMetaQuestTouchPro_Normal.ubulk" 504
"../../../Engine/Plugins/Marketplace/MetaXR/Content/Textures/RightMetaQuestTouchPro_Normal.uasset" 505
"../../../Engine/Plugins/Marketplace/MetaXR/Content/Textures/RightMetaQuestTouchPro_Normal.uexp" 506
"../../../Engine/Plugins/Marketplace/MetaXR/Content/Materials/RightMetaQuestTouchProMaterial.uasset" 507
"../../../Engine/Plugins/Marketplace/MetaXR/Content/Materials/RightMetaQuestTouchProMaterial.uexp" 508
"../../../Engine/Plugins/Marketplace/MetaXR/Content/Meshes/RightMetaQuestTouchPro.ubulk" 509
"../../../Engine/Plugins/Marketplace/MetaXR/Content/Meshes/RightMetaQuestTouchPro.uasset" 510
"../../../Engine/Plugins/Marketplace/MetaXR/Content/Meshes/RightMetaQuestTouchPro.uexp" 511
"../../../Engine/Plugins/Marketplace/MetaXR/Content/Textures/RightMetaQuestTouchPlus_Color.ubulk" 512
"../../../Engine/Plugins/Marketplace/MetaXR/Content/Textures/RightMetaQuestTouchPlus_Color.uasset" 513
"../../../Engine/Plugins/Marketplace/MetaXR/Content/Textures/RightMetaQuestTouchPlus_Color.uexp" 514
"../../../Engine/Plugins/Marketplace/MetaXR/Content/Materials/RightMetaQuestTouchPlusMaterial.uasset" 515
"../../../Engine/Plugins/Marketplace/MetaXR/Content/Materials/RightMetaQuestTouchPlusMaterial.uexp" 516
"../../../Engine/Plugins/Marketplace/MetaXR/Content/Meshes/RightMetaQuestTouchPlus.ubulk" 517
"../../../Engine/Plugins/Marketplace/MetaXR/Content/Meshes/RightMetaQuestTouchPlus.uasset" 518
"../../../Engine/Plugins/Marketplace/MetaXR/Content/Meshes/RightMetaQuestTouchPlus.uexp" 519
"../../../Engine/Plugins/Marketplace/MetaXR/Content/Meshes/LeftTouchForQuestRiftSController.ubulk" 520
"../../../Engine/Plugins/Marketplace/MetaXR/Content/Meshes/LeftTouchForQuestRiftSController.uasset" 521
"../../../Engine/Plugins/Marketplace/MetaXR/Content/Meshes/LeftTouchForQuestRiftSController.uexp" 522
"../../../Engine/Plugins/Marketplace/MetaXR/Content/Meshes/LeftTouchForQuest2.ubulk" 523
"../../../Engine/Plugins/Marketplace/MetaXR/Content/Meshes/LeftTouchForQuest2.uasset" 524
"../../../Engine/Plugins/Marketplace/MetaXR/Content/Meshes/LeftTouchForQuest2.uexp" 525
"../../../Engine/Plugins/Marketplace/MetaXR/Content/Textures/LeftMetaQuestTouchPro_Color.ubulk" 526
"../../../Engine/Plugins/Marketplace/MetaXR/Content/Textures/LeftMetaQuestTouchPro_Color.uasset" 527
"../../../Engine/Plugins/Marketplace/MetaXR/Content/Textures/LeftMetaQuestTouchPro_Color.uexp" 528
"../../../Engine/Plugins/Marketplace/MetaXR/Content/Textures/LeftMetaQuestTouchPro_Normal.ubulk" 529
"../../../Engine/Plugins/Marketplace/MetaXR/Content/Textures/LeftMetaQuestTouchPro_Normal.uasset" 530
"../../../Engine/Plugins/Marketplace/MetaXR/Content/Textures/LeftMetaQuestTouchPro_Normal.uexp" 531
"../../../Engine/Plugins/Marketplace/MetaXR/Content/Materials/LeftMetaQuestTouchProMaterial.uasset" 532
"../../../Engine/Plugins/Marketplace/MetaXR/Content/Materials/LeftMetaQuestTouchProMaterial.uexp" 533
"../../../Engine/Plugins/Marketplace/MetaXR/Content/Meshes/LeftMetaQuestTouchPro.ubulk" 534
"../../../Engine/Plugins/Marketplace/MetaXR/Content/Meshes/LeftMetaQuestTouchPro.uasset" 535
"../../../Engine/Plugins/Marketplace/MetaXR/Content/Meshes/LeftMetaQuestTouchPro.uexp" 536
"../../../Engine/Plugins/Marketplace/MetaXR/Content/Textures/LeftMetaQuestTouchPlus_Color.ubulk" 537
"../../../Engine/Plugins/Marketplace/MetaXR/Content/Textures/LeftMetaQuestTouchPlus_Color.uasset" 538
"../../../Engine/Plugins/Marketplace/MetaXR/Content/Textures/LeftMetaQuestTouchPlus_Color.uexp" 539
"../../../Engine/Plugins/Marketplace/MetaXR/Content/Materials/LeftMetaQuestTouchPlusMaterial.uasset" 540
"../../../Engine/Plugins/Marketplace/MetaXR/Content/Materials/LeftMetaQuestTouchPlusMaterial.uexp" 541
"../../../Engine/Plugins/Marketplace/MetaXR/Content/Meshes/LeftMetaQuestTouchPlus.ubulk" 542
"../../../Engine/Plugins/Marketplace/MetaXR/Content/Meshes/LeftMetaQuestTouchPlus.uasset" 543
"../../../Engine/Plugins/Marketplace/MetaXR/Content/Meshes/LeftMetaQuestTouchPlus.uexp" 544
"../../../Engine/Content/Functions/Engine_MaterialFunctions02/WorldPositionOffset/V2/ObjectScale.uasset" 545
"../../../Engine/Content/Functions/Engine_MaterialFunctions02/WorldPositionOffset/V2/ObjectScale.uexp" 546
"../../../Engine/Plugins/Marketplace/MetaXR/Content/Textures/T_BlobShadow.ubulk" 547
"../../../Engine/Plugins/Marketplace/MetaXR/Content/Textures/T_BlobShadow.uasset" 548
"../../../Engine/Plugins/Marketplace/MetaXR/Content/Textures/T_BlobShadow.uexp" 549
"../../../Engine/Plugins/Marketplace/MetaXR/Content/Materials/M_BlobShadow.uasset" 550
"../../../Engine/Plugins/Marketplace/MetaXR/Content/Materials/M_BlobShadow.uexp" 551
"../../../Engine/Plugins/Marketplace/MetaXR/Content/Materials/MI_BlobShadow.uasset" 552
"../../../Engine/Plugins/Marketplace/MetaXR/Content/Materials/MI_BlobShadow.uexp" 553
"../../../Engine/Plugins/Animation/ControlRig/Content/Controls/ControlRig_Wedge_solid.ubulk" 554
"../../../Engine/Plugins/Animation/ControlRig/Content/Controls/ControlRig_Wedge_solid.uasset" 555
"../../../Engine/Plugins/Animation/ControlRig/Content/Controls/ControlRig_Wedge_solid.uexp" 556
"../../../Engine/Plugins/Animation/ControlRig/Content/Controls/ControlRig_Wedge_3mm.ubulk" 557
"../../../Engine/Plugins/Animation/ControlRig/Content/Controls/ControlRig_Wedge_3mm.uasset" 558
"../../../Engine/Plugins/Animation/ControlRig/Content/Controls/ControlRig_Wedge_3mm.uexp" 559
"../../../Engine/Plugins/Animation/ControlRig/Content/Controls/ControlRig_Wedge_1mm.ubulk" 560
"../../../Engine/Plugins/Animation/ControlRig/Content/Controls/ControlRig_Wedge_1mm.uasset" 561
"../../../Engine/Plugins/Animation/ControlRig/Content/Controls/ControlRig_Wedge_1mm.uexp" 562
"../../../Engine/Plugins/Animation/ControlRig/Content/Controls/ControlRig_Triangle_solid.ubulk" 563
"../../../Engine/Plugins/Animation/ControlRig/Content/Controls/ControlRig_Triangle_solid.uasset" 564
"../../../Engine/Plugins/Animation/ControlRig/Content/Controls/ControlRig_Triangle_solid.uexp" 565
"../../../Engine/Plugins/Animation/ControlRig/Content/Controls/ControlRig_Triangle_3mm.ubulk" 566
"../../../Engine/Plugins/Animation/ControlRig/Content/Controls/ControlRig_Triangle_3mm.uasset" 567
"../../../Engine/Plugins/Animation/ControlRig/Content/Controls/ControlRig_Triangle_3mm.uexp" 568
"../../../Engine/Plugins/Animation/ControlRig/Content/Controls/ControlRig_Triangle_1mm.ubulk" 569
"../../../Engine/Plugins/Animation/ControlRig/Content/Controls/ControlRig_Triangle_1mm.uasset" 570
"../../../Engine/Plugins/Animation/ControlRig/Content/Controls/ControlRig_Triangle_1mm.uexp" 571
"../../../Engine/Plugins/Animation/ControlRig/Content/Controls/ControlRig_Star4_solid.ubulk" 572
"../../../Engine/Plugins/Animation/ControlRig/Content/Controls/ControlRig_Star4_solid.uasset" 573
"../../../Engine/Plugins/Animation/ControlRig/Content/Controls/ControlRig_Star4_solid.uexp" 574
"../../../Engine/Plugins/Animation/ControlRig/Content/Controls/ControlRig_Star4_3mm.ubulk" 575
"../../../Engine/Plugins/Animation/ControlRig/Content/Controls/ControlRig_Star4_3mm.uasset" 576
"../../../Engine/Plugins/Animation/ControlRig/Content/Controls/ControlRig_Star4_3mm.uexp" 577
"../../../Engine/Plugins/Animation/ControlRig/Content/Controls/ControlRig_Star4_1mm.ubulk" 578
"../../../Engine/Plugins/Animation/ControlRig/Content/Controls/ControlRig_Star4_1mm.uasset" 579
"../../../Engine/Plugins/Animation/ControlRig/Content/Controls/ControlRig_Star4_1mm.uexp" 580
"../../../Engine/Plugins/Animation/ControlRig/Content/Controls/ControlRig_Square_solid.ubulk" 581
"../../../Engine/Plugins/Animation/ControlRig/Content/Controls/ControlRig_Square_solid.uasset" 582
"../../../Engine/Plugins/Animation/ControlRig/Content/Controls/ControlRig_Square_solid.uexp" 583
"../../../Engine/Plugins/Animation/ControlRig/Content/Controls/ControlRig_Square_3mm.ubulk" 584
"../../../Engine/Plugins/Animation/ControlRig/Content/Controls/ControlRig_Square_3mm.uasset" 585
"../../../Engine/Plugins/Animation/ControlRig/Content/Controls/ControlRig_Square_3mm.uexp" 586
"../../../Engine/Plugins/Animation/ControlRig/Content/Controls/ControlRig_Square_1mm.ubulk" 587
"../../../Engine/Plugins/Animation/ControlRig/Content/Controls/ControlRig_Square_1mm.uasset" 588
"../../../Engine/Plugins/Animation/ControlRig/Content/Controls/ControlRig_Square_1mm.uexp" 589
"../../../Engine/Plugins/Animation/ControlRig/Content/Controls/ControlRig_Sphere_solid.ubulk" 590
"../../../Engine/Plugins/Animation/ControlRig/Content/Controls/ControlRig_Sphere_solid.uasset" 591
"../../../Engine/Plugins/Animation/ControlRig/Content/Controls/ControlRig_Sphere_solid.uexp" 592
"../../../Engine/Plugins/Animation/ControlRig/Content/Controls/ControlRig_Sphere_3mm.ubulk" 593
"../../../Engine/Plugins/Animation/ControlRig/Content/Controls/ControlRig_Sphere_3mm.uasset" 594
"../../../Engine/Plugins/Animation/ControlRig/Content/Controls/ControlRig_Sphere_3mm.uexp" 595
"../../../Engine/Plugins/Animation/ControlRig/Content/Controls/ControlRig_Sphere_1mm.ubulk" 596
"../../../Engine/Plugins/Animation/ControlRig/Content/Controls/ControlRig_Sphere_1mm.uasset" 597
"../../../Engine/Plugins/Animation/ControlRig/Content/Controls/ControlRig_Sphere_1mm.uexp" 598
"../../../Engine/Plugins/Animation/ControlRig/Content/Controls/ControlRig_RoundedTriangle_solid.ubulk" 599
"../../../Engine/Plugins/Animation/ControlRig/Content/Controls/ControlRig_RoundedTriangle_solid.uasset" 600
"../../../Engine/Plugins/Animation/ControlRig/Content/Controls/ControlRig_RoundedTriangle_solid.uexp" 601
"../../../Engine/Plugins/Animation/ControlRig/Content/Controls/ControlRig_RoundedTriangle_3mm.ubulk" 602
"../../../Engine/Plugins/Animation/ControlRig/Content/Controls/ControlRig_RoundedTriangle_3mm.uasset" 603
"../../../Engine/Plugins/Animation/ControlRig/Content/Controls/ControlRig_RoundedTriangle_3mm.uexp" 604
"../../../Engine/Plugins/Animation/ControlRig/Content/Controls/ControlRig_RoundedTriangle_1mm.ubulk" 605
"../../../Engine/Plugins/Animation/ControlRig/Content/Controls/ControlRig_RoundedTriangle_1mm.uasset" 606
"../../../Engine/Plugins/Animation/ControlRig/Content/Controls/ControlRig_RoundedTriangle_1mm.uexp" 607
"../../../Engine/Plugins/Animation/ControlRig/Content/Controls/ControlRig_RoundedSquare_solid.ubulk" 608
"../../../Engine/Plugins/Animation/ControlRig/Content/Controls/ControlRig_RoundedSquare_solid.uasset" 609
"../../../Engine/Plugins/Animation/ControlRig/Content/Controls/ControlRig_RoundedSquare_solid.uexp" 610
"../../../Engine/Plugins/Animation/ControlRig/Content/Controls/ControlRig_RoundedSquare_3mm.ubulk" 611
"../../../Engine/Plugins/Animation/ControlRig/Content/Controls/ControlRig_RoundedSquare_3mm.uasset" 612
"../../../Engine/Plugins/Animation/ControlRig/Content/Controls/ControlRig_RoundedSquare_3mm.uexp" 613
"../../../Engine/Plugins/Animation/ControlRig/Content/Controls/ControlRig_RoundedSquare_1mm.ubulk" 614
"../../../Engine/Plugins/Animation/ControlRig/Content/Controls/ControlRig_RoundedSquare_1mm.uasset" 615
"../../../Engine/Plugins/Animation/ControlRig/Content/Controls/ControlRig_RoundedSquare_1mm.uexp" 616
"../../../Engine/Plugins/Animation/ControlRig/Content/Controls/ControlRig_QuarterCircle_solid.ubulk" 617
"../../../Engine/Plugins/Animation/ControlRig/Content/Controls/ControlRig_QuarterCircle_solid.uasset" 618
"../../../Engine/Plugins/Animation/ControlRig/Content/Controls/ControlRig_QuarterCircle_solid.uexp" 619
"../../../Engine/Plugins/Animation/ControlRig/Content/Controls/ControlRig_QuarterCircle_3mm.ubulk" 620
"../../../Engine/Plugins/Animation/ControlRig/Content/Controls/ControlRig_QuarterCircle_3mm.uasset" 621
"../../../Engine/Plugins/Animation/ControlRig/Content/Controls/ControlRig_QuarterCircle_3mm.uexp" 622
"../../../Engine/Plugins/Animation/ControlRig/Content/Controls/ControlRig_QuarterCircle_1mm.ubulk" 623
"../../../Engine/Plugins/Animation/ControlRig/Content/Controls/ControlRig_QuarterCircle_1mm.uasset" 624
"../../../Engine/Plugins/Animation/ControlRig/Content/Controls/ControlRig_QuarterCircle_1mm.uexp" 625
"../../../Engine/Plugins/Animation/ControlRig/Content/Controls/ControlRig_Pyramid_solid.ubulk" 626
"../../../Engine/Plugins/Animation/ControlRig/Content/Controls/ControlRig_Pyramid_solid.uasset" 627
"../../../Engine/Plugins/Animation/ControlRig/Content/Controls/ControlRig_Pyramid_solid.uexp" 628
"../../../Engine/Plugins/Animation/ControlRig/Content/Controls/ControlRig_Pyramid_3mm.ubulk" 629
"../../../Engine/Plugins/Animation/ControlRig/Content/Controls/ControlRig_Pyramid_3mm.uasset" 630
"../../../Engine/Plugins/Animation/ControlRig/Content/Controls/ControlRig_Pyramid_3mm.uexp" 631
"../../../Engine/Plugins/Animation/ControlRig/Content/Controls/ControlRig_Pyramid_1mm.ubulk" 632
"../../../Engine/Plugins/Animation/ControlRig/Content/Controls/ControlRig_Pyramid_1mm.uasset" 633
"../../../Engine/Plugins/Animation/ControlRig/Content/Controls/ControlRig_Pyramid_1mm.uexp" 634
"../../../Engine/Plugins/Animation/ControlRig/Content/Controls/ControlRig_Octagon_solid.ubulk" 635
"../../../Engine/Plugins/Animation/ControlRig/Content/Controls/ControlRig_Octagon_solid.uasset" 636
"../../../Engine/Plugins/Animation/ControlRig/Content/Controls/ControlRig_Octagon_solid.uexp" 637
"../../../Engine/Plugins/Animation/ControlRig/Content/Controls/ControlRig_Octagon_3mm.ubulk" 638
"../../../Engine/Plugins/Animation/ControlRig/Content/Controls/ControlRig_Octagon_3mm.uasset" 639
"../../../Engine/Plugins/Animation/ControlRig/Content/Controls/ControlRig_Octagon_3mm.uexp" 640
"../../../Engine/Plugins/Animation/ControlRig/Content/Controls/ControlRig_Octagon_1mm.ubulk" 641
"../../../Engine/Plugins/Animation/ControlRig/Content/Controls/ControlRig_Octagon_1mm.uasset" 642
"../../../Engine/Plugins/Animation/ControlRig/Content/Controls/ControlRig_Octagon_1mm.uexp" 643
"../../../Engine/Plugins/Animation/ControlRig/Content/Controls/ControlRig_Hexagon_solid.ubulk" 644
"../../../Engine/Plugins/Animation/ControlRig/Content/Controls/ControlRig_Hexagon_solid.uasset" 645
"../../../Engine/Plugins/Animation/ControlRig/Content/Controls/ControlRig_Hexagon_solid.uexp" 646
"../../../Engine/Plugins/Animation/ControlRig/Content/Controls/ControlRig_Hexagon_3mm.ubulk" 647
"../../../Engine/Plugins/Animation/ControlRig/Content/Controls/ControlRig_Hexagon_3mm.uasset" 648
"../../../Engine/Plugins/Animation/ControlRig/Content/Controls/ControlRig_Hexagon_3mm.uexp" 649
"../../../Engine/Plugins/Animation/ControlRig/Content/Controls/ControlRig_Hexagon_1mm.ubulk" 650
"../../../Engine/Plugins/Animation/ControlRig/Content/Controls/ControlRig_Hexagon_1mm.uasset" 651
"../../../Engine/Plugins/Animation/ControlRig/Content/Controls/ControlRig_Hexagon_1mm.uexp" 652
"../../../Engine/Plugins/Animation/ControlRig/Content/Controls/ControlRig_HalfCircle_solid.ubulk" 653
"../../../Engine/Plugins/Animation/ControlRig/Content/Controls/ControlRig_HalfCircle_solid.uasset" 654
"../../../Engine/Plugins/Animation/ControlRig/Content/Controls/ControlRig_HalfCircle_solid.uexp" 655
"../../../Engine/Plugins/Animation/ControlRig/Content/Controls/ControlRig_HalfCircle_3mm.ubulk" 656
"../../../Engine/Plugins/Animation/ControlRig/Content/Controls/ControlRig_HalfCircle_3mm.uasset" 657
"../../../Engine/Plugins/Animation/ControlRig/Content/Controls/ControlRig_HalfCircle_3mm.uexp" 658
"../../../Engine/Plugins/Animation/ControlRig/Content/Controls/ControlRig_HalfCircle_1mm.ubulk" 659
"../../../Engine/Plugins/Animation/ControlRig/Content/Controls/ControlRig_HalfCircle_1mm.uasset" 660
"../../../Engine/Plugins/Animation/ControlRig/Content/Controls/ControlRig_HalfCircle_1mm.uexp" 661
"../../../Engine/Plugins/Animation/ControlRig/Content/Controls/ControlRig_Diamond_solid.ubulk" 662
"../../../Engine/Plugins/Animation/ControlRig/Content/Controls/ControlRig_Diamond_solid.uasset" 663
"../../../Engine/Plugins/Animation/ControlRig/Content/Controls/ControlRig_Diamond_solid.uexp" 664
"../../../Engine/Plugins/Animation/ControlRig/Content/Controls/ControlRig_Diamond_3mm.ubulk" 665
"../../../Engine/Plugins/Animation/ControlRig/Content/Controls/ControlRig_Diamond_3mm.uasset" 666
"../../../Engine/Plugins/Animation/ControlRig/Content/Controls/ControlRig_Diamond_3mm.uexp" 667
"../../../Engine/Plugins/Animation/ControlRig/Content/Controls/ControlRig_Diamond_1mm.ubulk" 668
"../../../Engine/Plugins/Animation/ControlRig/Content/Controls/ControlRig_Diamond_1mm.uasset" 669
"../../../Engine/Plugins/Animation/ControlRig/Content/Controls/ControlRig_Diamond_1mm.uexp" 670
"../../../Engine/Plugins/Animation/ControlRig/Content/Controls/ControlRig_Circle_solid.ubulk" 671
"../../../Engine/Plugins/Animation/ControlRig/Content/Controls/ControlRig_Circle_solid.uasset" 672
"../../../Engine/Plugins/Animation/ControlRig/Content/Controls/ControlRig_Circle_solid.uexp" 673
"../../../Engine/Plugins/Animation/ControlRig/Content/Controls/ControlRig_Circle_3mm.ubulk" 674
"../../../Engine/Plugins/Animation/ControlRig/Content/Controls/ControlRig_Circle_3mm.uasset" 675
"../../../Engine/Plugins/Animation/ControlRig/Content/Controls/ControlRig_Circle_3mm.uexp" 676
"../../../Engine/Plugins/Animation/ControlRig/Content/Controls/ControlRig_Circle_1mm.ubulk" 677
"../../../Engine/Plugins/Animation/ControlRig/Content/Controls/ControlRig_Circle_1mm.uasset" 678
"../../../Engine/Plugins/Animation/ControlRig/Content/Controls/ControlRig_Circle_1mm.uexp" 679
"../../../Engine/Plugins/Animation/ControlRig/Content/Controls/ControlRig_Box_solid.ubulk" 680
"../../../Engine/Plugins/Animation/ControlRig/Content/Controls/ControlRig_Box_solid.uasset" 681
"../../../Engine/Plugins/Animation/ControlRig/Content/Controls/ControlRig_Box_solid.uexp" 682
"../../../Engine/Plugins/Animation/ControlRig/Content/Controls/ControlRig_Box_3mm.ubulk" 683
"../../../Engine/Plugins/Animation/ControlRig/Content/Controls/ControlRig_Box_3mm.uasset" 684
"../../../Engine/Plugins/Animation/ControlRig/Content/Controls/ControlRig_Box_3mm.uexp" 685
"../../../Engine/Plugins/Animation/ControlRig/Content/Controls/ControlRig_Box_1mm.ubulk" 686
"../../../Engine/Plugins/Animation/ControlRig/Content/Controls/ControlRig_Box_1mm.uasset" 687
"../../../Engine/Plugins/Animation/ControlRig/Content/Controls/ControlRig_Box_1mm.uexp" 688
"../../../Engine/Plugins/Animation/ControlRig/Content/Controls/ControlRig_Arrow_solid.ubulk" 689
"../../../Engine/Plugins/Animation/ControlRig/Content/Controls/ControlRig_Arrow_solid.uasset" 690
"../../../Engine/Plugins/Animation/ControlRig/Content/Controls/ControlRig_Arrow_solid.uexp" 691
"../../../Engine/Plugins/Animation/ControlRig/Content/Controls/ControlRig_Arrow_3mm.ubulk" 692
"../../../Engine/Plugins/Animation/ControlRig/Content/Controls/ControlRig_Arrow_3mm.uasset" 693
"../../../Engine/Plugins/Animation/ControlRig/Content/Controls/ControlRig_Arrow_3mm.uexp" 694
"../../../Engine/Plugins/Animation/ControlRig/Content/Controls/ControlRig_Arrow_1mm.ubulk" 695
"../../../Engine/Plugins/Animation/ControlRig/Content/Controls/ControlRig_Arrow_1mm.uasset" 696
"../../../Engine/Plugins/Animation/ControlRig/Content/Controls/ControlRig_Arrow_1mm.uexp" 697
"../../../Engine/Plugins/Animation/ControlRig/Content/Controls/ControlRig_Arrow4_solid.ubulk" 698
"../../../Engine/Plugins/Animation/ControlRig/Content/Controls/ControlRig_Arrow4_solid.uasset" 699
"../../../Engine/Plugins/Animation/ControlRig/Content/Controls/ControlRig_Arrow4_solid.uexp" 700
"../../../Engine/Plugins/Animation/ControlRig/Content/Controls/ControlRig_Arrow4_3mm.ubulk" 701
"../../../Engine/Plugins/Animation/ControlRig/Content/Controls/ControlRig_Arrow4_3mm.uasset" 702
"../../../Engine/Plugins/Animation/ControlRig/Content/Controls/ControlRig_Arrow4_3mm.uexp" 703
"../../../Engine/Plugins/Animation/ControlRig/Content/Controls/ControlRig_Arrow4_1mm.ubulk" 704
"../../../Engine/Plugins/Animation/ControlRig/Content/Controls/ControlRig_Arrow4_1mm.uasset" 705
"../../../Engine/Plugins/Animation/ControlRig/Content/Controls/ControlRig_Arrow4_1mm.uexp" 706
"../../../Engine/Plugins/Animation/ControlRig/Content/Controls/ControlRig_Arrow2_solid.ubulk" 707
"../../../Engine/Plugins/Animation/ControlRig/Content/Controls/ControlRig_Arrow2_solid.uasset" 708
"../../../Engine/Plugins/Animation/ControlRig/Content/Controls/ControlRig_Arrow2_solid.uexp" 709
"../../../Engine/Plugins/Animation/ControlRig/Content/Controls/ControlRig_Arrow2_3mm.ubulk" 710
"../../../Engine/Plugins/Animation/ControlRig/Content/Controls/ControlRig_Arrow2_3mm.uasset" 711
"../../../Engine/Plugins/Animation/ControlRig/Content/Controls/ControlRig_Arrow2_3mm.uexp" 712
"../../../Engine/Plugins/Animation/ControlRig/Content/Controls/ControlRig_Arrow2_1mm.ubulk" 713
"../../../Engine/Plugins/Animation/ControlRig/Content/Controls/ControlRig_Arrow2_1mm.uasset" 714
"../../../Engine/Plugins/Animation/ControlRig/Content/Controls/ControlRig_Arrow2_1mm.uexp" 715
"../../../Engine/Content/EditorMaterials/Camera/CineMat.uasset" 716
"../../../Engine/Content/EditorMaterials/Camera/CineMat.uexp" 717
"../../../Engine/Content/EditorMaterials/Camera/MI_CineMat_Rig.uasset" 718
"../../../Engine/Content/EditorMaterials/Camera/MI_CineMat_Rig.uexp" 719
"../../../Engine/Content/EditorMeshes/Camera/SM_RailRig_Track.ubulk" 720
"../../../Engine/Content/EditorMeshes/Camera/SM_RailRig_Track.uasset" 721
"../../../Engine/Content/EditorMeshes/Camera/SM_RailRig_Track.uexp" 722
"../../../Engine/Content/EditorMeshes/Camera/SM_RailRig_Mount.ubulk" 723
"../../../Engine/Content/EditorMeshes/Camera/SM_RailRig_Mount.uasset" 724
"../../../Engine/Content/EditorMeshes/Camera/SM_RailRig_Mount.uexp" 725
"../../../Engine/Content/EditorMeshes/Camera/SM_CraneRig_Mount.ubulk" 726
"../../../Engine/Content/EditorMeshes/Camera/SM_CraneRig_Mount.uasset" 727
"../../../Engine/Content/EditorMeshes/Camera/SM_CraneRig_Mount.uexp" 728
"../../../Engine/Content/EditorMeshes/Camera/SM_CraneRig_Body.ubulk" 729
"../../../Engine/Content/EditorMeshes/Camera/SM_CraneRig_Body.uasset" 730
"../../../Engine/Content/EditorMeshes/Camera/SM_CraneRig_Body.uexp" 731
"../../../Engine/Content/EditorMeshes/Camera/SM_CraneRig_Base.ubulk" 732
"../../../Engine/Content/EditorMeshes/Camera/SM_CraneRig_Base.uasset" 733
"../../../Engine/Content/EditorMeshes/Camera/SM_CraneRig_Base.uexp" 734
"../../../Engine/Content/EditorMeshes/Camera/SM_CraneRig_Arm.ubulk" 735
"../../../Engine/Content/EditorMeshes/Camera/SM_CraneRig_Arm.uasset" 736
"../../../Engine/Content/EditorMeshes/Camera/SM_CraneRig_Arm.uexp" 737
"../../../Engine/Content/VREditor/TransformGizmo/TranslucentTransformGizmoMaterial.uasset" 738
"../../../Engine/Content/VREditor/TransformGizmo/TranslucentTransformGizmoMaterial.uexp" 739
"../../../Engine/Content/VREditor/LaserPointer/VR_LaserPower_01.ubulk" 740
"../../../Engine/Content/VREditor/LaserPointer/VR_LaserPower_01.uasset" 741
"../../../Engine/Content/VREditor/LaserPointer/VR_LaserPower_01.uexp" 742
"../../../Engine/Content/VREditor/TransformGizmo/TransformGizmoMaterial.uasset" 743
"../../../Engine/Content/VREditor/TransformGizmo/TransformGizmoMaterial.uexp" 744
"../../../Engine/Content/VREditor/TransformGizmo/BoundingBoxEdge.ubulk" 745
"../../../Engine/Content/VREditor/TransformGizmo/BoundingBoxEdge.uasset" 746
"../../../Engine/Content/VREditor/TransformGizmo/BoundingBoxEdge.uexp" 747
"../../../Engine/Content/VREditor/TransformGizmo/BoundingBoxCorner.ubulk" 748
"../../../Engine/Content/VREditor/TransformGizmo/BoundingBoxCorner.uasset" 749
"../../../Engine/Content/VREditor/TransformGizmo/BoundingBoxCorner.uexp" 750
"../../../Engine/Content/EngineResources/Black.uasset" 751
"../../../Engine/Content/EngineResources/Black.uexp" 752
"../../../Engine/Plugins/Runtime/OpenXR/Content/Devices/M_XRController.uasset" 753
"../../../Engine/Plugins/Runtime/OpenXR/Content/Devices/M_XRController.uexp" 754
"../../../Engine/Plugins/Runtime/OpenXR/Content/Devices/OculusGo/BaseTexture.ubulk" 755
"../../../Engine/Plugins/Runtime/OpenXR/Content/Devices/OculusGo/BaseTexture.uasset" 756
"../../../Engine/Plugins/Runtime/OpenXR/Content/Devices/OculusGo/BaseTexture.uexp" 757
"../../../Engine/Plugins/Runtime/OpenXR/Content/Devices/OculusGo/MI_OculusGo.uasset" 758
"../../../Engine/Plugins/Runtime/OpenXR/Content/Devices/OculusGo/MI_OculusGo.uexp" 759
"../../../Engine/Plugins/Runtime/OpenXR/Content/Devices/OculusGo/OculusGoController.ubulk" 760
"../../../Engine/Plugins/Runtime/OpenXR/Content/Devices/OculusGo/OculusGoController.uasset" 761
"../../../Engine/Plugins/Runtime/OpenXR/Content/Devices/OculusGo/OculusGoController.uexp" 762
"../../../Engine/Plugins/Runtime/OpenXR/Content/Devices/HTCVive/BaseTexture.ubulk" 763
"../../../Engine/Plugins/Runtime/OpenXR/Content/Devices/HTCVive/BaseTexture.uasset" 764
"../../../Engine/Plugins/Runtime/OpenXR/Content/Devices/HTCVive/BaseTexture.uexp" 765
"../../../Engine/Plugins/Runtime/OpenXR/Content/Devices/HTCVive/MI_HTCVive.uasset" 766
"../../../Engine/Plugins/Runtime/OpenXR/Content/Devices/HTCVive/MI_HTCVive.uexp" 767
"../../../Engine/Plugins/Runtime/OpenXR/Content/Devices/HTCVive/HTCViveController.ubulk" 768
"../../../Engine/Plugins/Runtime/OpenXR/Content/Devices/HTCVive/HTCViveController.uasset" 769
"../../../Engine/Plugins/Runtime/OpenXR/Content/Devices/HTCVive/HTCViveController.uexp" 770
"../../../Engine/Plugins/Interchange/Assets/Content/gltf/Textures/T_White_srgb.uasset" 771
"../../../Engine/Plugins/Interchange/Assets/Content/gltf/Textures/T_White_srgb.uexp" 772
"../../../Engine/Plugins/Interchange/Assets/Content/gltf/MaterialFunctions/MF_BaseColor.uasset" 773
"../../../Engine/Plugins/Interchange/Assets/Content/gltf/MaterialFunctions/MF_BaseColor.uexp" 774
"../../../Engine/Plugins/Interchange/Assets/Content/gltf/MaterialFunctions/MF_RotateV2.uasset" 775
"../../../Engine/Plugins/Interchange/Assets/Content/gltf/MaterialFunctions/MF_RotateV2.uexp" 776
"../../../Engine/Plugins/Interchange/Assets/Content/gltf/MaterialFunctions/MF_TransformUVs.uasset" 777
"../../../Engine/Plugins/Interchange/Assets/Content/gltf/MaterialFunctions/MF_TransformUVs.uexp" 778
"../../../Engine/Plugins/Interchange/Assets/Content/gltf/MaterialBodies/MF_Unlit_Body.uasset" 779
"../../../Engine/Plugins/Interchange/Assets/Content/gltf/MaterialBodies/MF_Unlit_Body.uexp" 780
"../../../Engine/Plugins/Interchange/Assets/Content/gltf/M_Unlit.uasset" 781
"../../../Engine/Plugins/Interchange/Assets/Content/gltf/M_Unlit.uexp" 782
"../../../Engine/Plugins/Interchange/Assets/Content/gltf/MaterialInstances/MI_Unlit_Opaque_DS.uasset" 783
"../../../Engine/Plugins/Interchange/Assets/Content/gltf/MaterialInstances/MI_Unlit_Opaque_DS.uexp" 784
"../../../Engine/Plugins/Interchange/Assets/Content/gltf/MaterialInstances/MI_Unlit_Opaque.uasset" 785
"../../../Engine/Plugins/Interchange/Assets/Content/gltf/MaterialInstances/MI_Unlit_Opaque.uexp" 786
"../../../Engine/Plugins/Interchange/Assets/Content/gltf/MaterialInstances/MI_Unlit_Mask_DS.uasset" 787
"../../../Engine/Plugins/Interchange/Assets/Content/gltf/MaterialInstances/MI_Unlit_Mask_DS.uexp" 788
"../../../Engine/Plugins/Interchange/Assets/Content/gltf/MaterialInstances/MI_Unlit_Mask.uasset" 789
"../../../Engine/Plugins/Interchange/Assets/Content/gltf/MaterialInstances/MI_Unlit_Mask.uexp" 790
"../../../Engine/Plugins/Interchange/Assets/Content/gltf/MaterialInstances/MI_Unlit_Blend_DS.uasset" 791
"../../../Engine/Plugins/Interchange/Assets/Content/gltf/MaterialInstances/MI_Unlit_Blend_DS.uexp" 792
"../../../Engine/Plugins/Interchange/Assets/Content/gltf/MaterialInstances/MI_Unlit_Blend.uasset" 793
"../../../Engine/Plugins/Interchange/Assets/Content/gltf/MaterialInstances/MI_Unlit_Blend.uexp" 794
"../../../Engine/Content/EngineMaterials/Good64x64TilingNoiseHighFreq.uasset" 795
"../../../Engine/Content/EngineMaterials/Good64x64TilingNoiseHighFreq.uexp" 796
"../../../Engine/Content/Functions/Engine_MaterialFunctions02/Texturing/ScreenAlignedPixelToPixelUVs.uasset" 797
"../../../Engine/Content/Functions/Engine_MaterialFunctions02/Texturing/ScreenAlignedPixelToPixelUVs.uexp" 798
"../../../Engine/Plugins/Interchange/Assets/Content/Utilities/New_LUT.uasset" 799
"../../../Engine/Plugins/Interchange/Assets/Content/Utilities/New_LUT.uexp" 800
"../../../Engine/Content/Functions/Engine_MaterialFunctions03/Math/RemapValueRange.uasset" 801
"../../../Engine/Content/Functions/Engine_MaterialFunctions03/Math/RemapValueRange.uexp" 802
"../../../Engine/Plugins/Interchange/Assets/Content/Functions/MF_Iridescence.uasset" 803
"../../../Engine/Plugins/Interchange/Assets/Content/Functions/MF_Iridescence.uexp" 804
"../../../Engine/Plugins/Interchange/Assets/Content/gltf/MaterialFunctions/MF_Fresnel_DS.uasset" 805
"../../../Engine/Plugins/Interchange/Assets/Content/gltf/MaterialFunctions/MF_Fresnel_DS.uexp" 806
"../../../Engine/Plugins/Interchange/Assets/Content/gltf/MaterialFunctions/MF_IOR.uasset" 807
"../../../Engine/Plugins/Interchange/Assets/Content/gltf/MaterialFunctions/MF_IOR.uexp" 808
"../../../Engine/Plugins/Interchange/Assets/Content/gltf/MaterialFunctions/MF_Iridescence.uasset" 809
"../../../Engine/Plugins/Interchange/Assets/Content/gltf/MaterialFunctions/MF_Iridescence.uexp" 810
"../../../Engine/Plugins/Interchange/Assets/Content/gltf/Textures/T_White_Linear.uasset" 811
"../../../Engine/Plugins/Interchange/Assets/Content/gltf/Textures/T_White_Linear.uexp" 812
"../../../Engine/Plugins/Interchange/Assets/Content/gltf/MaterialFunctions/MF_MetallicRoughness.uasset" 813
"../../../Engine/Plugins/Interchange/Assets/Content/gltf/MaterialFunctions/MF_MetallicRoughness.uexp" 814
"../../../Engine/Content/Functions/Engine_MaterialFunctions02/Math/Transform3x3Matrix.uasset" 815
"../../../Engine/Content/Functions/Engine_MaterialFunctions02/Math/Transform3x3Matrix.uexp" 816
"../../../Engine/Plugins/Interchange/Assets/Content/gltf/MaterialFunctions/MF_RotateNormals_TS.uasset" 817
"../../../Engine/Plugins/Interchange/Assets/Content/gltf/MaterialFunctions/MF_RotateNormals_TS.uexp" 818
"../../../Engine/Plugins/Interchange/Assets/Content/gltf/MaterialFunctions/MF_ScaleNormal.uasset" 819
"../../../Engine/Plugins/Interchange/Assets/Content/gltf/MaterialFunctions/MF_ScaleNormal.uexp" 820
"../../../Engine/Plugins/Interchange/Assets/Content/gltf/Textures/T_Generic_N.uasset" 821
"../../../Engine/Plugins/Interchange/Assets/Content/gltf/Textures/T_Generic_N.uexp" 822
"../../../Engine/Plugins/Interchange/Assets/Content/gltf/MaterialFunctions/MF_Normals.uasset" 823
"../../../Engine/Plugins/Interchange/Assets/Content/gltf/MaterialFunctions/MF_Normals.uexp" 824
"../../../Engine/Plugins/Interchange/Assets/Content/gltf/MaterialFunctions/MF_Occlusion.uasset" 825
"../../../Engine/Plugins/Interchange/Assets/Content/gltf/MaterialFunctions/MF_Occlusion.uexp" 826
"../../../Engine/Plugins/Interchange/Assets/Content/gltf/MaterialFunctions/MF_Specular.uasset" 827
"../../../Engine/Plugins/Interchange/Assets/Content/gltf/MaterialFunctions/MF_Specular.uexp" 828
"../../../Engine/Plugins/Interchange/Assets/Content/gltf/Textures/T_Anisotropy_Direction_Linear.uasset" 829
"../../../Engine/Plugins/Interchange/Assets/Content/gltf/Textures/T_Anisotropy_Direction_Linear.uexp" 830
"../../../Engine/Plugins/Interchange/Assets/Content/gltf/MaterialFunctions/MF_SpecularAnisotropy.uasset" 831
"../../../Engine/Plugins/Interchange/Assets/Content/gltf/MaterialFunctions/MF_SpecularAnisotropy.uexp" 832
"../../../Engine/Plugins/Interchange/Assets/Content/gltf/MaterialFunctions/MF_Temporal_Blur.uasset" 833
"../../../Engine/Plugins/Interchange/Assets/Content/gltf/MaterialFunctions/MF_Temporal_Blur.uexp" 834
"../../../Engine/Plugins/Interchange/Assets/Content/gltf/MaterialFunctions/MF_Transmission.uasset" 835
"../../../Engine/Plugins/Interchange/Assets/Content/gltf/MaterialFunctions/MF_Transmission.uexp" 836
"../../../Engine/Plugins/Interchange/Assets/Content/gltf/MaterialBodies/MF_Transmission_Body.uasset" 837
"../../../Engine/Plugins/Interchange/Assets/Content/gltf/MaterialBodies/MF_Transmission_Body.uexp" 838
"../../../Engine/Plugins/Interchange/Assets/Content/gltf/M_Transmission.uasset" 839
"../../../Engine/Plugins/Interchange/Assets/Content/gltf/M_Transmission.uexp" 840
"../../../Engine/Plugins/Interchange/Assets/Content/gltf/MaterialInstances/MI_Transmission_DS.uasset" 841
"../../../Engine/Plugins/Interchange/Assets/Content/gltf/MaterialInstances/MI_Transmission_DS.uexp" 842
"../../../Engine/Plugins/Interchange/Assets/Content/gltf/MaterialInstances/MI_Transmission.uasset" 843
"../../../Engine/Plugins/Interchange/Assets/Content/gltf/MaterialInstances/MI_Transmission.uexp" 844
"../../../Engine/Content/Functions/Engine_MaterialFunctions02/Math/AddComponents.uasset" 845
"../../../Engine/Content/Functions/Engine_MaterialFunctions02/Math/AddComponents.uexp" 846
"../../../Engine/Plugins/Interchange/Assets/Content/gltf/MaterialFunctions/MF_DiffuseSpecGloss.uasset" 847
"../../../Engine/Plugins/Interchange/Assets/Content/gltf/MaterialFunctions/MF_DiffuseSpecGloss.uexp" 848
"../../../Engine/Plugins/Interchange/Assets/Content/gltf/MaterialFunctions/MF_Emissive.uasset" 849
"../../../Engine/Plugins/Interchange/Assets/Content/gltf/MaterialFunctions/MF_Emissive.uexp" 850
"../../../Engine/Plugins/Interchange/Assets/Content/gltf/MaterialFunctions/MF_MaxComponentValue.uasset" 851
"../../../Engine/Plugins/Interchange/Assets/Content/gltf/MaterialFunctions/MF_MaxComponentValue.uexp" 852
"../../../Engine/Plugins/Interchange/Assets/Content/gltf/MaterialFunctions/MF_PerceivedBrightness.uasset" 853
"../../../Engine/Plugins/Interchange/Assets/Content/gltf/MaterialFunctions/MF_PerceivedBrightness.uexp" 854
"../../../Engine/Plugins/Interchange/Assets/Content/gltf/MaterialFunctions/MF_SpecGlossToMetalRoughness.uasset" 855
"../../../Engine/Plugins/Interchange/Assets/Content/gltf/MaterialFunctions/MF_SpecGlossToMetalRoughness.uexp" 856
"../../../Engine/Plugins/Interchange/Assets/Content/gltf/MaterialBodies/MF_SpecularGlossiness_Body.uasset" 857
"../../../Engine/Plugins/Interchange/Assets/Content/gltf/MaterialBodies/MF_SpecularGlossiness_Body.uexp" 858
"../../../Engine/Plugins/Interchange/Assets/Content/gltf/M_SpecularGlossiness.uasset" 859
"../../../Engine/Plugins/Interchange/Assets/Content/gltf/M_SpecularGlossiness.uexp" 860
"../../../Engine/Plugins/Interchange/Assets/Content/gltf/MaterialInstances/MI_SpecularGlossiness_Opaque_DS.uasset" 861
"../../../Engine/Plugins/Interchange/Assets/Content/gltf/MaterialInstances/MI_SpecularGlossiness_Opaque_DS.uexp" 862
"../../../Engine/Plugins/Interchange/Assets/Content/gltf/MaterialInstances/MI_SpecularGlossiness_Opaque.uasset" 863
"../../../Engine/Plugins/Interchange/Assets/Content/gltf/MaterialInstances/MI_SpecularGlossiness_Opaque.uexp" 864
"../../../Engine/Plugins/Interchange/Assets/Content/gltf/MaterialInstances/MI_SpecularGlossiness_Mask_DS.uasset" 865
"../../../Engine/Plugins/Interchange/Assets/Content/gltf/MaterialInstances/MI_SpecularGlossiness_Mask_DS.uexp" 866
"../../../Engine/Plugins/Interchange/Assets/Content/gltf/MaterialInstances/MI_SpecularGlossiness_Mask.uasset" 867
"../../../Engine/Plugins/Interchange/Assets/Content/gltf/MaterialInstances/MI_SpecularGlossiness_Mask.uexp" 868
"../../../Engine/Plugins/Interchange/Assets/Content/gltf/MaterialInstances/MI_SpecularGlossiness_Blend_DS.uasset" 869
"../../../Engine/Plugins/Interchange/Assets/Content/gltf/MaterialInstances/MI_SpecularGlossiness_Blend_DS.uexp" 870
"../../../Engine/Plugins/Interchange/Assets/Content/gltf/MaterialInstances/MI_SpecularGlossiness_Blend.uasset" 871
"../../../Engine/Plugins/Interchange/Assets/Content/gltf/MaterialInstances/MI_SpecularGlossiness_Blend.uexp" 872
"../../../Engine/Plugins/Interchange/Assets/Content/gltf/MaterialFunctions/MF_Sheen.uasset" 873
"../../../Engine/Plugins/Interchange/Assets/Content/gltf/MaterialFunctions/MF_Sheen.uexp" 874
"../../../Engine/Plugins/Interchange/Assets/Content/gltf/MaterialBodies/MF_Sheen_Body.uasset" 875
"../../../Engine/Plugins/Interchange/Assets/Content/gltf/MaterialBodies/MF_Sheen_Body.uexp" 876
"../../../Engine/Plugins/Interchange/Assets/Content/gltf/M_Sheen.uasset" 877
"../../../Engine/Plugins/Interchange/Assets/Content/gltf/M_Sheen.uexp" 878
"../../../Engine/Plugins/Interchange/Assets/Content/gltf/MaterialInstances/MI_Sheen_Opaque_DS.uasset" 879
"../../../Engine/Plugins/Interchange/Assets/Content/gltf/MaterialInstances/MI_Sheen_Opaque_DS.uexp" 880
"../../../Engine/Plugins/Interchange/Assets/Content/gltf/MaterialInstances/MI_Sheen_Opaque.uasset" 881
"../../../Engine/Plugins/Interchange/Assets/Content/gltf/MaterialInstances/MI_Sheen_Opaque.uexp" 882
"../../../Engine/Plugins/Interchange/Assets/Content/gltf/MaterialInstances/MI_Sheen_Mask_DS.uasset" 883
"../../../Engine/Plugins/Interchange/Assets/Content/gltf/MaterialInstances/MI_Sheen_Mask_DS.uexp" 884
"../../../Engine/Plugins/Interchange/Assets/Content/gltf/MaterialInstances/MI_Sheen_Mask.uasset" 885
"../../../Engine/Plugins/Interchange/Assets/Content/gltf/MaterialInstances/MI_Sheen_Mask.uexp" 886
"../../../Engine/Plugins/Interchange/Assets/Content/gltf/MaterialInstances/MI_Sheen_Blend_DS.uasset" 887
"../../../Engine/Plugins/Interchange/Assets/Content/gltf/MaterialInstances/MI_Sheen_Blend_DS.uexp" 888
"../../../Engine/Plugins/Interchange/Assets/Content/gltf/MaterialInstances/MI_Sheen_Blend.uasset" 889
"../../../Engine/Plugins/Interchange/Assets/Content/gltf/MaterialInstances/MI_Sheen_Blend.uexp" 890
"../../../Engine/Plugins/Interchange/Assets/Content/gltf/MaterialBodies/MF_Default_Body.uasset" 891
"../../../Engine/Plugins/Interchange/Assets/Content/gltf/MaterialBodies/MF_Default_Body.uexp" 892
"../../../Engine/Plugins/Interchange/Assets/Content/gltf/M_Default.uasset" 893
"../../../Engine/Plugins/Interchange/Assets/Content/gltf/M_Default.uexp" 894
"../../../Engine/Plugins/Interchange/Assets/Content/gltf/MaterialInstances/MI_Default_Opaque_DS.uasset" 895
"../../../Engine/Plugins/Interchange/Assets/Content/gltf/MaterialInstances/MI_Default_Opaque_DS.uexp" 896
"../../../Engine/Plugins/Interchange/Assets/Content/gltf/MaterialInstances/MI_Default_Opaque.uasset" 897
"../../../Engine/Plugins/Interchange/Assets/Content/gltf/MaterialInstances/MI_Default_Opaque.uexp" 898
"../../../Engine/Plugins/Interchange/Assets/Content/gltf/MaterialInstances/MI_Default_Mask_DS.uasset" 899
"../../../Engine/Plugins/Interchange/Assets/Content/gltf/MaterialInstances/MI_Default_Mask_DS.uexp" 900
"../../../Engine/Plugins/Interchange/Assets/Content/gltf/MaterialInstances/MI_Default_Mask.uasset" 901
"../../../Engine/Plugins/Interchange/Assets/Content/gltf/MaterialInstances/MI_Default_Mask.uexp" 902
"../../../Engine/Plugins/Interchange/Assets/Content/gltf/MaterialInstances/MI_Default_Blend_DS.uasset" 903
"../../../Engine/Plugins/Interchange/Assets/Content/gltf/MaterialInstances/MI_Default_Blend_DS.uexp" 904
"../../../Engine/Plugins/Interchange/Assets/Content/gltf/MaterialInstances/MI_Default_Blend.uasset" 905
"../../../Engine/Plugins/Interchange/Assets/Content/gltf/MaterialInstances/MI_Default_Blend.uexp" 906
"../../../Engine/Content/Functions/Engine_MaterialFunctions01/Texturing/FlattenNormal.uasset" 907
"../../../Engine/Content/Functions/Engine_MaterialFunctions01/Texturing/FlattenNormal.uexp" 908
"../../../Engine/Plugins/Interchange/Assets/Content/gltf/MaterialFunctions/MF_Clearcoat.uasset" 909
"../../../Engine/Plugins/Interchange/Assets/Content/gltf/MaterialFunctions/MF_Clearcoat.uexp" 910
"../../../Engine/Plugins/Interchange/Assets/Content/gltf/MaterialBodies/MF_ClearCoat_Body.uasset" 911
"../../../Engine/Plugins/Interchange/Assets/Content/gltf/MaterialBodies/MF_ClearCoat_Body.uexp" 912
"../../../Engine/Plugins/Interchange/Assets/Content/gltf/M_ClearCoat.uasset" 913
"../../../Engine/Plugins/Interchange/Assets/Content/gltf/M_ClearCoat.uexp" 914
"../../../Engine/Plugins/Interchange/Assets/Content/gltf/MaterialInstances/MI_ClearCoat_Opaque_DS.uasset" 915
"../../../Engine/Plugins/Interchange/Assets/Content/gltf/MaterialInstances/MI_ClearCoat_Opaque_DS.uexp" 916
"../../../Engine/Plugins/Interchange/Assets/Content/gltf/MaterialInstances/MI_ClearCoat_Opaque.uasset" 917
"../../../Engine/Plugins/Interchange/Assets/Content/gltf/MaterialInstances/MI_ClearCoat_Opaque.uexp" 918
"../../../Engine/Plugins/Interchange/Assets/Content/gltf/MaterialInstances/MI_ClearCoat_Mask_DS.uasset" 919
"../../../Engine/Plugins/Interchange/Assets/Content/gltf/MaterialInstances/MI_ClearCoat_Mask_DS.uexp" 920
"../../../Engine/Plugins/Interchange/Assets/Content/gltf/MaterialInstances/MI_ClearCoat_Mask.uasset" 921
"../../../Engine/Plugins/Interchange/Assets/Content/gltf/MaterialInstances/MI_ClearCoat_Mask.uexp" 922
"../../../Engine/Plugins/Interchange/Assets/Content/gltf/MaterialInstances/MI_ClearCoat_Blend_DS.uasset" 923
"../../../Engine/Plugins/Interchange/Assets/Content/gltf/MaterialInstances/MI_ClearCoat_Blend_DS.uexp" 924
"../../../Engine/Plugins/Interchange/Assets/Content/gltf/MaterialInstances/MI_ClearCoat_Blend.uasset" 925
"../../../Engine/Plugins/Interchange/Assets/Content/gltf/MaterialInstances/MI_ClearCoat_Blend.uexp" 926
"../../../Engine/Content/ArtTools/RenderToTexture/Meshes/S_1_Unit_Plane.ubulk" 927
"../../../Engine/Content/ArtTools/RenderToTexture/Meshes/S_1_Unit_Plane.uasset" 928
"../../../Engine/Content/ArtTools/RenderToTexture/Meshes/S_1_Unit_Plane.uexp" 929
"../../../Engine/Content/EngineMaterials/Substrate/Volume/SubstrateSimpleVolumeLUT3D.uasset" 930
"../../../Engine/Content/EngineMaterials/Substrate/Volume/SubstrateSimpleVolumeLUT3D.uexp" 931
"../../../Engine/Content/EngineMaterials/Substrate/Volume/SubstrateSimpleVolumeEnvLUT3D.uasset" 932
"../../../Engine/Content/EngineMaterials/Substrate/Volume/SubstrateSimpleVolumeEnvLUT3D.uexp" 933
"../../../Engine/Content/EngineMaterials/Substrate/Glints2/AGlintTex2dArray2.uasset" 934
"../../../Engine/Content/EngineMaterials/Substrate/Glints2/AGlintTex2dArray2.uexp" 935
"../../../Engine/Plugins/Runtime/OpenXR/Content/Devices/ValveIndex/MRTexture.ubulk" 936
"../../../Engine/Plugins/Runtime/OpenXR/Content/Devices/ValveIndex/MRTexture.uasset" 937
"../../../Engine/Plugins/Runtime/OpenXR/Content/Devices/ValveIndex/MRTexture.uexp" 938
"../../../Engine/Plugins/Runtime/OpenXR/Content/Devices/ValveIndex/BaseTexture.ubulk" 939
"../../../Engine/Plugins/Runtime/OpenXR/Content/Devices/ValveIndex/BaseTexture.uasset" 940
"../../../Engine/Plugins/Runtime/OpenXR/Content/Devices/ValveIndex/BaseTexture.uexp" 941
"../../../Engine/Plugins/Runtime/OpenXR/Content/Devices/ValveIndex/Right/MI_right_ValveIndex.uasset" 942
"../../../Engine/Plugins/Runtime/OpenXR/Content/Devices/ValveIndex/Right/MI_right_ValveIndex.uexp" 943
"../../../Engine/Plugins/Runtime/OpenXR/Content/Devices/ValveIndex/Right/right_ValveIndexController.ubulk" 944
"../../../Engine/Plugins/Runtime/OpenXR/Content/Devices/ValveIndex/Right/right_ValveIndexController.uasset" 945
"../../../Engine/Plugins/Runtime/OpenXR/Content/Devices/ValveIndex/Right/right_ValveIndexController.uexp" 946
"../../../Engine/Plugins/Runtime/OpenXR/Content/Devices/ValveIndex/Left/MI_left_ValveIndex.uasset" 947
"../../../Engine/Plugins/Runtime/OpenXR/Content/Devices/ValveIndex/Left/MI_left_ValveIndex.uexp" 948
"../../../Engine/Plugins/Runtime/OpenXR/Content/Devices/ValveIndex/Left/left_ValveIndexController.ubulk" 949
"../../../Engine/Plugins/Runtime/OpenXR/Content/Devices/ValveIndex/Left/left_ValveIndexController.uasset" 950
"../../../Engine/Plugins/Runtime/OpenXR/Content/Devices/ValveIndex/Left/left_ValveIndexController.uexp" 951
"../../../Engine/Plugins/Runtime/OpenXR/Content/Devices/OculusTouch_v3/MRTexture.ubulk" 952
"../../../Engine/Plugins/Runtime/OpenXR/Content/Devices/OculusTouch_v3/MRTexture.uasset" 953
"../../../Engine/Plugins/Runtime/OpenXR/Content/Devices/OculusTouch_v3/MRTexture.uexp" 954
"../../../Engine/Plugins/Runtime/OpenXR/Content/Devices/OculusTouch_v3/BaseTexture.ubulk" 955
"../../../Engine/Plugins/Runtime/OpenXR/Content/Devices/OculusTouch_v3/BaseTexture.uasset" 956
"../../../Engine/Plugins/Runtime/OpenXR/Content/Devices/OculusTouch_v3/BaseTexture.uexp" 957
"../../../Engine/Plugins/Runtime/OpenXR/Content/Devices/OculusTouch_v3/MI_OculusTouch_v3.uasset" 958
"../../../Engine/Plugins/Runtime/OpenXR/Content/Devices/OculusTouch_v3/MI_OculusTouch_v3.uexp" 959
"../../../Engine/Plugins/Runtime/OpenXR/Content/Devices/OculusTouch_v3/Right/right_OculusTouch_v3Controller.ubulk" 960
"../../../Engine/Plugins/Runtime/OpenXR/Content/Devices/OculusTouch_v3/Right/right_OculusTouch_v3Controller.uasset" 961
"../../../Engine/Plugins/Runtime/OpenXR/Content/Devices/OculusTouch_v3/Right/right_OculusTouch_v3Controller.uexp" 962
"../../../Engine/Plugins/Runtime/OpenXR/Content/Devices/OculusTouch_v3/Left/left_OculusTouch_v3Controller.ubulk" 963
"../../../Engine/Plugins/Runtime/OpenXR/Content/Devices/OculusTouch_v3/Left/left_OculusTouch_v3Controller.uasset" 964
"../../../Engine/Plugins/Runtime/OpenXR/Content/Devices/OculusTouch_v3/Left/left_OculusTouch_v3Controller.uexp" 965
"../../../Engine/Plugins/Runtime/OpenXR/Content/Devices/OculusTouch_v2/MRTexture.ubulk" 966
"../../../Engine/Plugins/Runtime/OpenXR/Content/Devices/OculusTouch_v2/MRTexture.uasset" 967
"../../../Engine/Plugins/Runtime/OpenXR/Content/Devices/OculusTouch_v2/MRTexture.uexp" 968
"../../../Engine/Plugins/Runtime/OpenXR/Content/Devices/OculusTouch_v2/BaseTexture.ubulk" 969
"../../../Engine/Plugins/Runtime/OpenXR/Content/Devices/OculusTouch_v2/BaseTexture.uasset" 970
"../../../Engine/Plugins/Runtime/OpenXR/Content/Devices/OculusTouch_v2/BaseTexture.uexp" 971
"../../../Engine/Plugins/Runtime/OpenXR/Content/Devices/OculusTouch_v2/MI_OculusTouch_v2.uasset" 972
"../../../Engine/Plugins/Runtime/OpenXR/Content/Devices/OculusTouch_v2/MI_OculusTouch_v2.uexp" 973
"../../../Engine/Plugins/Runtime/OpenXR/Content/Devices/OculusTouch_v2/Right/right_OculusTouch_v2Controller.ubulk" 974
"../../../Engine/Plugins/Runtime/OpenXR/Content/Devices/OculusTouch_v2/Right/right_OculusTouch_v2Controller.uasset" 975
"../../../Engine/Plugins/Runtime/OpenXR/Content/Devices/OculusTouch_v2/Right/right_OculusTouch_v2Controller.uexp" 976
"../../../Engine/Plugins/Runtime/OpenXR/Content/Devices/OculusTouch_v2/Left/left_OculusTouch_v2Controller.ubulk" 977
"../../../Engine/Plugins/Runtime/OpenXR/Content/Devices/OculusTouch_v2/Left/left_OculusTouch_v2Controller.uasset" 978
"../../../Engine/Plugins/Runtime/OpenXR/Content/Devices/OculusTouch_v2/Left/left_OculusTouch_v2Controller.uexp" 979
"../../../Engine/Plugins/Runtime/OpenXR/Content/Devices/OculusTouch/MRTexture.ubulk" 980
"../../../Engine/Plugins/Runtime/OpenXR/Content/Devices/OculusTouch/MRTexture.uasset" 981
"../../../Engine/Plugins/Runtime/OpenXR/Content/Devices/OculusTouch/MRTexture.uexp" 982
"../../../Engine/Plugins/Runtime/OpenXR/Content/Devices/OculusTouch/BaseTexture.ubulk" 983
"../../../Engine/Plugins/Runtime/OpenXR/Content/Devices/OculusTouch/BaseTexture.uasset" 984
"../../../Engine/Plugins/Runtime/OpenXR/Content/Devices/OculusTouch/BaseTexture.uexp" 985
"../../../Engine/Plugins/Runtime/OpenXR/Content/Devices/OculusTouch/MI_OculusTouch.uasset" 986
"../../../Engine/Plugins/Runtime/OpenXR/Content/Devices/OculusTouch/MI_OculusTouch.uexp" 987
"../../../Engine/Plugins/Runtime/OpenXR/Content/Devices/OculusTouch/Right/right_OculusTouchController.ubulk" 988
"../../../Engine/Plugins/Runtime/OpenXR/Content/Devices/OculusTouch/Right/right_OculusTouchController.uasset" 989
"../../../Engine/Plugins/Runtime/OpenXR/Content/Devices/OculusTouch/Right/right_OculusTouchController.uexp" 990
"../../../Engine/Plugins/Runtime/OpenXR/Content/Devices/OculusTouch/Left/left_OculusTouchController.ubulk" 991
"../../../Engine/Plugins/Runtime/OpenXR/Content/Devices/OculusTouch/Left/left_OculusTouchController.uasset" 992
"../../../Engine/Plugins/Runtime/OpenXR/Content/Devices/OculusTouch/Left/left_OculusTouchController.uexp" 993
"../../../Engine/Plugins/Runtime/OpenXR/Content/Devices/MicrosoftMixedReality/NormalTexture.ubulk" 994
"../../../Engine/Plugins/Runtime/OpenXR/Content/Devices/MicrosoftMixedReality/NormalTexture.uasset" 995
"../../../Engine/Plugins/Runtime/OpenXR/Content/Devices/MicrosoftMixedReality/NormalTexture.uexp" 996
"../../../Engine/Plugins/Runtime/OpenXR/Content/Devices/MicrosoftMixedReality/MRTexture.ubulk" 997
"../../../Engine/Plugins/Runtime/OpenXR/Content/Devices/MicrosoftMixedReality/MRTexture.uasset" 998
"../../../Engine/Plugins/Runtime/OpenXR/Content/Devices/MicrosoftMixedReality/MRTexture.uexp" 999
"../../../Engine/Plugins/Runtime/OpenXR/Content/Devices/MicrosoftMixedReality/BaseTexture.ubulk" 1000
"../../../Engine/Plugins/Runtime/OpenXR/Content/Devices/MicrosoftMixedReality/BaseTexture.uasset" 1001
"../../../Engine/Plugins/Runtime/OpenXR/Content/Devices/MicrosoftMixedReality/BaseTexture.uexp" 1002
"../../../Engine/Plugins/Runtime/OpenXR/Content/Devices/MicrosoftMixedReality/EmissiveTexture.ubulk" 1003
"../../../Engine/Plugins/Runtime/OpenXR/Content/Devices/MicrosoftMixedReality/EmissiveTexture.uasset" 1004
"../../../Engine/Plugins/Runtime/OpenXR/Content/Devices/MicrosoftMixedReality/EmissiveTexture.uexp" 1005
"../../../Engine/Plugins/Runtime/OpenXR/Content/Devices/MicrosoftMixedReality/MI_MicrosoftMixedReality.uasset" 1006
"../../../Engine/Plugins/Runtime/OpenXR/Content/Devices/MicrosoftMixedReality/MI_MicrosoftMixedReality.uexp" 1007
"../../../Engine/Plugins/Runtime/OpenXR/Content/Devices/MicrosoftMixedReality/Right/right_MicrosoftMixedRealityController.ubulk" 1008
"../../../Engine/Plugins/Runtime/OpenXR/Content/Devices/MicrosoftMixedReality/Right/right_MicrosoftMixedRealityController.uasset" 1009
"../../../Engine/Plugins/Runtime/OpenXR/Content/Devices/MicrosoftMixedReality/Right/right_MicrosoftMixedRealityController.uexp" 1010
"../../../Engine/Plugins/Runtime/OpenXR/Content/Devices/MicrosoftMixedReality/Left/left_MicrosoftMixedRealityController.ubulk" 1011
"../../../Engine/Plugins/Runtime/OpenXR/Content/Devices/MicrosoftMixedReality/Left/left_MicrosoftMixedRealityController.uasset" 1012
"../../../Engine/Plugins/Runtime/OpenXR/Content/Devices/MicrosoftMixedReality/Left/left_MicrosoftMixedRealityController.uexp" 1013
"../../../Engine/Content/EngineMaterials/Substrate/GLints/AGlintTex2dArray.uasset" 1014
"../../../Engine/Content/EngineMaterials/Substrate/GLints/AGlintTex2dArray.uexp" 1015
"../../../Engine/Content/VREditor/TransformGizmo/TranslucentTransformGizmoMaterial_Inst.uasset" 1016
"../../../Engine/Content/VREditor/TransformGizmo/TranslucentTransformGizmoMaterial_Inst.uexp" 1017
"../../../Engine/Content/VREditor/Sounds/UI/Drop_Item_From_ContentBrowser.ubulk" 1018
"../../../Engine/Content/VREditor/Sounds/UI/Drop_Item_From_ContentBrowser.uasset" 1019
"../../../Engine/Content/VREditor/Sounds/UI/Drop_Item_From_ContentBrowser.uexp" 1020
"../../../Engine/Content/VREditor/TransformGizmo/TransformGizmoMaterial_Inst.uasset" 1021
"../../../Engine/Content/VREditor/TransformGizmo/TransformGizmoMaterial_Inst.uexp" 1022
"../../../Engine/Content/VREditor/TransformGizmo/UniformScaleHandle.ubulk" 1023
"../../../Engine/Content/VREditor/TransformGizmo/UniformScaleHandle.uasset" 1024
"../../../Engine/Content/VREditor/TransformGizmo/UniformScaleHandle.uexp" 1025
"../../../Engine/Content/Functions/Engine_MaterialFunctions02/SplitComponents.uasset" 1026
"../../../Engine/Content/Functions/Engine_MaterialFunctions02/SplitComponents.uexp" 1027
"../../../Engine/Content/VREditor/SnapGrid/SnapGridMaterial.uasset" 1028
"../../../Engine/Content/VREditor/SnapGrid/SnapGridMaterial.uexp" 1029
"../../../Engine/Content/VREditor/SnapGrid/SnapGridPlaneMesh.ubulk" 1030
"../../../Engine/Content/VREditor/SnapGrid/SnapGridPlaneMesh.uasset" 1031
"../../../Engine/Content/VREditor/SnapGrid/SnapGridPlaneMesh.uexp" 1032
"../../../Engine/Content/VREditor/Sounds/UI/Gizmo_Handle_Clicked.ubulk" 1033
"../../../Engine/Content/VREditor/Sounds/UI/Gizmo_Handle_Clicked.uasset" 1034
"../../../Engine/Content/VREditor/Sounds/UI/Gizmo_Handle_Clicked.uexp" 1035
"../../../Engine/Content/VREditor/Sounds/UI/Object_PickUp.ubulk" 1036
"../../../Engine/Content/VREditor/Sounds/UI/Object_PickUp.uasset" 1037
"../../../Engine/Content/VREditor/Sounds/UI/Object_PickUp.uexp" 1038
"../../../Engine/Content/VREditor/Sounds/UI/Object_Snaps_To_Another_Actor.ubulk" 1039
"../../../Engine/Content/VREditor/Sounds/UI/Object_Snaps_To_Another_Actor.uasset" 1040
"../../../Engine/Content/VREditor/Sounds/UI/Object_Snaps_To_Another_Actor.uexp" 1041
"../../../Engine/Content/VREditor/Sounds/UI/Object_Snaps_To_Grid.ubulk" 1042
"../../../Engine/Content/VREditor/Sounds/UI/Object_Snaps_To_Grid.uasset" 1043
"../../../Engine/Content/VREditor/Sounds/UI/Object_Snaps_To_Grid.uexp" 1044
"../../../Engine/Content/VREditor/Sounds/UI/Scaling_Down.ubulk" 1045
"../../../Engine/Content/VREditor/Sounds/UI/Scaling_Down.uasset" 1046
"../../../Engine/Content/VREditor/Sounds/UI/Scaling_Down.uexp" 1047
"../../../Engine/Content/VREditor/Sounds/UI/Scaling_Up.ubulk" 1048
"../../../Engine/Content/VREditor/Sounds/UI/Scaling_Up.uasset" 1049
"../../../Engine/Content/VREditor/Sounds/UI/Scaling_Up.uexp" 1050
"../../../Engine/Content/VREditor/Sounds/UI/Selection_Changes.ubulk" 1051
"../../../Engine/Content/VREditor/Sounds/UI/Selection_Changes.uasset" 1052
"../../../Engine/Content/VREditor/Sounds/UI/Selection_Changes.uexp" 1053
"../../../Engine/Content/VREditor/TransformGizmo/PlaneTranslationHandle.ubulk" 1054
"../../../Engine/Content/VREditor/TransformGizmo/PlaneTranslationHandle.uasset" 1055
"../../../Engine/Content/VREditor/TransformGizmo/PlaneTranslationHandle.uexp" 1056
"../../../Engine/Content/VREditor/TransformGizmo/RotationHandleFull.ubulk" 1057
"../../../Engine/Content/VREditor/TransformGizmo/RotationHandleFull.uasset" 1058
"../../../Engine/Content/VREditor/TransformGizmo/RotationHandleFull.uexp" 1059
"../../../Engine/Content/VREditor/TransformGizmo/RotationHandleIndicator.ubulk" 1060
"../../../Engine/Content/VREditor/TransformGizmo/RotationHandleIndicator.uasset" 1061
"../../../Engine/Content/VREditor/TransformGizmo/RotationHandleIndicator.uexp" 1062
"../../../Engine/Content/VREditor/TransformGizmo/RotationHandleQuarter.ubulk" 1063
"../../../Engine/Content/VREditor/TransformGizmo/RotationHandleQuarter.uasset" 1064
"../../../Engine/Content/VREditor/TransformGizmo/RotationHandleQuarter.uexp" 1065
"../../../Engine/Content/VREditor/TransformGizmo/StartRotationHandleIndicator.ubulk" 1066
"../../../Engine/Content/VREditor/TransformGizmo/StartRotationHandleIndicator.uasset" 1067
"../../../Engine/Content/VREditor/TransformGizmo/StartRotationHandleIndicator.uexp" 1068
"../../../Engine/Content/VREditor/TransformGizmo/TransformGizmoFreeRotation.ubulk" 1069
"../../../Engine/Content/VREditor/TransformGizmo/TransformGizmoFreeRotation.uasset" 1070
"../../../Engine/Content/VREditor/TransformGizmo/TransformGizmoFreeRotation.uexp" 1071
"../../../Engine/Content/VREditor/TransformGizmo/TranslateArrowHandle.ubulk" 1072
"../../../Engine/Content/VREditor/TransformGizmo/TranslateArrowHandle.uasset" 1073
"../../../Engine/Content/VREditor/TransformGizmo/TranslateArrowHandle.uexp" 1074
"../../../Engine/Plugins/Animation/DeformerGraph/Content/DeformerFunctions/DG_Function_LinearBlendSkin_Morph_Cloth.uasset" 1075
"../../../Engine/Plugins/Animation/DeformerGraph/Content/DeformerFunctions/DG_Function_LinearBlendSkin_Morph_Cloth.uexp" 1076
"../../../Engine/Plugins/Animation/DeformerGraph/Content/Deformers/DG_LinearBlendSkin_Morph_Cloth.uasset" 1077
"../../../Engine/Plugins/Animation/DeformerGraph/Content/Deformers/DG_LinearBlendSkin_Morph_Cloth.uexp" 1078
"../../../Engine/Plugins/Animation/DeformerGraph/Content/DeformerFunctions/DG_Function_LinearBlendSkin_Morph_Cloth_PositionOnly.uasset" 1079
"../../../Engine/Plugins/Animation/DeformerGraph/Content/DeformerFunctions/DG_Function_LinearBlendSkin_Morph_Cloth_PositionOnly.uexp" 1080
"../../../Engine/Plugins/Animation/DeformerGraph/Content/DeformerFunctions/DG_Function_ComputeNormalsTangents.uasset" 1081
"../../../Engine/Plugins/Animation/DeformerGraph/Content/DeformerFunctions/DG_Function_ComputeNormalsTangents.uexp" 1082
"../../../Engine/Plugins/Animation/DeformerGraph/Content/Deformers/DG_LinearBlendSkin_Morph_Cloth_RecomputeNormals.uasset" 1083
"../../../Engine/Plugins/Animation/DeformerGraph/Content/Deformers/DG_LinearBlendSkin_Morph_Cloth_RecomputeNormals.uexp" 1084
"../../../Engine/Content/BasicShapes/Sphere.ubulk" 1085
"../../../Engine/Content/BasicShapes/Sphere.uasset" 1086
"../../../Engine/Content/BasicShapes/Sphere.uexp" 1087
"../../../Engine/Content/EditorBlueprintResources/StandardMacros.uasset" 1088
"../../../Engine/Content/EditorBlueprintResources/StandardMacros.uexp" 1089
"../../../Engine/Content/EngineSky/T_Sky_Stars.ubulk" 1090
"../../../Engine/Content/EngineSky/T_Sky_Stars.uasset" 1091
"../../../Engine/Content/EngineSky/T_Sky_Stars.uexp" 1092
"../../../Engine/Content/EngineSky/T_Sky_Clouds_M.ubulk" 1093
"../../../Engine/Content/EngineSky/T_Sky_Clouds_M.uasset" 1094
"../../../Engine/Content/EngineSky/T_Sky_Clouds_M.uexp" 1095
"../../../Engine/Content/EngineSky/T_Sky_Blue.ubulk" 1096
"../../../Engine/Content/EngineSky/T_Sky_Blue.uasset" 1097
"../../../Engine/Content/EngineSky/T_Sky_Blue.uexp" 1098
"../../../Engine/Content/EngineSky/M_Sky_Panning_Clouds2.uasset" 1099
"../../../Engine/Content/EngineSky/M_Sky_Panning_Clouds2.uexp" 1100
"../../../Engine/Content/EngineSky/SM_SkySphere.ubulk" 1101
"../../../Engine/Content/EngineSky/SM_SkySphere.uasset" 1102
"../../../Engine/Content/EngineSky/SM_SkySphere.uexp" 1103
"../../../Engine/Content/EngineSky/C_Sky_Zenith_Color.uasset" 1104
"../../../Engine/Content/EngineSky/C_Sky_Zenith_Color.uexp" 1105
"../../../Engine/Content/EngineSky/C_Sky_Horizon_Color.uasset" 1106
"../../../Engine/Content/EngineSky/C_Sky_Horizon_Color.uexp" 1107
"../../../Engine/Content/EngineSky/C_Sky_Cloud_Color.uasset" 1108
"../../../Engine/Content/EngineSky/C_Sky_Cloud_Color.uexp" 1109
"../../../Engine/Content/EngineSky/BP_Sky_Sphere.uasset" 1110
"../../../Engine/Content/EngineSky/BP_Sky_Sphere.uexp" 1111
"../../../Engine/Content/BasicShapes/BasicShapeMaterial.uasset" 1112
"../../../Engine/Content/BasicShapes/BasicShapeMaterial.uexp" 1113
"../../../Engine/Content/EditorResources/MatineeCam_D.uasset" 1114
"../../../Engine/Content/EditorResources/MatineeCam_D.uexp" 1115
"../../../Engine/Content/EditorMaterials/MatineeCam_mat.uasset" 1116
"../../../Engine/Content/EditorMaterials/MatineeCam_mat.uexp" 1117
"../../../Engine/Content/EditorMeshes/MatineeCam_SM.ubulk" 1118
"../../../Engine/Content/EditorMeshes/MatineeCam_SM.uasset" 1119
"../../../Engine/Content/EditorMeshes/MatineeCam_SM.uexp" 1120
"C:/Users/Rjrie/Unreal Projects/JR_PRJ4/Content/VRSpectator/RT_VRSpectator.uasset" 1121
"C:/Users/Rjrie/Unreal Projects/JR_PRJ4/Content/VRSpectator/RT_VRSpectator.uexp" 1122
"C:/Users/Rjrie/Unreal Projects/JR_PRJ4/Content/VRSpectator/EVRSpectatorMode.uasset" 1123
"C:/Users/Rjrie/Unreal Projects/JR_PRJ4/Content/VRSpectator/EVRSpectatorMode.uexp" 1124
"C:/Users/Rjrie/Unreal Projects/JR_PRJ4/Content/VRSpectator/Input/Actions/IA_VRSpectator_FadeInOut.uasset" 1125
"C:/Users/Rjrie/Unreal Projects/JR_PRJ4/Content/VRSpectator/Input/Actions/IA_VRSpectator_FadeInOut.uexp" 1126
"C:/Users/Rjrie/Unreal Projects/JR_PRJ4/Content/VRSpectator/Input/Actions/IA_VRSpectator_FOV.uasset" 1127
"C:/Users/Rjrie/Unreal Projects/JR_PRJ4/Content/VRSpectator/Input/Actions/IA_VRSpectator_FOV.uexp" 1128
"C:/Users/Rjrie/Unreal Projects/JR_PRJ4/Content/VRSpectator/Input/Actions/IA_VRSpectator_FOV_Reset.uasset" 1129
"C:/Users/Rjrie/Unreal Projects/JR_PRJ4/Content/VRSpectator/Input/Actions/IA_VRSpectator_FOV_Reset.uexp" 1130
"C:/Users/Rjrie/Unreal Projects/JR_PRJ4/Content/VRSpectator/Input/Actions/IA_VRSpectator_Look.uasset" 1131
"C:/Users/Rjrie/Unreal Projects/JR_PRJ4/Content/VRSpectator/Input/Actions/IA_VRSpectator_Look.uexp" 1132
"C:/Users/Rjrie/Unreal Projects/JR_PRJ4/Content/VRSpectator/Input/Actions/IA_VRSpectator_Move.uasset" 1133
"C:/Users/Rjrie/Unreal Projects/JR_PRJ4/Content/VRSpectator/Input/Actions/IA_VRSpectator_Move.uexp" 1134
"C:/Users/Rjrie/Unreal Projects/JR_PRJ4/Content/VRSpectator/Input/Actions/IA_VRSpectator_ResetRotation.uasset" 1135
"C:/Users/Rjrie/Unreal Projects/JR_PRJ4/Content/VRSpectator/Input/Actions/IA_VRSpectator_ResetRotation.uexp" 1136
"C:/Users/Rjrie/Unreal Projects/JR_PRJ4/Content/VRSpectator/Input/Actions/IA_VRSpectator_Toggle.uasset" 1137
"C:/Users/Rjrie/Unreal Projects/JR_PRJ4/Content/VRSpectator/Input/Actions/IA_VRSpectator_Toggle.uexp" 1138
"C:/Users/Rjrie/Unreal Projects/JR_PRJ4/Content/VRSpectator/Input/IMC_VRSpectator.uasset" 1139
"C:/Users/Rjrie/Unreal Projects/JR_PRJ4/Content/VRSpectator/Input/IMC_VRSpectator.uexp" 1140
"C:/Users/Rjrie/Unreal Projects/JR_PRJ4/Content/VRSpectator/VRSpectator.uasset" 1141
"C:/Users/Rjrie/Unreal Projects/JR_PRJ4/Content/VRSpectator/VRSpectator.uexp" 1142
"C:/Users/Rjrie/Unreal Projects/JR_PRJ4/Content/SoundEffects/freesound_community-success-1-6297.ubulk" 1143
"C:/Users/Rjrie/Unreal Projects/JR_PRJ4/Content/SoundEffects/freesound_community-success-1-6297.uasset" 1144
"C:/Users/Rjrie/Unreal Projects/JR_PRJ4/Content/SoundEffects/freesound_community-success-1-6297.uexp" 1145
"C:/Users/Rjrie/Unreal Projects/JR_PRJ4/Content/SoundEffects/11325622-orchestra-hit-240475.ubulk" 1146
"C:/Users/Rjrie/Unreal Projects/JR_PRJ4/Content/SoundEffects/11325622-orchestra-hit-240475.uasset" 1147
"C:/Users/Rjrie/Unreal Projects/JR_PRJ4/Content/SoundEffects/11325622-orchestra-hit-240475.uexp" 1148
"C:/Users/Rjrie/Unreal Projects/JR_PRJ4/Content/LevelPrototyping/Materials/M_FlatCol.uasset" 1149
"C:/Users/Rjrie/Unreal Projects/JR_PRJ4/Content/LevelPrototyping/Materials/M_FlatCol.uexp" 1150
"C:/Users/Rjrie/Unreal Projects/JR_PRJ4/Content/LevelPrototyping/Materials/MI_DefaultColorway.uasset" 1151
"C:/Users/Rjrie/Unreal Projects/JR_PRJ4/Content/LevelPrototyping/Materials/MI_DefaultColorway.uexp" 1152
"C:/Users/Rjrie/Unreal Projects/JR_PRJ4/Content/VRTemplate/Materials/MI_VRColorway.uasset" 1153
"C:/Users/Rjrie/Unreal Projects/JR_PRJ4/Content/VRTemplate/Materials/MI_VRColorway.uexp" 1154
"C:/Users/Rjrie/Unreal Projects/JR_PRJ4/Content/VRTemplate/Textures/T_Grid.ubulk" 1155
"C:/Users/Rjrie/Unreal Projects/JR_PRJ4/Content/VRTemplate/Textures/T_Grid.uasset" 1156
"C:/Users/Rjrie/Unreal Projects/JR_PRJ4/Content/VRTemplate/Textures/T_Grid.uexp" 1157
"../../../Engine/Content/Functions/Engine_MaterialFunctions02/Utility/AppendMany.uasset" 1158
"../../../Engine/Content/Functions/Engine_MaterialFunctions02/Utility/AppendMany.uexp" 1159
"../../../Engine/Content/Functions/Engine_MaterialFunctions01/Gradient/LinearGradient.uasset" 1160
"../../../Engine/Content/Functions/Engine_MaterialFunctions01/Gradient/LinearGradient.uexp" 1161
"../../../Engine/Content/Functions/Engine_MaterialFunctions01/ImageAdjustment/CheapContrast.uasset" 1162
"../../../Engine/Content/Functions/Engine_MaterialFunctions01/ImageAdjustment/CheapContrast.uexp" 1163
"../../../Engine/Content/Functions/Engine_MaterialFunctions01/Texturing/WorldAlignedTexture.uasset" 1164
"../../../Engine/Content/Functions/Engine_MaterialFunctions01/Texturing/WorldAlignedTexture.uexp" 1165
"C:/Users/Rjrie/Unreal Projects/JR_PRJ4/Content/VRTemplate/Materials/M_GridRotation.uasset" 1166
"C:/Users/Rjrie/Unreal Projects/JR_PRJ4/Content/VRTemplate/Materials/M_GridRotation.uexp" 1167
"C:/Users/Rjrie/Unreal Projects/JR_PRJ4/Content/VRTemplate/Materials/MI_Grid_Default.uasset" 1168
"C:/Users/Rjrie/Unreal Projects/JR_PRJ4/Content/VRTemplate/Materials/MI_Grid_Default.uexp" 1169
"C:/Users/Rjrie/Unreal Projects/JR_PRJ4/Content/VRTemplate/Materials/MI_Grid_Accent.uasset" 1170
"C:/Users/Rjrie/Unreal Projects/JR_PRJ4/Content/VRTemplate/Materials/MI_Grid_Accent.uexp" 1171
"C:/Users/Rjrie/Unreal Projects/JR_PRJ4/Content/VRTemplate/Maps/VRTemplateMap_BuiltData.ubulk" 1172
"C:/Users/Rjrie/Unreal Projects/JR_PRJ4/Content/VRTemplate/Maps/VRTemplateMap_BuiltData.uasset" 1173
"C:/Users/Rjrie/Unreal Projects/JR_PRJ4/Content/VRTemplate/Maps/VRTemplateMap_BuiltData.uexp" 1174
"../../../Engine/Content/VREditor/Devices/Generic/GenericHMDMaterial.uasset" 1175
"../../../Engine/Content/VREditor/Devices/Generic/GenericHMDMaterial.uexp" 1176
"../../../Engine/Content/VREditor/Devices/Generic/GenericHMD.ubulk" 1177
"../../../Engine/Content/VREditor/Devices/Generic/GenericHMD.uasset" 1178
"../../../Engine/Content/VREditor/Devices/Generic/GenericHMD.uexp" 1179
"C:/Users/Rjrie/Unreal Projects/JR_PRJ4/Content/VRTemplate/VFX/NPC_VRTemplate.uasset" 1180
"C:/Users/Rjrie/Unreal Projects/JR_PRJ4/Content/VRTemplate/VFX/NPC_VRTemplate.uexp" 1181
"C:/Users/Rjrie/Unreal Projects/JR_PRJ4/Content/VRTemplate/Materials/DefaultRibbonMaterial_NoGradient.uasset" 1182
"C:/Users/Rjrie/Unreal Projects/JR_PRJ4/Content/VRTemplate/Materials/DefaultRibbonMaterial_NoGradient.uexp" 1183
"C:/Users/Rjrie/Unreal Projects/JR_PRJ4/Content/VRTemplate/VFX/NS_TeleportTrace.uasset" 1184
"C:/Users/Rjrie/Unreal Projects/JR_PRJ4/Content/VRTemplate/VFX/NS_TeleportTrace.uexp" 1185
"C:/Users/Rjrie/Unreal Projects/JR_PRJ4/Content/VRTemplate/Haptics/GrabHapticEffect.uasset" 1186
"C:/Users/Rjrie/Unreal Projects/JR_PRJ4/Content/VRTemplate/Haptics/GrabHapticEffect.uexp" 1187
"C:/Users/Rjrie/Unreal Projects/JR_PRJ4/Content/VRTemplate/Blueprints/GrabType.uasset" 1188
"C:/Users/Rjrie/Unreal Projects/JR_PRJ4/Content/VRTemplate/Blueprints/GrabType.uexp" 1189
"C:/Users/Rjrie/Unreal Projects/JR_PRJ4/Content/VRTemplate/Blueprints/GrabComponent.uasset" 1190
"C:/Users/Rjrie/Unreal Projects/JR_PRJ4/Content/VRTemplate/Blueprints/GrabComponent.uexp" 1191
"C:/Users/Rjrie/Unreal Projects/JR_PRJ4/Content/VRTemplate/Input/Actions/Hands/IA_Hand_Grasp_Left.uasset" 1192
"C:/Users/Rjrie/Unreal Projects/JR_PRJ4/Content/VRTemplate/Input/Actions/Hands/IA_Hand_Grasp_Left.uexp" 1193
"C:/Users/Rjrie/Unreal Projects/JR_PRJ4/Content/VRTemplate/Input/Actions/Hands/IA_Hand_Grasp_Right.uasset" 1194
"C:/Users/Rjrie/Unreal Projects/JR_PRJ4/Content/VRTemplate/Input/Actions/Hands/IA_Hand_Grasp_Right.uexp" 1195
"C:/Users/Rjrie/Unreal Projects/JR_PRJ4/Content/VRTemplate/Input/Actions/Hands/IA_Hand_IndexCurl_Left.uasset" 1196
"C:/Users/Rjrie/Unreal Projects/JR_PRJ4/Content/VRTemplate/Input/Actions/Hands/IA_Hand_IndexCurl_Left.uexp" 1197
"C:/Users/Rjrie/Unreal Projects/JR_PRJ4/Content/VRTemplate/Input/Actions/Hands/IA_Hand_IndexCurl_Right.uasset" 1198
"C:/Users/Rjrie/Unreal Projects/JR_PRJ4/Content/VRTemplate/Input/Actions/Hands/IA_Hand_IndexCurl_Right.uexp" 1199
"C:/Users/Rjrie/Unreal Projects/JR_PRJ4/Content/VRTemplate/Input/Actions/Hands/IA_Hand_Point_Left.uasset" 1200
"C:/Users/Rjrie/Unreal Projects/JR_PRJ4/Content/VRTemplate/Input/Actions/Hands/IA_Hand_Point_Left.uexp" 1201
"C:/Users/Rjrie/Unreal Projects/JR_PRJ4/Content/VRTemplate/Input/Actions/Hands/IA_Hand_Point_Right.uasset" 1202
"C:/Users/Rjrie/Unreal Projects/JR_PRJ4/Content/VRTemplate/Input/Actions/Hands/IA_Hand_Point_Right.uexp" 1203
"C:/Users/Rjrie/Unreal Projects/JR_PRJ4/Content/VRTemplate/Input/Actions/Hands/IA_Hand_ThumbUp_Left.uasset" 1204
"C:/Users/Rjrie/Unreal Projects/JR_PRJ4/Content/VRTemplate/Input/Actions/Hands/IA_Hand_ThumbUp_Left.uexp" 1205
"C:/Users/Rjrie/Unreal Projects/JR_PRJ4/Content/VRTemplate/Input/Actions/Hands/IA_Hand_ThumbUp_Right.uasset" 1206
"C:/Users/Rjrie/Unreal Projects/JR_PRJ4/Content/VRTemplate/Input/Actions/Hands/IA_Hand_ThumbUp_Right.uexp" 1207
"C:/Users/Rjrie/Unreal Projects/JR_PRJ4/Content/VRTemplate/Input/IMC_Hands.uasset" 1208
"C:/Users/Rjrie/Unreal Projects/JR_PRJ4/Content/VRTemplate/Input/IMC_Hands.uexp" 1209
"C:/Users/Rjrie/Unreal Projects/JR_PRJ4/Content/VRTemplate/Input/Actions/IA_Grab_Left_Pressed.uasset" 1210
"C:/Users/Rjrie/Unreal Projects/JR_PRJ4/Content/VRTemplate/Input/Actions/IA_Grab_Left_Pressed.uexp" 1211
"C:/Users/Rjrie/Unreal Projects/JR_PRJ4/Content/VRTemplate/Input/Actions/IA_Grab_Left_Released.uasset" 1212
"C:/Users/Rjrie/Unreal Projects/JR_PRJ4/Content/VRTemplate/Input/Actions/IA_Grab_Left_Released.uexp" 1213
"C:/Users/Rjrie/Unreal Projects/JR_PRJ4/Content/VRTemplate/Input/Actions/IA_Grab_Right_Pressed.uasset" 1214
"C:/Users/Rjrie/Unreal Projects/JR_PRJ4/Content/VRTemplate/Input/Actions/IA_Grab_Right_Pressed.uexp" 1215
"C:/Users/Rjrie/Unreal Projects/JR_PRJ4/Content/VRTemplate/Input/Actions/IA_Grab_Right_Released.uasset" 1216
"C:/Users/Rjrie/Unreal Projects/JR_PRJ4/Content/VRTemplate/Input/Actions/IA_Grab_Right_Released.uexp" 1217
"C:/Users/Rjrie/Unreal Projects/JR_PRJ4/Content/VRTemplate/Input/Actions/IA_Menu_Toggle_Left.uasset" 1218
"C:/Users/Rjrie/Unreal Projects/JR_PRJ4/Content/VRTemplate/Input/Actions/IA_Menu_Toggle_Left.uexp" 1219
"C:/Users/Rjrie/Unreal Projects/JR_PRJ4/Content/VRTemplate/Input/Actions/IA_Menu_Toggle_Right.uasset" 1220
"C:/Users/Rjrie/Unreal Projects/JR_PRJ4/Content/VRTemplate/Input/Actions/IA_Menu_Toggle_Right.uexp" 1221
"C:/Users/Rjrie/Unreal Projects/JR_PRJ4/Content/VRTemplate/Input/B_InputModifier_XAxisPositiveOnly.uasset" 1222
"C:/Users/Rjrie/Unreal Projects/JR_PRJ4/Content/VRTemplate/Input/B_InputModifier_XAxisPositiveOnly.uexp" 1223
"C:/Users/Rjrie/Unreal Projects/JR_PRJ4/Content/VRTemplate/Input/Actions/IA_Move.uasset" 1224
"C:/Users/Rjrie/Unreal Projects/JR_PRJ4/Content/VRTemplate/Input/Actions/IA_Move.uexp" 1225
"C:/Users/Rjrie/Unreal Projects/JR_PRJ4/Content/VRTemplate/Input/Actions/IA_Turn.uasset" 1226
"C:/Users/Rjrie/Unreal Projects/JR_PRJ4/Content/VRTemplate/Input/Actions/IA_Turn.uexp" 1227
"C:/Users/Rjrie/Unreal Projects/JR_PRJ4/Content/VRTemplate/Input/IMC_Default.uasset" 1228
"C:/Users/Rjrie/Unreal Projects/JR_PRJ4/Content/VRTemplate/Input/IMC_Default.uexp" 1229
"../../../Engine/Content/BasicShapes/Cylinder.ubulk" 1230
"../../../Engine/Content/BasicShapes/Cylinder.uasset" 1231
"../../../Engine/Content/BasicShapes/Cylinder.uexp" 1232
"../../../Engine/Content/Functions/Engine_MaterialFunctions02/Utility/DepthFromWorldPosition.uasset" 1233
"../../../Engine/Content/Functions/Engine_MaterialFunctions02/Utility/DepthFromWorldPosition.uexp" 1234
"C:/Users/Rjrie/Unreal Projects/JR_PRJ4/Content/VRTemplate/Materials/Functions/MF_OccludedPixels.uasset" 1235
"C:/Users/Rjrie/Unreal Projects/JR_PRJ4/Content/VRTemplate/Materials/Functions/MF_OccludedPixels.uexp" 1236
"C:/Users/Rjrie/Unreal Projects/JR_PRJ4/Content/VRTemplate/Materials/M_TeleportNoise.uasset" 1237
"C:/Users/Rjrie/Unreal Projects/JR_PRJ4/Content/VRTemplate/Materials/M_TeleportNoise.uexp" 1238
"C:/Users/Rjrie/Unreal Projects/JR_PRJ4/Content/VRTemplate/Materials/M_TeleportCylinder.uasset" 1239
"C:/Users/Rjrie/Unreal Projects/JR_PRJ4/Content/VRTemplate/Materials/M_TeleportCylinder.uexp" 1240
"C:/Users/Rjrie/Unreal Projects/JR_PRJ4/Content/VRTemplate/VFX/NS_TeleportRing.uasset" 1241
"C:/Users/Rjrie/Unreal Projects/JR_PRJ4/Content/VRTemplate/VFX/NS_TeleportRing.uexp" 1242
"C:/Users/Rjrie/Unreal Projects/JR_PRJ4/Content/VRTemplate/VFX/NS_PlayAreaBounds.uasset" 1243
"C:/Users/Rjrie/Unreal Projects/JR_PRJ4/Content/VRTemplate/VFX/NS_PlayAreaBounds.uexp" 1244
"C:/Users/Rjrie/Unreal Projects/JR_PRJ4/Content/VRTemplate/Blueprints/VRTeleportVisualizer.uasset" 1245
"C:/Users/Rjrie/Unreal Projects/JR_PRJ4/Content/VRTemplate/Blueprints/VRTeleportVisualizer.uexp" 1246
"C:/Users/Rjrie/Unreal Projects/JR_PRJ4/Content/VRTemplate/VFX/NS_MenuLaser.uasset" 1247
"C:/Users/Rjrie/Unreal Projects/JR_PRJ4/Content/VRTemplate/VFX/NS_MenuLaser.uexp" 1248
"C:/Users/Rjrie/Unreal Projects/JR_PRJ4/Content/VRTemplate/Materials/M_VRCursor.uasset" 1249
"C:/Users/Rjrie/Unreal Projects/JR_PRJ4/Content/VRTemplate/Materials/M_VRCursor.uexp" 1250
"C:/Users/Rjrie/Unreal Projects/JR_PRJ4/Content/VRTemplate/Input/Actions/IA_Menu_Cursor_Left.uasset" 1251
"C:/Users/Rjrie/Unreal Projects/JR_PRJ4/Content/VRTemplate/Input/Actions/IA_Menu_Cursor_Left.uexp" 1252
"C:/Users/Rjrie/Unreal Projects/JR_PRJ4/Content/VRTemplate/Input/Actions/IA_Menu_Cursor_Right.uasset" 1253
"C:/Users/Rjrie/Unreal Projects/JR_PRJ4/Content/VRTemplate/Input/Actions/IA_Menu_Cursor_Right.uexp" 1254
"C:/Users/Rjrie/Unreal Projects/JR_PRJ4/Content/VRTemplate/Input/Actions/IA_Menu_Interact_Left_Pressed.uasset" 1255
"C:/Users/Rjrie/Unreal Projects/JR_PRJ4/Content/VRTemplate/Input/Actions/IA_Menu_Interact_Left_Pressed.uexp" 1256
"C:/Users/Rjrie/Unreal Projects/JR_PRJ4/Content/VRTemplate/Input/Actions/IA_Menu_Interact_Right_Pressed.uasset" 1257
"C:/Users/Rjrie/Unreal Projects/JR_PRJ4/Content/VRTemplate/Input/Actions/IA_Menu_Interact_Right_Pressed.uexp" 1258
"C:/Users/Rjrie/Unreal Projects/JR_PRJ4/Content/VRTemplate/Input/IMC_Menu.uasset" 1259
"C:/Users/Rjrie/Unreal Projects/JR_PRJ4/Content/VRTemplate/Input/IMC_Menu.uexp" 1260
"../../../Engine/Content/EditorResources/AI/S_NavLink.uasset" 1261
"../../../Engine/Content/EditorResources/AI/S_NavLink.uexp" 1262
"C:/Users/Rjrie/Unreal Projects/JR_PRJ4/Content/VRTemplate/Blueprints/WidgetMenu.uasset" 1263
"C:/Users/Rjrie/Unreal Projects/JR_PRJ4/Content/VRTemplate/Blueprints/WidgetMenu.uexp" 1264
"C:/Users/Rjrie/Unreal Projects/JR_PRJ4/Content/VRTemplate/Blueprints/Menu.uasset" 1265
"C:/Users/Rjrie/Unreal Projects/JR_PRJ4/Content/VRTemplate/Blueprints/Menu.uexp" 1266
"C:/Users/Rjrie/Unreal Projects/JR_PRJ4/Content/VRTemplate/Blueprints/BPI_PawnAnim.uasset" 1267
"C:/Users/Rjrie/Unreal Projects/JR_PRJ4/Content/VRTemplate/Blueprints/BPI_PawnAnim.uexp" 1268
"C:/Users/Rjrie/Unreal Projects/JR_PRJ4/Content/Characters/MannequinsXR/Meshes/SK_MannequinsXR.uasset" 1269
"C:/Users/Rjrie/Unreal Projects/JR_PRJ4/Content/Characters/MannequinsXR/Meshes/SK_MannequinsXR.uexp" 1270
"C:/Users/Rjrie/Unreal Projects/JR_PRJ4/Content/Characters/MannequinsXR/Animations/MDT_MannequinsXR.uasset" 1271
"C:/Users/Rjrie/Unreal Projects/JR_PRJ4/Content/Characters/MannequinsXR/Animations/MDT_MannequinsXR.uexp" 1272
"../../../Engine/Content/Animation/DefaultRecorderBoneCompression.uasset" 1273
"../../../Engine/Content/Animation/DefaultRecorderBoneCompression.uexp" 1274
"../../../Engine/Content/Animation/DefaultAnimCurveCompressionSettings.uasset" 1275
"../../../Engine/Content/Animation/DefaultAnimCurveCompressionSettings.uexp" 1276
"C:/Users/Rjrie/Unreal Projects/JR_PRJ4/Content/Characters/MannequinsXR/Animations/A_MannequinsXR_ThumbUp_Right.uasset" 1277
"C:/Users/Rjrie/Unreal Projects/JR_PRJ4/Content/Characters/MannequinsXR/Animations/A_MannequinsXR_ThumbUp_Right.m.ubulk" 1278
"C:/Users/Rjrie/Unreal Projects/JR_PRJ4/Content/Characters/MannequinsXR/Animations/A_MannequinsXR_ThumbUp_Right.uexp" 1279
"C:/Users/Rjrie/Unreal Projects/JR_PRJ4/Content/Characters/MannequinsXR/Animations/A_MannequinsXR_Point_Right.uasset" 1280
"C:/Users/Rjrie/Unreal Projects/JR_PRJ4/Content/Characters/MannequinsXR/Animations/A_MannequinsXR_Point_Right.m.ubulk" 1281
"C:/Users/Rjrie/Unreal Projects/JR_PRJ4/Content/Characters/MannequinsXR/Animations/A_MannequinsXR_Point_Right.uexp" 1282
"C:/Users/Rjrie/Unreal Projects/JR_PRJ4/Content/Characters/MannequinsXR/Animations/A_MannequinsXR_IndexCurl_Right.uasset" 1283
"C:/Users/Rjrie/Unreal Projects/JR_PRJ4/Content/Characters/MannequinsXR/Animations/A_MannequinsXR_IndexCurl_Right.m.ubulk" 1284
"C:/Users/Rjrie/Unreal Projects/JR_PRJ4/Content/Characters/MannequinsXR/Animations/A_MannequinsXR_IndexCurl_Right.uexp" 1285
"C:/Users/Rjrie/Unreal Projects/JR_PRJ4/Content/Characters/MannequinsXR/Animations/A_MannequinsXR_Grasp_Right.uasset" 1286
"C:/Users/Rjrie/Unreal Projects/JR_PRJ4/Content/Characters/MannequinsXR/Animations/A_MannequinsXR_Grasp_Right.m.ubulk" 1287
"C:/Users/Rjrie/Unreal Projects/JR_PRJ4/Content/Characters/MannequinsXR/Animations/A_MannequinsXR_Grasp_Right.uexp" 1288
"C:/Users/Rjrie/Unreal Projects/JR_PRJ4/Content/Characters/MannequinsXR/Animations/A_MannequinsXR_Idle_Right.uasset" 1289
"C:/Users/Rjrie/Unreal Projects/JR_PRJ4/Content/Characters/MannequinsXR/Animations/A_MannequinsXR_Idle_Right.m.ubulk" 1290
"C:/Users/Rjrie/Unreal Projects/JR_PRJ4/Content/Characters/MannequinsXR/Animations/A_MannequinsXR_Idle_Right.uexp" 1291
"C:/Users/Rjrie/Unreal Projects/JR_PRJ4/Content/Characters/MannequinsXR/Meshes/ABP_MannequinsXR.uasset" 1292
"C:/Users/Rjrie/Unreal Projects/JR_PRJ4/Content/Characters/MannequinsXR/Meshes/ABP_MannequinsXR.uexp" 1293
"C:/Users/Rjrie/Unreal Projects/JR_PRJ4/Content/Characters/MannequinsXR/Textures/Manny/T_Manny_02_Tan.ubulk" 1294
"C:/Users/Rjrie/Unreal Projects/JR_PRJ4/Content/Characters/MannequinsXR/Textures/Manny/T_Manny_02_Tan.uasset" 1295
"C:/Users/Rjrie/Unreal Projects/JR_PRJ4/Content/Characters/MannequinsXR/Textures/Manny/T_Manny_02_Tan.uexp" 1296
"C:/Users/Rjrie/Unreal Projects/JR_PRJ4/Content/Characters/MannequinsXR/Textures/Manny/T_Manny_02_N.ubulk" 1297
"C:/Users/Rjrie/Unreal Projects/JR_PRJ4/Content/Characters/MannequinsXR/Textures/Manny/T_Manny_02_N.uasset" 1298
"C:/Users/Rjrie/Unreal Projects/JR_PRJ4/Content/Characters/MannequinsXR/Textures/Manny/T_Manny_02_N.uexp" 1299
"C:/Users/Rjrie/Unreal Projects/JR_PRJ4/Content/Characters/MannequinsXR/Textures/Manny/T_Manny_02_MSR_MSK.ubulk" 1300
"C:/Users/Rjrie/Unreal Projects/JR_PRJ4/Content/Characters/MannequinsXR/Textures/Manny/T_Manny_02_MSR_MSK.uasset" 1301
"C:/Users/Rjrie/Unreal Projects/JR_PRJ4/Content/Characters/MannequinsXR/Textures/Manny/T_Manny_02_MSR_MSK.uexp" 1302
"C:/Users/Rjrie/Unreal Projects/JR_PRJ4/Content/Characters/MannequinsXR/Textures/Manny/T_Manny_02_D.ubulk" 1303
"C:/Users/Rjrie/Unreal Projects/JR_PRJ4/Content/Characters/MannequinsXR/Textures/Manny/T_Manny_02_D.uasset" 1304
"C:/Users/Rjrie/Unreal Projects/JR_PRJ4/Content/Characters/MannequinsXR/Textures/Manny/T_Manny_02_D.uexp" 1305
"C:/Users/Rjrie/Unreal Projects/JR_PRJ4/Content/Characters/MannequinsXR/Textures/Manny/T_Manny_02_CCRCCPlastic_MSK.ubulk" 1306
"C:/Users/Rjrie/Unreal Projects/JR_PRJ4/Content/Characters/MannequinsXR/Textures/Manny/T_Manny_02_CCRCCPlastic_MSK.uasset" 1307
"C:/Users/Rjrie/Unreal Projects/JR_PRJ4/Content/Characters/MannequinsXR/Textures/Manny/T_Manny_02_CCRCCPlastic_MSK.uexp" 1308
"C:/Users/Rjrie/Unreal Projects/JR_PRJ4/Content/Characters/MannequinsXR/Textures/Manny/T_Manny_02_BN.ubulk" 1309
"C:/Users/Rjrie/Unreal Projects/JR_PRJ4/Content/Characters/MannequinsXR/Textures/Manny/T_Manny_02_BN.uasset" 1310
"C:/Users/Rjrie/Unreal Projects/JR_PRJ4/Content/Characters/MannequinsXR/Textures/Manny/T_Manny_02_BN.uexp" 1311
"C:/Users/Rjrie/Unreal Projects/JR_PRJ4/Content/Characters/MannequinsXR/Textures/Manny/T_Manny_02_ASAOPMASK_MSK.ubulk" 1312
"C:/Users/Rjrie/Unreal Projects/JR_PRJ4/Content/Characters/MannequinsXR/Textures/Manny/T_Manny_02_ASAOPMASK_MSK.uasset" 1313
"C:/Users/Rjrie/Unreal Projects/JR_PRJ4/Content/Characters/MannequinsXR/Textures/Manny/T_Manny_02_ASAOPMASK_MSK.uexp" 1314
"C:/Users/Rjrie/Unreal Projects/JR_PRJ4/Content/Characters/MannequinsXR/Textures/Manny/T_Manny_01_Tan.ubulk" 1315
"C:/Users/Rjrie/Unreal Projects/JR_PRJ4/Content/Characters/MannequinsXR/Textures/Manny/T_Manny_01_Tan.uasset" 1316
"C:/Users/Rjrie/Unreal Projects/JR_PRJ4/Content/Characters/MannequinsXR/Textures/Manny/T_Manny_01_Tan.uexp" 1317
"C:/Users/Rjrie/Unreal Projects/JR_PRJ4/Content/Characters/MannequinsXR/Textures/Manny/T_Manny_01_N.ubulk" 1318
"C:/Users/Rjrie/Unreal Projects/JR_PRJ4/Content/Characters/MannequinsXR/Textures/Manny/T_Manny_01_N.uasset" 1319
"C:/Users/Rjrie/Unreal Projects/JR_PRJ4/Content/Characters/MannequinsXR/Textures/Manny/T_Manny_01_N.uexp" 1320
"C:/Users/Rjrie/Unreal Projects/JR_PRJ4/Content/Characters/MannequinsXR/Textures/Manny/T_Manny_01_MSR_MSK.ubulk" 1321
"C:/Users/Rjrie/Unreal Projects/JR_PRJ4/Content/Characters/MannequinsXR/Textures/Manny/T_Manny_01_MSR_MSK.uasset" 1322
"C:/Users/Rjrie/Unreal Projects/JR_PRJ4/Content/Characters/MannequinsXR/Textures/Manny/T_Manny_01_MSR_MSK.uexp" 1323
"C:/Users/Rjrie/Unreal Projects/JR_PRJ4/Content/Characters/MannequinsXR/Textures/Manny/T_Manny_01_D.ubulk" 1324
"C:/Users/Rjrie/Unreal Projects/JR_PRJ4/Content/Characters/MannequinsXR/Textures/Manny/T_Manny_01_D.uasset" 1325
"C:/Users/Rjrie/Unreal Projects/JR_PRJ4/Content/Characters/MannequinsXR/Textures/Manny/T_Manny_01_D.uexp" 1326
"C:/Users/Rjrie/Unreal Projects/JR_PRJ4/Content/Characters/MannequinsXR/Textures/Manny/T_Manny_01_CCRCCPlastic_MSK.ubulk" 1327
"C:/Users/Rjrie/Unreal Projects/JR_PRJ4/Content/Characters/MannequinsXR/Textures/Manny/T_Manny_01_CCRCCPlastic_MSK.uasset" 1328
"C:/Users/Rjrie/Unreal Projects/JR_PRJ4/Content/Characters/MannequinsXR/Textures/Manny/T_Manny_01_CCRCCPlastic_MSK.uexp" 1329
"C:/Users/Rjrie/Unreal Projects/JR_PRJ4/Content/Characters/MannequinsXR/Textures/Manny/T_Manny_01_BN.ubulk" 1330
"C:/Users/Rjrie/Unreal Projects/JR_PRJ4/Content/Characters/MannequinsXR/Textures/Manny/T_Manny_01_BN.uasset" 1331
"C:/Users/Rjrie/Unreal Projects/JR_PRJ4/Content/Characters/MannequinsXR/Textures/Manny/T_Manny_01_BN.uexp" 1332
"C:/Users/Rjrie/Unreal Projects/JR_PRJ4/Content/Characters/MannequinsXR/Textures/Manny/T_Manny_01_ASAOPMASK_MSK.ubulk" 1333
"C:/Users/Rjrie/Unreal Projects/JR_PRJ4/Content/Characters/MannequinsXR/Textures/Manny/T_Manny_01_ASAOPMASK_MSK.uasset" 1334
"C:/Users/Rjrie/Unreal Projects/JR_PRJ4/Content/Characters/MannequinsXR/Textures/Manny/T_Manny_01_ASAOPMASK_MSK.uexp" 1335
"C:/Users/Rjrie/Unreal Projects/JR_PRJ4/Content/Characters/MannequinsXR/Materials/Functions/ML_BaseColorFallOff.uasset" 1336
"C:/Users/Rjrie/Unreal Projects/JR_PRJ4/Content/Characters/MannequinsXR/Materials/Functions/ML_BaseColorFallOff.uexp" 1337
"C:/Users/Rjrie/Unreal Projects/JR_PRJ4/Content/Characters/MannequinsXR/Textures/Shared/T_UE_Logo_M.uasset" 1338
"C:/Users/Rjrie/Unreal Projects/JR_PRJ4/Content/Characters/MannequinsXR/Textures/Shared/T_UE_Logo_M.uexp" 1339
"C:/Users/Rjrie/Unreal Projects/JR_PRJ4/Content/Characters/MannequinsXR/Materials/Functions/MF_logo3layers.uasset" 1340
"C:/Users/Rjrie/Unreal Projects/JR_PRJ4/Content/Characters/MannequinsXR/Materials/Functions/MF_logo3layers.uexp" 1341
"C:/Users/Rjrie/Unreal Projects/JR_PRJ4/Content/Characters/MannequinsXR/Materials/Functions/ChromaticCurve.uasset" 1342
"C:/Users/Rjrie/Unreal Projects/JR_PRJ4/Content/Characters/MannequinsXR/Materials/Functions/ChromaticCurve.uexp" 1343
"C:/Users/Rjrie/Unreal Projects/JR_PRJ4/Content/Characters/MannequinsXR/Materials/Functions/CA_Mannequin.uasset" 1344
"C:/Users/Rjrie/Unreal Projects/JR_PRJ4/Content/Characters/MannequinsXR/Materials/Functions/CA_Mannequin.uexp" 1345
"C:/Users/Rjrie/Unreal Projects/JR_PRJ4/Content/Characters/MannequinsXR/Materials/Functions/MF_Diffraction.uasset" 1346
"C:/Users/Rjrie/Unreal Projects/JR_PRJ4/Content/Characters/MannequinsXR/Materials/Functions/MF_Diffraction.uexp" 1347
"C:/Users/Rjrie/Unreal Projects/JR_PRJ4/Content/Characters/MannequinsXR/Materials/M_Mannequin.uasset" 1348
"C:/Users/Rjrie/Unreal Projects/JR_PRJ4/Content/Characters/MannequinsXR/Materials/M_Mannequin.uexp" 1349
"C:/Users/Rjrie/Unreal Projects/JR_PRJ4/Content/Characters/MannequinsXR/Materials/Instances/Manny/MI_Manny_01.uasset" 1350
"C:/Users/Rjrie/Unreal Projects/JR_PRJ4/Content/Characters/MannequinsXR/Materials/Instances/Manny/MI_Manny_01.uexp" 1351
"C:/Users/Rjrie/Unreal Projects/JR_PRJ4/Content/Characters/MannequinsXR/Materials/Instances/Manny/MI_Manny_02.uasset" 1352
"C:/Users/Rjrie/Unreal Projects/JR_PRJ4/Content/Characters/MannequinsXR/Materials/Instances/Manny/MI_Manny_02.uexp" 1353
"C:/Users/Rjrie/Unreal Projects/JR_PRJ4/Content/Characters/MannequinsXR/Meshes/SKM_MannyXR_left.uasset" 1354
"C:/Users/Rjrie/Unreal Projects/JR_PRJ4/Content/Characters/MannequinsXR/Meshes/SKM_MannyXR_left.uexp" 1355
"C:/Users/Rjrie/Unreal Projects/JR_PRJ4/Content/Characters/MannequinsXR/B_MannequinsXR.uasset" 1356
"C:/Users/Rjrie/Unreal Projects/JR_PRJ4/Content/Characters/MannequinsXR/B_MannequinsXR.uexp" 1357
"C:/Users/Rjrie/Unreal Projects/JR_PRJ4/Content/Characters/MannequinsXR/Meshes/SKM_MannyXR_right.uasset" 1358
"C:/Users/Rjrie/Unreal Projects/JR_PRJ4/Content/Characters/MannequinsXR/Meshes/SKM_MannyXR_right.uexp" 1359
"C:/Users/Rjrie/Unreal Projects/JR_PRJ4/Content/VRTemplate/Blueprints/VRPawn.uasset" 1360
"C:/Users/Rjrie/Unreal Projects/JR_PRJ4/Content/VRTemplate/Blueprints/VRPawn.uexp" 1361
"C:/Users/Rjrie/Unreal Projects/JR_PRJ4/Content/VRTemplate/Blueprints/VRGameMode.uasset" 1362
"C:/Users/Rjrie/Unreal Projects/JR_PRJ4/Content/VRTemplate/Blueprints/VRGameMode.uexp" 1363
"C:/Users/Rjrie/Unreal Projects/JR_PRJ4/Content/SoundEffects/spinopel-air-gun-toy-364843.ubulk" 1364
"C:/Users/Rjrie/Unreal Projects/JR_PRJ4/Content/SoundEffects/spinopel-air-gun-toy-364843.uasset" 1365
"C:/Users/Rjrie/Unreal Projects/JR_PRJ4/Content/SoundEffects/spinopel-air-gun-toy-364843.uexp" 1366
"C:/Users/Rjrie/Unreal Projects/JR_PRJ4/Content/SoundEffects/bithuh-vine-boom-392646.ubulk" 1367
"C:/Users/Rjrie/Unreal Projects/JR_PRJ4/Content/SoundEffects/bithuh-vine-boom-392646.uasset" 1368
"C:/Users/Rjrie/Unreal Projects/JR_PRJ4/Content/SoundEffects/bithuh-vine-boom-392646.uexp" 1369
"C:/Users/Rjrie/Unreal Projects/JR_PRJ4/Content/VRTemplate/Materials/M_Projectile.uasset" 1370
"C:/Users/Rjrie/Unreal Projects/JR_PRJ4/Content/VRTemplate/Materials/M_Projectile.uexp" 1371
"C:/Users/Rjrie/Unreal Projects/JR_PRJ4/Content/VRTemplate/Materials/MI_Projectile.uasset" 1372
"C:/Users/Rjrie/Unreal Projects/JR_PRJ4/Content/VRTemplate/Materials/MI_Projectile.uexp" 1373
"C:/Users/Rjrie/Unreal Projects/JR_PRJ4/Content/VRTemplate/Blueprints/Projectile.uasset" 1374
"C:/Users/Rjrie/Unreal Projects/JR_PRJ4/Content/VRTemplate/Blueprints/Projectile.uexp" 1375
"C:/Users/Rjrie/Unreal Projects/JR_PRJ4/Content/VRTemplate/Input/Actions/IA_Shoot_Right.uasset" 1376
"C:/Users/Rjrie/Unreal Projects/JR_PRJ4/Content/VRTemplate/Input/Actions/IA_Shoot_Right.uexp" 1377
"C:/Users/Rjrie/Unreal Projects/JR_PRJ4/Content/VRTemplate/Input/IMC_Weapon_Right.uasset" 1378
"C:/Users/Rjrie/Unreal Projects/JR_PRJ4/Content/VRTemplate/Input/IMC_Weapon_Right.uexp" 1379
"C:/Users/Rjrie/Unreal Projects/JR_PRJ4/Content/VRTemplate/Input/Actions/IA_Shoot_Left.uasset" 1380
"C:/Users/Rjrie/Unreal Projects/JR_PRJ4/Content/VRTemplate/Input/Actions/IA_Shoot_Left.uexp" 1381
"C:/Users/Rjrie/Unreal Projects/JR_PRJ4/Content/VRTemplate/Input/IMC_Weapon_Left.uasset" 1382
"C:/Users/Rjrie/Unreal Projects/JR_PRJ4/Content/VRTemplate/Input/IMC_Weapon_Left.uexp" 1383
"C:/Users/Rjrie/Unreal Projects/JR_PRJ4/Content/VRTemplate/Haptics/PistolFireHapticEffect.uasset" 1384
"C:/Users/Rjrie/Unreal Projects/JR_PRJ4/Content/VRTemplate/Haptics/PistolFireHapticEffect.uexp" 1385
"../../../Engine/Content/Engine_MI_Shaders/T_Normal.uasset" 1386
"../../../Engine/Content/Engine_MI_Shaders/T_Normal.uexp" 1387
"../../../Engine/Content/MaterialTemplates/LayerBlends/T_DefaultMaskTexture.uasset" 1388
"../../../Engine/Content/MaterialTemplates/LayerBlends/T_DefaultMaskTexture.uexp" 1389
"C:/Users/Rjrie/Unreal Projects/JR_PRJ4/Content/Weapons/Rifle/Materials/M_Weapon.uasset" 1390
"C:/Users/Rjrie/Unreal Projects/JR_PRJ4/Content/Weapons/Rifle/Materials/M_Weapon.uexp" 1391
"C:/Users/Rjrie/Unreal Projects/JR_PRJ4/Content/Weapons/Pistol/Textures/T_Pistol_N.ubulk" 1392
"C:/Users/Rjrie/Unreal Projects/JR_PRJ4/Content/Weapons/Pistol/Textures/T_Pistol_N.uasset" 1393
"C:/Users/Rjrie/Unreal Projects/JR_PRJ4/Content/Weapons/Pistol/Textures/T_Pistol_N.uexp" 1394
"C:/Users/Rjrie/Unreal Projects/JR_PRJ4/Content/Weapons/Pistol/Textures/T_Pistol_Masks.ubulk" 1395
"C:/Users/Rjrie/Unreal Projects/JR_PRJ4/Content/Weapons/Pistol/Textures/T_Pistol_Masks.uasset" 1396
"C:/Users/Rjrie/Unreal Projects/JR_PRJ4/Content/Weapons/Pistol/Textures/T_Pistol_Masks.uexp" 1397
"C:/Users/Rjrie/Unreal Projects/JR_PRJ4/Content/Weapons/Pistol/Textures/T_Pistol_D.ubulk" 1398
"C:/Users/Rjrie/Unreal Projects/JR_PRJ4/Content/Weapons/Pistol/Textures/T_Pistol_D.uasset" 1399
"C:/Users/Rjrie/Unreal Projects/JR_PRJ4/Content/Weapons/Pistol/Textures/T_Pistol_D.uexp" 1400
"C:/Users/Rjrie/Unreal Projects/JR_PRJ4/Content/Weapons/Pistol/Textures/T_Pistol_AORM.ubulk" 1401
"C:/Users/Rjrie/Unreal Projects/JR_PRJ4/Content/Weapons/Pistol/Textures/T_Pistol_AORM.uasset" 1402
"C:/Users/Rjrie/Unreal Projects/JR_PRJ4/Content/Weapons/Pistol/Textures/T_Pistol_AORM.uexp" 1403
"C:/Users/Rjrie/Unreal Projects/JR_PRJ4/Content/Weapons/Pistol/Materials/MI_Weapon_Pistol.uasset" 1404
"C:/Users/Rjrie/Unreal Projects/JR_PRJ4/Content/Weapons/Pistol/Materials/MI_Weapon_Pistol.uexp" 1405
"C:/Users/Rjrie/Unreal Projects/JR_PRJ4/Content/Weapons/Pistol/Meshes/SM_Pistol.ubulk" 1406
"C:/Users/Rjrie/Unreal Projects/JR_PRJ4/Content/Weapons/Pistol/Meshes/SM_Pistol.uasset" 1407
"C:/Users/Rjrie/Unreal Projects/JR_PRJ4/Content/Weapons/Pistol/Meshes/SM_Pistol.uexp" 1408
"C:/Users/Rjrie/Unreal Projects/JR_PRJ4/Content/VRTemplate/Blueprints/Pistol.uasset" 1409
"C:/Users/Rjrie/Unreal Projects/JR_PRJ4/Content/VRTemplate/Blueprints/Pistol.uexp" 1410
"C:/Users/Rjrie/Unreal Projects/JR_PRJ4/Content/LevelPrototyping/Meshes/SM_ChamferCube.ubulk" 1411
"C:/Users/Rjrie/Unreal Projects/JR_PRJ4/Content/LevelPrototyping/Meshes/SM_ChamferCube.uasset" 1412
"C:/Users/Rjrie/Unreal Projects/JR_PRJ4/Content/LevelPrototyping/Meshes/SM_ChamferCube.uexp" 1413
"C:/Users/Rjrie/Unreal Projects/JR_PRJ4/Content/VRTemplate/Blueprints/Grabbable_SmallCube.uasset" 1414
"C:/Users/Rjrie/Unreal Projects/JR_PRJ4/Content/VRTemplate/Blueprints/Grabbable_SmallCube.uexp" 1415
"C:/Users/Rjrie/Unreal Projects/JR_PRJ4/Content/VRTemplate/Audio/Fire01.ubulk" 1416
"C:/Users/Rjrie/Unreal Projects/JR_PRJ4/Content/VRTemplate/Audio/Fire01.uasset" 1417
"C:/Users/Rjrie/Unreal Projects/JR_PRJ4/Content/VRTemplate/Audio/Fire01.uexp" 1418
"C:/Users/Rjrie/Unreal Projects/JR_PRJ4/Content/VRTemplate/Audio/Fire_Cue.uasset" 1419
"C:/Users/Rjrie/Unreal Projects/JR_PRJ4/Content/VRTemplate/Audio/Fire_Cue.uexp" 1420
"C:/Users/Rjrie/Unreal Projects/JR_PRJ4/Content/LevelPrototyping/Textures/T_GridChecker_A.ubulk" 1421
"C:/Users/Rjrie/Unreal Projects/JR_PRJ4/Content/LevelPrototyping/Textures/T_GridChecker_A.uasset" 1422
"C:/Users/Rjrie/Unreal Projects/JR_PRJ4/Content/LevelPrototyping/Textures/T_GridChecker_A.uexp" 1423
"C:/Users/Rjrie/Unreal Projects/JR_PRJ4/Content/LevelPrototyping/Materials/MF_ProcGrid.uasset" 1424
"C:/Users/Rjrie/Unreal Projects/JR_PRJ4/Content/LevelPrototyping/Materials/MF_ProcGrid.uexp" 1425
"C:/Users/Rjrie/Unreal Projects/JR_PRJ4/Content/LevelPrototyping/Materials/M_PrototypeGrid.uasset" 1426
"C:/Users/Rjrie/Unreal Projects/JR_PRJ4/Content/LevelPrototyping/Materials/M_PrototypeGrid.uexp" 1427
"C:/Users/Rjrie/Unreal Projects/JR_PRJ4/Content/LevelPrototyping/Materials/MI_PrototypeGrid_Gray.uasset" 1428
"C:/Users/Rjrie/Unreal Projects/JR_PRJ4/Content/LevelPrototyping/Materials/MI_PrototypeGrid_Gray.uexp" 1429
"C:/Users/Rjrie/Unreal Projects/JR_PRJ4/Content/LevelPrototyping/Meshes/SM_Cube.ubulk" 1430
"C:/Users/Rjrie/Unreal Projects/JR_PRJ4/Content/LevelPrototyping/Meshes/SM_Cube.uasset" 1431
"C:/Users/Rjrie/Unreal Projects/JR_PRJ4/Content/LevelPrototyping/Meshes/SM_Cube.uexp" 1432
"C:/Users/Rjrie/Unreal Projects/JR_PRJ4/Content/VRTemplate/Maps/VRTemplateMap.uexp" 1433
"C:/Users/Rjrie/Unreal Projects/JR_PRJ4/Content/VRTemplate/Maps/VRTemplateMap.umap" 1434
"../../../Engine/Content/Maps/Entry_BuiltData.uasset" 1435
"../../../Engine/Content/Maps/Entry_BuiltData.uexp" 1436
"../../../Engine/Content/Maps/Entry.uexp" 1437
"../../../Engine/Content/Maps/Entry.umap" 1438
