"C:/Users/rexge/Documents/Unreal Projects/JR_PRJ4/JR_PRJ4.uproject" 1
"../../../Engine/Plugins/AudioGameplay/AudioGameplay.uplugin" 2
"../../../Engine/Plugins/AudioInsights/AudioInsights.uplugin" 3
"../../../Engine/Plugins/BlueprintFileUtils/BlueprintFileUtils.uplugin" 4
"../../../Engine/Plugins/Bridge/Bridge.uplugin" 5
"../../../Engine/Plugins/ChaosClothAssetEditor/ChaosClothAssetEditor.uplugin" 6
"../../../Engine/Plugins/ChaosInsights/ChaosInsights.uplugin" 7
"../../../Engine/Plugins/ChaosVD/ChaosVD.uplugin" 8
"../../../Engine/Plugins/AudioGameplayVolume/AudioGameplayVolume.uplugin" 9
"../../../Engine/Plugins/Chooser/Chooser.uplugin" 10
"../../../Engine/Plugins/CmdLinkServer/CmdLinkServer.uplugin" 11
"../../../Engine/Plugins/Fab/Fab.uplugin" 12
"../../../Engine/Plugins/ChaosCloth/ChaosCloth.uplugin" 13
"../../../Engine/Plugins/FastBuildController/FastBuildController.uplugin" 14
"../../../Engine/Plugins/EnhancedInput/EnhancedInput.uplugin" 15
"../../../Engine/Plugins/JsonBlueprintUtilities/JsonBlueprintUtilities.uplugin" 16
"../../../Engine/Plugins/LightWeightInstancesEditor/LightWeightInstancesEditor.uplugin" 17
"../../../Engine/Plugins/DiscoveryBeaconReceiver/DiscoveryBeaconReceiver.uplugin" 18
"../../../Engine/Plugins/MemoryUsageQueries/MemoryUsageQueries.uplugin" 19
"../../../Engine/Plugins/MassInsights/MassInsights.uplugin" 20
"../../../Engine/Plugins/IoStoreInsights/IoStoreInsights.uplugin" 21
"../../../Engine/Plugins/Mutable/Mutable.uplugin" 22
"../../../Engine/Plugins/MeshPainting/MeshPainting.uplugin" 23
"../../../Engine/Plugins/PCG/PCG.uplugin" 24
"../../../Engine/Plugins/ScriptPlugin/ScriptPlugin.uplugin" 25
"../../../Engine/Plugins/RenderGraphInsights/RenderGraphInsights.uplugin" 26
"../../../Engine/Plugins/TraceUtilities/TraceUtilities.uplugin" 27
"../../../Engine/Plugins/TextureGraph/TextureGraph.uplugin" 28
"../../../Engine/Plugins/XGEController/XGEController.uplugin" 29
"../../../Engine/Plugins/UbaController/UbaController.uplugin" 30
"../../../Engine/Plugins/Developer/BlankPlugin/BlankPlugin.uplugin" 31
"../../../Engine/Plugins/Developer/CLionSourceCodeAccess/CLionSourceCodeAccess.uplugin" 32
"../../../Engine/Plugins/WorldMetrics/WorldMetrics.uplugin" 33
"../../../Engine/Plugins/Developer/AnimationSharing/AnimationSharing.uplugin" 34
"../../../Engine/Plugins/Developer/CodeLiteSourceCodeAccess/CodeLiteSourceCodeAccess.uplugin" 35
"../../../Engine/Plugins/Developer/DumpGPUServices/DumpGPUServices.uplugin" 36
"../../../Engine/Plugins/Developer/GitSourceControl/GitSourceControl.uplugin" 37
"../../../Engine/Plugins/Developer/N10XSourceCodeAccess/N10XSourceCodeAccess.uplugin" 38
"../../../Engine/Plugins/Developer/NamingTokens/NamingTokens.uplugin" 39
"../../../Engine/Plugins/Developer/FieldNotificationTrace/FieldNotificationTrace.uplugin" 40
"../../../Engine/Plugins/Developer/PerforceSourceControl/PerforceSourceControl.uplugin" 41
"../../../Engine/Plugins/Developer/KDevelopSourceCodeAccess/KDevelopSourceCodeAccess.uplugin" 42
"../../../Engine/Plugins/Developer/PlasticSourceControl/PlasticSourceControl.uplugin" 43
"../../../Engine/Plugins/Developer/ProjectLauncher/ProjectLauncher.uplugin" 44
"../../../Engine/Plugins/Developer/PluginUtils/PluginUtils.uplugin" 45
"../../../Engine/Plugins/Developer/RenderDocPlugin/RenderDocPlugin.uplugin" 46
"../../../Engine/Plugins/Developer/PixWinPlugin/PixWinPlugin.uplugin" 47
"../../../Engine/Plugins/Developer/SubversionSourceControl/SubversionSourceControl.uplugin" 48
"../../../Engine/Plugins/Developer/OneSkyLocalizationService/OneSkyLocalizationService.uplugin" 49
"../../../Engine/Plugins/Developer/PropertyAccessNode/PropertyAccessNode.uplugin" 50
"../../../Engine/Plugins/Developer/TraceDataFiltering/TraceDataFilters.uplugin" 51
"../../../Engine/Plugins/Developer/UObjectPlugin/UObjectPlugin.uplugin" 52
"../../../Engine/Plugins/Developer/VisualStudioCodeSourceCodeAccess/VisualStudioCodeSourceCodeAccess.uplugin" 53
"../../../Engine/Plugins/Developer/VisualStudioSourceCodeAccess/VisualStudioSourceCodeAccess.uplugin" 54
"../../../Engine/Plugins/Experimental/AbilitySystemGameFeatureActions/AbilitySystemGameFeatureActions.uplugin" 55
"../../../Engine/Plugins/Developer/NullSourceCodeAccess/NullSourceCodeAccess.uplugin" 56
"../../../Engine/Plugins/Experimental/AnimNextAnimGraph/AnimNextAnimGraph.uplugin" 57
"../../../Engine/Plugins/Developer/TextureFormatOodle/TextureFormatOodle.uplugin" 58
"../../../Engine/Plugins/Experimental/AnimNextPoseSearch/AnimNextPoseSearch.uplugin" 59
"../../../Engine/Plugins/Experimental/AnimNextStateTree/AnimNextStateTree.uplugin" 60
"../../../Engine/Plugins/Developer/XCodeSourceCodeAccess/XCodeSourceCodeAccess.uplugin" 61
"../../../Engine/Plugins/Developer/TraceSourceFiltering/TraceSourceFilters.uplugin" 62
"../../../Engine/Plugins/Experimental/AsyncMessageSystemTests/AsyncMessageSystemTests.uplugin" 63
"../../../Engine/Plugins/Experimental/AutomationUtils/AutomationUtils.uplugin" 64
"../../../Engine/Plugins/Experimental/AnimToTexture/AnimToTexture.uplugin" 65
"../../../Engine/Plugins/Experimental/AsyncMessageSystem/AsyncMessageSystem.uplugin" 66
"../../../Engine/Plugins/ChaosClothAsset/ChaosClothAsset.uplugin" 67
"../../../Engine/Plugins/Experimental/AvalancheDataLink/AvalancheDataLink.uplugin" 68
"../../../Engine/Plugins/Experimental/AvalancheSceneState/AvalancheSceneState.uplugin" 69
"../../../Engine/Plugins/Experimental/AvalancheSequenceNavigator/AvalancheSequenceNavigator.uplugin" 70
"../../../Engine/Plugins/Experimental/AnimNextChooser/AnimNextChooser.uplugin" 71
"../../../Engine/Plugins/Developer/DirectoryPlaceholder/DirectoryPlaceholder.uplugin" 72
"../../../Engine/Plugins/Experimental/BlueprintSnapNodes/BlueprintSnapNodes.uplugin" 73
"../../../Engine/Plugins/Experimental/Buoyancy/Buoyancy.uplugin" 74
"../../../Engine/Plugins/Experimental/AnimNext/AnimNext.uplugin" 75
"../../../Engine/Plugins/Experimental/AnimNextControlRig/AnimNextControlRig.uplugin" 76
"../../../Engine/Plugins/Experimental/ActorPalette/ActorPalette.uplugin" 77
"../../../Engine/Plugins/Experimental/ChaosCaching/ChaosCaching.uplugin" 78
"../../../Engine/Plugins/Experimental/ChaosCachingUSD/ChaosCachingUSD.uplugin" 79
"../../../Engine/Plugins/Experimental/AdvancedRenamer/AdvancedRenamer.uplugin" 80
"../../../Engine/Plugins/Experimental/ChaosClothEditor/ChaosClothEditor.uplugin" 81
"../../../Engine/Plugins/Experimental/ChaosFlesh/ChaosFlesh.uplugin" 82
"../../../Engine/Plugins/Experimental/AvalancheDisplayCluster/AvalancheDisplayCluster.uplugin" 83
"../../../Engine/Plugins/Experimental/ChaosModularVehicleExamples/ChaosModularVehicleExamples.uplugin" 84
"../../../Engine/Plugins/Developer/XcodeGPUDebuggerPlugin/XcodeGPUDebuggerPlugin.uplugin" 85
"../../../Engine/Plugins/Experimental/ChaosEditor/ChaosEditor.uplugin" 86
"../../../Engine/Plugins/Experimental/ChaosModularVehicle/ChaosModularVehicle.uplugin" 87
"../../../Engine/Plugins/Experimental/BlueprintStats/BlueprintStats.uplugin" 88
"../../../Engine/Plugins/Experimental/ChaosNiagara/ChaosNiagara.uplugin" 89
"../../../Engine/Plugins/Experimental/ChaosMover/ChaosMover.uplugin" 90
"../../../Engine/Plugins/Experimental/ChaosOutfitAsset/ChaosOutfitAsset.uplugin" 91
"../../../Engine/Plugins/Experimental/ChaosUserDataPT/ChaosUserDataPT.uplugin" 92
"../../../Engine/Plugins/Developer/RiderSourceCodeAccess/RiderSourceCodeAccess.uplugin" 93
"../../../Engine/Plugins/Experimental/CharacterAI/CharacterAI.uplugin" 94
"../../../Engine/Plugins/Experimental/ChaosVehiclesPlugin/ChaosVehiclesPlugin.uplugin" 95
"../../../Engine/Plugins/Experimental/CelestialVault/CelestialVault.uplugin" 96
"../../../Engine/Plugins/Experimental/CineCameraRigs/CineCameraRigs.uplugin" 97
"../../../Engine/Plugins/Experimental/CodeView/CodeView.uplugin" 98
"../../../Engine/Plugins/Experimental/CineCameraSceneCapture/CineCameraSceneCapture.uplugin" 99
"../../../Engine/Plugins/Experimental/ColorCorrectRegions/ColorCorrectRegions.uplugin" 100
"../../../Engine/Plugins/Experimental/CodeEditor/CodeEditor.uplugin" 101
"../../../Engine/Plugins/Experimental/CinematicPrestreaming/CinematicPrestreaming.uplugin" 102
"../../../Engine/Plugins/Experimental/ControlFlows/ControlFlows.uplugin" 103
"../../../Engine/Plugins/Experimental/Dataflow/Dataflow.uplugin" 104
"../../../Engine/Plugins/Experimental/DataLink/DataLink.uplugin" 105
"../../../Engine/Plugins/Experimental/CommonConversation/CommonConversation.uplugin" 106
"../../../Engine/Plugins/Experimental/DataLinkOAuth/DataLinkOAuth.uplugin" 107
"../../../Engine/Plugins/Experimental/DaySequence/DaySequence.uplugin" 108
"../../../Engine/Plugins/Experimental/ChaosSolverPlugin/ChaosSolverPlugin.uplugin" 109
"../../../Engine/Plugins/Experimental/DynamicMaterialMediaStreamBridge/DynamicMaterialMediaStreamBridge.uplugin" 110
"../../../Engine/Plugins/Experimental/DefaultInstallBundleManager/DefaultInstallBundleManager.uplugin" 111
"../../../Engine/Plugins/Experimental/EditorDataStorageFeatures/EditorDataStorageFeatures.uplugin" 112
"../../../Engine/Plugins/Experimental/FastGeoStreaming/FastGeoStreaming.uplugin" 113
"../../../Engine/Plugins/Experimental/EditorPerformance/EditorPerformance.uplugin" 114
"../../../Engine/Plugins/Experimental/EvaluationNotifies/EvaluationNotifies.uplugin" 115
"../../../Engine/Plugins/Experimental/FloatingProperties/FloatingProperties.uplugin" 116
"../../../Engine/Plugins/Experimental/Fracture/Fracture.uplugin" 117
"../../../Engine/Plugins/Experimental/EditorDataStorage/EditorDataStorage.uplugin" 118
"../../../Engine/Plugins/Experimental/GameplayTargetingSystem/TargetingSystem.uplugin" 119
"../../../Engine/Plugins/Experimental/EditorTelemetry/EditorTelemetry.uplugin" 120
"../../../Engine/Plugins/Experimental/Gauntlet/Gauntlet.uplugin" 121
"../../../Engine/Plugins/Experimental/BackChannel/BackChannel.uplugin" 122
"../../../Engine/Plugins/Experimental/GameplayBehaviors/GameplayBehaviors.uplugin" 123
"../../../Engine/Plugins/Experimental/FieldSystemPlugin/FieldSystemPlugin.uplugin" 124
"../../../Engine/Plugins/Experimental/GeometryDataflow/GeometryDataflow.uplugin" 125
"../../../Engine/Plugins/Experimental/GizmoEdMode/GizmoEdMode.uplugin" 126
"../../../Engine/Plugins/Experimental/GeometryCollectionPlugin/GeometryCollectionPlugin.uplugin" 127
"../../../Engine/Plugins/Experimental/GameInputWindows/GameInputWindows.uplugin" 128
"../../../Engine/Plugins/Experimental/GeometryFlow/GeometryFlow.uplugin" 129
"../../../Engine/Plugins/Experimental/GizmoFramework/GizmoFramework.uplugin" 130
"../../../Engine/Plugins/Experimental/AnimNextWarping/AnimNextWarping.uplugin" 131
"../../../Engine/Plugins/Experimental/GPULightmass/GPULightmass.uplugin" 132
"../../../Engine/Plugins/Experimental/HairModelingToolset/HairModelingToolset.uplugin" 133
"../../../Engine/Plugins/Experimental/ImagePlate/ImagePlate.uplugin" 134
"../../../Engine/Plugins/Experimental/HairCardGenerator/HairCardGenerator.uplugin" 135
"../../../Engine/Plugins/Experimental/ImpostorBaker/ImpostorBaker.uplugin" 136
"../../../Engine/Plugins/Experimental/InlineMaterialInstance/InlineMaterialInstance.uplugin" 137
"../../../Engine/Plugins/Experimental/FullBodyIK/FullBodyIK.uplugin" 138
"../../../Engine/Plugins/Experimental/InteractionInterface/InteractionInterface.uplugin" 139
"../../../Engine/Plugins/Experimental/Iris/Iris.uplugin" 140
"../../../Engine/Plugins/Experimental/Landmass/Landmass.uplugin" 141
"../../../Engine/Plugins/Experimental/InstanceDataObjectFixupTool/InstanceDataObjectFixupTool.uplugin" 142
"../../../Engine/Plugins/Experimental/LearningAgents/LearningAgents.uplugin" 143
"../../../Engine/Plugins/Experimental/GeometryCacheAbcFile/GeometryCacheAbcFile.uplugin" 144
"../../../Engine/Plugins/Experimental/LevelSequenceNavigatorBridge/LevelSequenceNavigatorBridge.uplugin" 145
"../../../Engine/Plugins/Experimental/LiveLinkControlRig/LiveLinkControlRig.uplugin" 146
"../../../Engine/Plugins/Experimental/LiveLinkOpenVR/LiveLinkOpenVR.uplugin" 147
"../../../Engine/Plugins/Experimental/LiveLinkFaceImporter/LiveLinkFaceImporter.uplugin" 148
"../../../Engine/Plugins/Experimental/GeometryCacheLevelSequenceBaker/GeometryCacheLevelSequenceBaker.uplugin" 149
"../../../Engine/Plugins/Experimental/MediaStream/MediaStream.uplugin" 150
"../../../Engine/Plugins/Experimental/LocalizableMessage/LocalizableMessage.uplugin" 151
"../../../Engine/Plugins/Experimental/LowLevelNetTrace/LowLevelNetTrace.uplugin" 152
"../../../Engine/Plugins/Experimental/MediaViewer/MediaViewer.uplugin" 153
"../../../Engine/Plugins/Experimental/MeshResizing/MeshResizing.uplugin" 154
"../../../Engine/Plugins/Experimental/MotoSynth/MotoSynth.uplugin" 155
"../../../Engine/Plugins/Experimental/MotorSimOutputMotoSynth/MotorSimOutputMotoSynth.uplugin" 156
"../../../Engine/Plugins/Experimental/LandscapePatch/LandscapePatch.uplugin" 157
"../../../Engine/Plugins/Experimental/MeshModelingToolsetExp/MeshModelingToolsetExp.uplugin" 158
"../../../Engine/Plugins/Experimental/GameplayGraph/GameplayGraph.uplugin" 159
"../../../Engine/Plugins/Experimental/MLflow/MLflow.uplugin" 160
"../../../Engine/Plugins/Experimental/HairStrandsMutable/HairStrandsMutable.uplugin" 161
"../../../Engine/Plugins/Experimental/MoverExamples/MoverExamples.uplugin" 162
"../../../Engine/Plugins/Experimental/JWT/JWT.uplugin" 163
"../../../Engine/Plugins/Experimental/MoverTests/MoverTests.uplugin" 164
"../../../Engine/Plugins/Experimental/MetasoundExperimental/MetasoundExperimental.uplugin" 165
"../../../Engine/Plugins/Experimental/MovieSceneAnimMixer/MovieSceneAnimMixer.uplugin" 166
"../../../Engine/Plugins/Experimental/MutableClothing/MutableClothing.uplugin" 167
"../../../Engine/Plugins/Experimental/NaniteDisplacedMesh/NaniteDisplacedMesh.uplugin" 168
"../../../Engine/Plugins/Experimental/Mover/Mover.uplugin" 169
"../../../Engine/Plugins/Experimental/MutablePopulation/MutablePopulation.uplugin" 170
"../../../Engine/Plugins/Experimental/MoverAnimNext/MoverAnimNext.uplugin" 171
"../../../Engine/Plugins/Experimental/NFORDenoise/NFORDenoise.uplugin" 172
"../../../Engine/Plugins/Experimental/NeuralRendering/NeuralRendering.uplugin" 173
"../../../Engine/Plugins/Experimental/NNERuntimeIREE/NNERuntimeIREE.uplugin" 174
"../../../Engine/Plugins/Experimental/NNERuntimeBasicCpu/NNERuntimeBasicCpu.uplugin" 175
"../../../Engine/Plugins/Experimental/NNERuntimeRDG/NNERuntimeRDG.uplugin" 176
"../../../Engine/Plugins/Experimental/ImageWidgets/ImageWidgets.uplugin" 177
"../../../Engine/Plugins/Experimental/OptiXDenoise/OptiXDenoise.uplugin" 178
"../../../Engine/Plugins/Experimental/OpenImageDenoise/OpenImageDenoise.uplugin" 179
"../../../Engine/Plugins/Experimental/NNERuntimeCoreML/NNERuntimeCoreML.uplugin" 180
"../../../Engine/Plugins/Experimental/PCGBiomeSample/PCGBiomeSample.uplugin" 181
"../../../Engine/Plugins/Experimental/PanoramicCapture/PanoramicCapture.uplugin" 182
"../../../Engine/Plugins/Experimental/PhysicsControl/PhysicsControl.uplugin" 183
"../../../Engine/Plugins/Experimental/PCGBiomeCore/PCGBiomeCore.uplugin" 184
"../../../Engine/Plugins/Experimental/MoverIntegrations/MoverIntegrations.uplugin" 185
"../../../Engine/Plugins/Experimental/PlainProps/PlainProps.uplugin" 186
"../../../Engine/Plugins/Experimental/PlatformCrypto/PlatformCrypto.uplugin" 187
"../../../Engine/Plugins/Experimental/PixelStreamingPlayer/PixelStreamingPlayer.uplugin" 188
"../../../Engine/Plugins/Experimental/PluginAudit/PluginAudit.uplugin" 189
"../../../Engine/Plugins/Experimental/PSDImporter/PSDImporter.uplugin" 190
"../../../Engine/Plugins/Experimental/PluginReferenceViewer/PluginReferenceViewer.uplugin" 191
"../../../Engine/Plugins/Experimental/MovieScenePoseSearchTracks/MovieScenePoseSearchTracks.uplugin" 192
"../../../Engine/Plugins/Experimental/PlanarCutPlugin/PlanarCut.uplugin" 193
"../../../Engine/Plugins/Experimental/PostProcessMaterialChainGraph/PostProcessMaterialChainGraph.uplugin" 194
"../../../Engine/Plugins/Experimental/PlainPropsUObject/PlainPropsUObject.uplugin" 195
"../../../Engine/Plugins/Experimental/PluginTemplateTool/PluginTemplateTool.uplugin" 196
"../../../Engine/Plugins/Experimental/QuicMessaging/QuicMessaging.uplugin" 197
"../../../Engine/Plugins/Experimental/RawInput/RawInput.uplugin" 198
"../../../Engine/Plugins/Experimental/RemoteSession/RemoteSession.uplugin" 199
"../../../Engine/Plugins/Experimental/RazerChromaDevices/RazerChromaDevices.uplugin" 200
"../../../Engine/Plugins/Experimental/RigLogicMutable/RigLogicMutable.uplugin" 201
"../../../Engine/Plugins/Experimental/SerializationUtils/SerializationUtils.uplugin" 202
"../../../Engine/Plugins/Experimental/SceneState/SceneState.uplugin" 203
"../../../Engine/Plugins/Experimental/RemoteControlComponents/RemoteControlComponents.uplugin" 204
"../../../Engine/Plugins/Experimental/SlateIM/SlateIM.uplugin" 205
"../../../Engine/Plugins/Experimental/PythonFoundationPackages/PythonFoundationPackages.uplugin" 206
"../../../Engine/Plugins/Experimental/RuntimeTelemetry/RuntimeTelemetry.uplugin" 207
"../../../Engine/Plugins/Experimental/SlateScreenReader/SlateScreenReader.uplugin" 208
"../../../Engine/Plugins/Experimental/SlateModelViewViewModel/SlateModelViewViewModel.uplugin" 209
"../../../Engine/Plugins/Experimental/StateGraph/StateGraph.uplugin" 210
"../../../Engine/Plugins/Experimental/SubtitlesAndClosedCaptions/SubtitlesAndClosedCaptions.uplugin" 211
"../../../Engine/Plugins/Experimental/RenderGrid/RenderGrid.uplugin" 212
"../../../Engine/Plugins/Experimental/SubmitToolEditor/SubmitToolEditor.uplugin" 213
"../../../Engine/Plugins/Experimental/SequenceNavigator/SequenceNavigator.uplugin" 214
"../../../Engine/Plugins/Experimental/SecuritySandbox/SecuritySandbox.uplugin" 215
"../../../Engine/Plugins/Experimental/SurfaceEffects/SurfaceEffects.uplugin" 216
"../../../Engine/Plugins/Experimental/SVGImporter/SVGImporter.uplugin" 217
"../../../Engine/Plugins/Experimental/Shotgrid/Shotgrid.uplugin" 218
"../../../Engine/Plugins/Experimental/SpatialReadiness/SpatialReadiness.uplugin" 219
"../../../Engine/Plugins/Experimental/TargetDeviceServicesScripting/TargetDeviceServicesScripting.uplugin" 220
"../../../Engine/Plugins/Experimental/Tensorboard/Tensorboard.uplugin" 221
"../../../Engine/Plugins/Experimental/SkeletalReduction/SkeletalReduction.uplugin" 222
"../../../Engine/Plugins/Experimental/TechAudioTools/TechAudioTools.uplugin" 223
"../../../Engine/Plugins/Experimental/ScreenReader/ScreenReader.uplugin" 224
"../../../Engine/Plugins/Experimental/TetMeshing/TetMeshing.uplugin" 225
"../../../Engine/Plugins/Experimental/ToolPresets/ToolPresets.uplugin" 226
"../../../Engine/Plugins/Experimental/UserToolBoxBasicCommand/UserToolBoxBasicCommand.uplugin" 227
"../../../Engine/Plugins/Experimental/PythonScriptPlugin/PythonScriptPlugin.uplugin" 228
"../../../Engine/Plugins/Experimental/TextToSpeech/TextToSpeech.uplugin" 229
"../../../Engine/Plugins/Experimental/StructUtils/StructUtils.uplugin" 230
"../../../Engine/Plugins/Experimental/UserToolBoxCore/UserToolBoxCore.uplugin" 231
"../../../Engine/Plugins/Experimental/TextureMediaPlayer/TextureMediaPlayer.uplugin" 232
"../../../Engine/Plugins/Experimental/VirtualProductionUtilities/VirtualProductionUtilities.uplugin" 233
"../../../Engine/Plugins/Experimental/Water/Water.uplugin" 234
"../../../Engine/Plugins/Experimental/WaterAdvanced/WaterAdvanced.uplugin" 235
"../../../Engine/Plugins/Experimental/VirtualHeightfieldMesh/VirtualHeightfieldMesh.uplugin" 236
"../../../Engine/Plugins/Experimental/WebSocketMessaging/WebSocketMessaging.uplugin" 237
"../../../Engine/Plugins/Experimental/WaterExtras/WaterExtras.uplugin" 238
"../../../Engine/Plugins/Experimental/RigLogicAnimNext/RigLogicAnimNext.uplugin" 239
"../../../Engine/Plugins/Experimental/UIFramework/UIFramework.uplugin" 240
"../../../Engine/Plugins/Experimental/WidgetEditorToolPalette/WidgetEditorToolPalette.uplugin" 241
"../../../Engine/Plugins/Marketplace/MetaXRAudio/MetaXRAudio.uplugin" 242
"../../../Engine/Plugins/NNE/NNEDenoiser/NNEDenoiser.uplugin" 243
"../../../Engine/Plugins/PCGInterops/PCGExternalDataInterop/PCGExternalDataInterop.uplugin" 244
"../../../Engine/Plugins/Experimental/Workspace/Workspace.uplugin" 245
"../../../Engine/Plugins/NNE/NNERuntimeORT/NNERuntimeORT.uplugin" 246
"../../../Engine/Plugins/Experimental/PSDImporterMaterialDesignerBridge/PSDImporterMaterialDesignerBridge.uplugin" 247
"../../../Engine/Plugins/Experimental/XRCreativeFramework/XRCreativeFramework.uplugin" 248
"../../../Engine/Plugins/Experimental/Volumetrics/Volumetrics.uplugin" 249
"../../../Engine/Plugins/Experimental/SimpleHMD/SimpleHMD.uplugin" 250
"../../../Engine/Plugins/MovieScene/ReplayTracks/ReplayTracks.uplugin" 251
"../../../Engine/Plugins/Performance/PerformanceMonitor/PerformanceMonitor.uplugin" 252
"../../../Engine/Plugins/Slate/SlateInsights/SlateInsights.uplugin" 253
"../../../Engine/Plugins/Experimental/WaveFunctionCollapse/WaveFunctionCollapse.uplugin" 254
"../../../Engine/Plugins/MovieScene/CustomizableSequencerTracks/CustomizableSequencerTracks.uplugin" 255
"../../../Engine/Plugins/Slate/SlateScripting/SlateScripting.uplugin" 256
"../../../Engine/Plugins/Experimental/Text3D/Text3D.uplugin" 257
"../../../Engine/Plugins/Media/AndroidCamera/AndroidCamera.uplugin" 258
"../../../Engine/Plugins/MovieScene/MovieSceneTextTrack/MovieSceneTextTrack.uplugin" 259
"../../../Engine/Plugins/Media/AppleProResDecoderElectra/AppleProResDecoderElectra.uplugin" 260
"../../../Engine/Plugins/Media/AndroidMedia/AndroidMedia.uplugin" 261
"../../../Engine/Plugins/Performance/AutomatedPerfTesting/AutomatedPerfTesting.uplugin" 262
"../../../Engine/Plugins/Media/AppleProResMedia/AppleProResMedia.uplugin" 263
"../../../Engine/Plugins/Media/AudioCaptureTimecodeProvider/AudioCaptureTimecodeProvider.uplugin" 264
"../../../Engine/Plugins/Media/AvfMedia/AvfMedia.uplugin" 265
"../../../Engine/Plugins/Media/AvidDNxMedia/AvidDNxMedia.uplugin" 266
"../../../Engine/Plugins/Media/BinkMedia/BinkMedia.uplugin" 267
"../../../Engine/Plugins/Media/AvidDNxHDDecoderElectra/AvidDNxHDDecoderElectra.uplugin" 268
"../../../Engine/Plugins/Media/D3D12VideoDecodersElectra/D3D12VideoDecodersElectra.uplugin" 269
"../../../Engine/Plugins/Media/AjaMedia/AjaMedia.uplugin" 270
"../../../Engine/Plugins/MovieScene/MoviePipelineMaskRenderPass/MoviePipelineMaskRenderPass.uplugin" 271
"../../../Engine/Plugins/Media/ElectraCodecs/ElectraCodecs.uplugin" 272
"../../../Engine/Plugins/MovieScene/ActorSequence/ActorSequence.uplugin" 273
"../../../Engine/Plugins/Media/ElectraCDM/ElectraCDM.uplugin" 274
"../../../Engine/Plugins/Media/ElectraPlayer/ElectraPlayer.uplugin" 275
"../../../Engine/Plugins/Media/HAPDecoderElectra/HAPDecoderElectra.uplugin" 276
"../../../Engine/Plugins/MovieScene/TemplateSequence/TemplateSequence.uplugin" 277
"../../../Engine/Plugins/Media/BlackmagicMedia/BlackmagicMedia.uplugin" 278
"../../../Engine/Plugins/MovieScene/LevelSequenceEditor/LevelSequenceEditor.uplugin" 279
"../../../Engine/Plugins/Media/HardwareEncoders/HardwareEncoders.uplugin" 280
"../../../Engine/Plugins/Media/LinearTimecode/LinearTimecode.uplugin" 281
"../../../Engine/Plugins/Media/ImgMedia/ImgMedia.uplugin" 282
"../../../Engine/Plugins/Media/FlacDecoderElectra/FlacDecoderElectra.uplugin" 283
"../../../Engine/Plugins/PCGInterops/PCGGeometryScriptInterop/PCGGeometryScriptInterop.uplugin" 284
"../../../Engine/Plugins/Media/MediaFrameworkUtilities/MediaFrameworkUtilities.uplugin" 285
"../../../Engine/Plugins/Media/MediaPlate/MediaPlate.uplugin" 286
"../../../Engine/Plugins/Media/MediaCompositing/MediaCompositing.uplugin" 287
"../../../Engine/Plugins/Media/MediaPlayerEditor/MediaPlayerEditor.uplugin" 288
"../../../Engine/Plugins/MovieScene/MovieRenderPipeline/MovieRenderPipeline.uplugin" 289
"../../../Engine/Plugins/Media/OpusDecoderElectra/OpusDecoderElectra.uplugin" 290
"../../../Engine/Plugins/Media/MediaMovieStreamer/MediaMovieStreamer.uplugin" 291
"../../../Engine/Plugins/Media/ElectraSubtitles/ElectraSubtitles.uplugin" 292
"../../../Engine/Plugins/Media/PixelCapture/PixelCapture.uplugin" 293
"../../../Engine/Plugins/Media/TimecodeSynchronizer/TimecodeSynchronizer.uplugin" 294
"../../../Engine/Plugins/MovieScene/SequencerScripting/SequencerScripting.uplugin" 295
"../../../Engine/Plugins/Media/WebMMedia/WebMMedia.uplugin" 296
"../../../Engine/Plugins/Media/NDIMedia/NDIMedia.uplugin" 297
"../../../Engine/Plugins/Media/HAPMedia/HAPMedia.uplugin" 298
"../../../Engine/Plugins/Online/EOSOverlayInputProvider/EOSOverlayInputProvider.uplugin" 299
"../../../Engine/Plugins/Media/MediaIOFramework/MediaIOFramework.uplugin" 300
"../../../Engine/Plugins/Online/EOSShared/EOSShared.uplugin" 301
"../../../Engine/Plugins/Media/PixelStreaming2/PixelStreaming2.uplugin" 302
"../../../Engine/Plugins/Online/OnlineServicesEOSGS/OnlineServicesEOSGS.uplugin" 303
"../../../Engine/Plugins/Online/OnlineServicesEpicCommon/OnlineServicesEpicCommon.uplugin" 304
"../../../Engine/Plugins/Online/OnlineServices/OnlineServices.uplugin" 305
"../../../Engine/Plugins/Online/OnlineServicesNull/OnlineServicesNull.uplugin" 306
"../../../Engine/Plugins/Online/OnlineSubsystem/OnlineSubsystem.uplugin" 307
"../../../Engine/Plugins/Online/OnlineFramework/OnlineFramework.uplugin" 308
"../../../Engine/Plugins/Online/OnlineSubsystemApple/OnlineSubsystemApple.uplugin" 309
"../../../Engine/Plugins/Media/ElectraUtil/ElectraUtil.uplugin" 310
"../../../Engine/Plugins/Media/VPxDecoderElectra/VPxDecoderElectra.uplugin" 311
"../../../Engine/Plugins/Online/OnlineServicesOSSAdapter/OnlineServicesOSSAdapter.uplugin" 312
"../../../Engine/Plugins/Online/OnlineSubsystemAmazon/OnlineSubsystemAmazon.uplugin" 313
"../../../Engine/Plugins/Online/OnlineSubsystemGoogle/OnlineSubsystemGoogle.uplugin" 314
"../../../Engine/Plugins/Online/OnlineSubsystemTencent/OnlineSubsystemTencent.uplugin" 315
"../../../Engine/Plugins/Online/OnlineServicesEOS/OnlineServicesEOS.uplugin" 316
"../../../Engine/Plugins/Online/OnlineSubsystemSteam/OnlineSubsystemSteam.uplugin" 317
"../../../Engine/Plugins/Online/OnlineSubsystemEOS/OnlineSubsystemEOS.uplugin" 318
"../../../Engine/Plugins/Online/SocketSubsystemEOS/SocketSubsystemEOS.uplugin" 319
"../../../Engine/Plugins/Media/MfMedia/MfMedia.uplugin" 320
"../../../Engine/Plugins/Online/OnlineSubsystemUtils/OnlineSubsystemUtils.uplugin" 321
"../../../Engine/Plugins/Runtime/ADM/ADM.uplugin" 322
"../../../Engine/Plugins/Online/OnlineSubsystemNull/OnlineSubsystemNull.uplugin" 323
"../../../Engine/Plugins/Media/PixelStreaming/PixelStreaming.uplugin" 324
"../../../Engine/Plugins/Online/SocketSubsystemSteamIP/SocketSubsystemSteamIP.uplugin" 325
"../../../Engine/Plugins/Runtime/AndroidBackgroundService/AndroidBackgroundService.uplugin" 326
"../../../Engine/Plugins/Protocols/MQTT/MQTT.uplugin" 327
"../../../Engine/Plugins/Runtime/AndroidDeviceProfileSelector/AndroidDeviceProfileSelector.uplugin" 328
"../../../Engine/Plugins/Online/OnlineSubsystemFacebook/OnlineSubsystemFacebook.uplugin" 329
"../../../Engine/Plugins/Runtime/AndroidFileServer/AndroidFileServer.uplugin" 330
"../../../Engine/Plugins/Online/OnlineBase/OnlineBase.uplugin" 331
"../../../Engine/Plugins/Runtime/ApexDestruction/ApexDestruction.uplugin" 332
"../../../Engine/Plugins/Runtime/AnimationBudgetAllocator/AnimationBudgetAllocator.uplugin" 333
"../../../Engine/Plugins/Runtime/AppleMoviePlayer/AppleMoviePlayer.uplugin" 334
"../../../Engine/Plugins/Runtime/AndroidMoviePlayer/AndroidMoviePlayer.uplugin" 335
"../../../Engine/Plugins/Runtime/AssetTags/AssetTags.uplugin" 336
"../../../Engine/Plugins/Experimental/WebSocketNetworking/WebSocketNetworking.uplugin" 337
"../../../Engine/Plugins/Runtime/AndroidPermission/AndroidPermission.uplugin" 338
"../../../Engine/Plugins/Runtime/AppleImageUtils/AppleImageUtils.uplugin" 339
"../../../Engine/Plugins/Media/WmfMedia/WmfMedia.uplugin" 340
"../../../Engine/Plugins/Runtime/AudioSynesthesia/AudioSynesthesia.uplugin" 341
"../../../Engine/Plugins/Runtime/AudioMotorSim/AudioMotorSim.uplugin" 342
"../../../Engine/Plugins/Runtime/CommonUI/CommonUI.uplugin" 343
"../../../Engine/Plugins/Runtime/ComputeFramework/ComputeFramework.uplugin" 344
"../../../Engine/Plugins/Runtime/AudioWidgets/AudioWidgets.uplugin" 345
"../../../Engine/Plugins/Runtime/ArchVisCharacter/ArchVisCharacter.uplugin" 346
"../../../Engine/Plugins/Runtime/CableComponent/CableComponent.uplugin" 347
"../../../Engine/Plugins/Runtime/GameInput/GameInput.uplugin" 348
"../../../Engine/Plugins/Runtime/Firebase/Firebase.uplugin" 349
"../../../Engine/Plugins/Runtime/AudioModulation/AudioModulation.uplugin" 350
"../../../Engine/Plugins/Runtime/GameFeatures/GameFeatures.uplugin" 351
"../../../Engine/Plugins/Runtime/GameplayInteractions/GameplayInteractions.uplugin" 352
"../../../Engine/Plugins/Runtime/GameplayStateTree/GameplayStateTree.uplugin" 353
"../../../Engine/Plugins/Runtime/GameplayBehaviorSmartObjects/GameplayBehaviorSmartObjects.uplugin" 354
"../../../Engine/Plugins/Runtime/GeometryScripting/GeometryScripting.uplugin" 355
"../../../Engine/Plugins/Runtime/GameplayAbilities/GameplayAbilities.uplugin" 356
"../../../Engine/Plugins/Runtime/Harmonix/Harmonix.uplugin" 357
"../../../Engine/Plugins/Runtime/CustomMeshComponent/CustomMeshComponent.uplugin" 358
"../../../Engine/Plugins/Runtime/ChunkDownloader/ChunkDownloader.uplugin" 359
"../../../Engine/Plugins/Runtime/DataRegistry/DataRegistry.uplugin" 360
"../../../Engine/Plugins/Runtime/GeometryProcessing/GeometryProcessing.uplugin" 361
"../../../Engine/Plugins/Runtime/InputDebugging/InputDebugging.uplugin" 362
"../../../Engine/Plugins/Runtime/GeoReferencing/GeoReferencing.uplugin" 363
"../../../Engine/Plugins/Runtime/HDRIBackdrop/HDRIBackdrop.uplugin" 364
"../../../Engine/Plugins/Runtime/AudioCapture/AudioCapture.uplugin" 365
"../../../Engine/Plugins/Runtime/HPMotionController/HPMotionController.uplugin" 366
"../../../Engine/Plugins/Runtime/ActorLayerUtilities/ActorLayerUtilities.uplugin" 367
"../../../Engine/Plugins/Runtime/LinuxDeviceProfileSelector/LinuxDeviceProfileSelector.uplugin" 368
"../../../Engine/Plugins/Runtime/GoogleCloudMessaging/GoogleCloudMessaging.uplugin" 369
"../../../Engine/Plugins/Runtime/LiveLinkOvernDisplay/LiveLinkOverNDisplay.uplugin" 370
"../../../Engine/Plugins/Runtime/IOSReplayKit/IOSReplayKit.uplugin" 371
"../../../Engine/Plugins/Runtime/GeometryCache/GeometryCache.uplugin" 372
"../../../Engine/Plugins/Runtime/MassEntity/MassEntity.uplugin" 373
"../../../Engine/Plugins/Runtime/MassGameplay/MassGameplay.uplugin" 374
"../../../Engine/Plugins/Runtime/IOSDeviceProfileSelector/IOSDeviceProfileSelector.uplugin" 375
"../../../Engine/Plugins/Runtime/LevelStreamingPersistence/LevelStreamingPersistence.uplugin" 376
"../../../Engine/Plugins/Runtime/Metasound/Metasound.uplugin" 377
"../../../Engine/Plugins/Runtime/LocationServicesBPLibrary/LocationServicesBPLibrary.uplugin" 378
"../../../Engine/Plugins/Runtime/ExampleDeviceProfileSelector/ExampleDeviceProfileSelector.uplugin" 379
"../../../Engine/Plugins/Runtime/LocationServicesAndroidImpl/LocationServicesAndroidImpl.uplugin" 380
"../../../Engine/Plugins/Runtime/MeshModelingToolset/MeshModelingToolset.uplugin" 381
"../../../Engine/Plugins/Runtime/MicrosoftSpatialAudio/MicroSoftSpatialSound.uplugin" 382
"../../../Engine/Plugins/Runtime/HTTPChunkInstaller/HTTPChunkInstaller.uplugin" 383
"../../../Engine/Plugins/Runtime/LocationServicesIOSImpl/LocationServicesIOSImpl.uplugin" 384
"../../../Engine/Plugins/Runtime/ModularGameplay/ModularGameplay.uplugin" 385
"../../../Engine/Plugins/Runtime/MixedRealityCaptureFramework/MixedRealityCaptureFramework.uplugin" 386
"../../../Engine/Plugins/Online/WebAuth/WebAuth.uplugin" 387
"../../../Engine/Plugins/Runtime/MsQuic/MsQuic.uplugin" 388
"../../../Engine/Plugins/Runtime/HairStrands/HairStrands.uplugin" 389
"../../../Engine/Plugins/Runtime/MusicEnvironment/MusicEnvironment.uplugin" 390
"../../../Engine/Plugins/Runtime/MultiServerReplication/MultiServerReplication.uplugin" 391
"../../../Engine/Plugins/Runtime/nDisplay/nDisplay.uplugin" 392
"../../../Engine/Plugins/Runtime/MobilePatchingUtils/MobilePatchingUtils.uplugin" 393
"../../../Engine/Plugins/Runtime/NavCorridor/NavCorridor.uplugin" 394
"../../../Engine/Plugins/Runtime/ModelViewViewModel/ModelViewViewModel.uplugin" 395
"../../../Engine/Plugins/Runtime/InstancedActors/InstancedActors.uplugin" 396
"../../../Engine/Plugins/Runtime/OpenXRViveTracker/OpenXRViveTracker.uplugin" 397
"../../../Engine/Plugins/Runtime/NetworkPrediction/NetworkPrediction.uplugin" 398
"../../../Engine/Plugins/Runtime/MobileFSR/MobileFSR.uplugin" 399
"../../../Engine/Plugins/Runtime/OpenXR/OpenXR.uplugin" 400
"../../../Engine/Plugins/Runtime/OSC/OSC.uplugin" 401
"../../../Engine/Plugins/Runtime/NetworkPredictionInsights/NetworkPredictionInsights.uplugin" 402
"../../../Engine/Plugins/Runtime/PreLoadScreenMoviePlayer/PreLoadScreenMoviePlayer.uplugin" 403
"../../../Engine/Plugins/Runtime/PropertyBindingUtils/PropertyBindingUtils.uplugin" 404
"../../../Engine/Plugins/Runtime/OptionalMobileFeaturesBPLibrary/OptionalMobileFeaturesBPLibrary.uplugin" 405
"../../../Engine/Plugins/Runtime/OpenCV/OpenCV.uplugin" 406
"../../../Engine/Plugins/Runtime/ReplicationSystemTestPlugin/ReplicationSystemTestPlugin.uplugin" 407
"../../../Engine/Plugins/Runtime/RenderTrace/RenderTrace.uplugin" 408
"../../../Engine/Plugins/Runtime/OpenXRHandTracking/OpenXRHandTracking.uplugin" 409
"../../../Engine/Plugins/Runtime/RigVM/RigVM.uplugin" 410
"../../../Engine/Plugins/Runtime/GooglePAD/GooglePAD.uplugin" 411
"../../../Engine/Plugins/Runtime/OpenXRMsftHandInteraction/OpenXRMsftHandInteraction.uplugin" 412
"../../../Engine/Plugins/Runtime/SmartObjects/SmartObjects.uplugin" 413
"../../../Engine/Plugins/Runtime/SignificanceManager/SignificanceManager.uplugin" 414
"../../../Engine/Plugins/Runtime/SoundFields/SoundFields.uplugin" 415
"../../../Engine/Plugins/Runtime/ProceduralMeshComponent/ProceduralMeshComponent.uplugin" 416
"../../../Engine/Plugins/Runtime/SoundMod/SoundMod.uplugin" 417
"../../../Engine/Plugins/Runtime/SoundCueTemplates/SoundCueTemplates.uplugin" 418
"../../../Engine/Plugins/Runtime/ResonanceAudio/ResonanceAudio.uplugin" 419
"../../../Engine/Plugins/Runtime/Soundscape/Soundscape.uplugin" 420
"../../../Engine/Plugins/Runtime/NetworkPredictionExtras/NetworkPredictionExtras.uplugin" 421
"../../../Engine/Plugins/Runtime/StateTree/StateTree.uplugin" 422
"../../../Engine/Plugins/Runtime/ScriptableToolsFramework/ScriptableToolsFramework.uplugin" 423
"../../../Engine/Plugins/Runtime/WebBrowserWidget/WebBrowserWidget.uplugin" 424
"../../../Engine/Plugins/Runtime/WarpUtils/WarpUtils.uplugin" 425
"../../../Engine/Plugins/Runtime/WebMMoviePlayer/WebMMoviePlayer.uplugin" 426
"../../../Engine/Plugins/Runtime/WorldConditions/WorldConditions.uplugin" 427
"../../../Engine/Plugins/Runtime/MIDIDevice/MIDIDevice.uplugin" 428
"../../../Engine/Plugins/Runtime/Spatialization/Spatialization.uplugin" 429
"../../../Engine/Plugins/Runtime/WindowsMoviePlayer/WindowsMoviePlayer.uplugin" 430
"../../../Engine/Plugins/Runtime/PropertyAccess/PropertyAccessEditor.uplugin" 431
"../../../Engine/Plugins/Runtime/WindowsDeviceProfileSelector/WindowsDeviceProfileSelector.uplugin" 432
"../../../Engine/Plugins/Runtime/WebBrowserNativeProxy/WebBrowserNativeProxy.uplugin" 433
"../../../Engine/Plugins/Runtime/SoundUtilities/SoundUtilities.uplugin" 434
"../../../Engine/Plugins/Runtime/XRBase/XRBase.uplugin" 435
"../../../Engine/Plugins/Runtime/ReplicationGraph/ReplicationGraph.uplugin" 436
"../../../Engine/Plugins/Runtime/ZoneGraph/ZoneGraph.uplugin" 437
"../../../Engine/Plugins/Runtime/OpenXREyeTracker/OpenXREyeTracker.uplugin" 438
"../../../Engine/Plugins/Tests/CQTest/CQTest.uplugin" 439
"../../../Engine/Plugins/Tests/AutomationDriverTests/AutomationDriverTests.uplugin" 440
"../../../Engine/Plugins/Tests/FunctionalTestingEditor/FunctionalTestingEditor.uplugin" 441
"../../../Engine/Plugins/Runtime/nDisplayModularFeatures/nDisplayModularFeatures.uplugin" 442
"../../../Engine/Plugins/Tests/PythonAutomationTest/PythonAutomationTest.uplugin" 443
"../../../Engine/Plugins/Tests/TestSamples/TestSamples.uplugin" 444
"../../../Engine/Plugins/Tests/RuntimeTests/RuntimeTests.uplugin" 445
"../../../Engine/Plugins/Runtime/SkeletalMerging/SkeletalMerging.uplugin" 446
"../../../Engine/Plugins/Tests/WidgetAutomationTests/WidgetAutomationTests.uplugin" 447
"../../../Engine/Plugins/Runtime/Synthesis/Synthesis.uplugin" 448
"../../../Engine/Plugins/Tests/FbxAutomationTestBuilder/FbxAutomationTestBuilder.uplugin" 449
"../../../Engine/Plugins/AI/AISupport/AISupport.uplugin" 450
"../../../Engine/Plugins/Runtime/WaveTable/WaveTable.uplugin" 451
"../../../Engine/Plugins/Tests/CQTestEnhancedInput/CQTestEnhancedInput.uplugin" 452
"../../../Engine/Plugins/Tests/TestFramework/TestFramework.uplugin" 453
"../../../Engine/Plugins/Tests/InterchangeTests/InterchangeTests.uplugin" 454
"../../../Engine/Plugins/AI/EnvironmentQueryEditor/EnvironmentQueryEditor.uplugin" 455
"../../../Engine/Plugins/Tests/RHITests/RHITests.uplugin" 456
"../../../Engine/Plugins/Web/HttpBlueprint/HttpBlueprint.uplugin" 457
"../../../Engine/Plugins/AI/MassCrowd/MassCrowd.uplugin" 458
"../../../Engine/Plugins/AI/HTNPlanner/HTNPlanner.uplugin" 459
"../../../Engine/Plugins/Animation/AnimationLocomotionLibrary/AnimationLocomotionLibrary.uplugin" 460
"../../../Engine/Plugins/AI/MLAdapter/MLAdapter.uplugin" 461
"../../../Engine/Plugins/Animation/BlendStack/BlendStack.uplugin" 462
"../../../Engine/Plugins/Animation/ControlRig/ControlRig.uplugin" 463
"../../../Engine/Plugins/Runtime/ZoneGraphAnnotations/ZoneGraphAnnotations.uplugin" 464
"../../../Engine/Plugins/Runtime/USDCore/USDCore.uplugin" 465
"../../../Engine/Plugins/Animation/AnimationWarping/AnimationWarping.uplugin" 466
"../../../Engine/Plugins/Animation/AnimationModifierLibrary/AnimationModifierLibrary.uplugin" 467
"../../../Engine/Plugins/Animation/DeformerGraph/DeformerGraph.uplugin" 468
"../../../Engine/Plugins/Animation/AnimationData/AnimationData.uplugin" 469
"../../../Engine/Plugins/Animation/LiveLink/LiveLink.uplugin" 470
"../../../Engine/Plugins/Animation/ControlRigSpline/ControlRigSpline.uplugin" 471
"../../../Engine/Plugins/Animation/LiveLinkDevice/LiveLinkDevice.uplugin" 472
"../../../Engine/Plugins/AI/MassAI/MassAI.uplugin" 473
"../../../Engine/Plugins/Animation/ControlRigModules/ControlRigModules.uplugin" 474
"../../../Engine/Plugins/Animation/LiveLinkCurveDebugUI/LiveLinkCurveDebugUI.uplugin" 475
"../../../Engine/Plugins/2D/Paper2D/Paper2D.uplugin" 476
"../../../Engine/Plugins/Animation/GeneSplicer/GeneSplicer.uplugin" 477
"../../../Engine/Plugins/Runtime/SunPosition/SunPosition.uplugin" 478
"../../../Engine/Plugins/Animation/ACLPlugin/ACLPlugin.uplugin" 479
"../../../Engine/Plugins/Animation/DNACalib/DNACalib.uplugin" 480
"../../../Engine/Plugins/Animation/GameplayInsights/GameplayInsights.uplugin" 481
"../../../Engine/Plugins/Animation/IKRig/IKRig.uplugin" 482
"../../../Engine/Plugins/Animation/MotionWarping/MotionWarping.uplugin" 483
"../../../Engine/Plugins/Tests/EditorTests/EditorTests.uplugin" 484
"../../../Engine/Plugins/Compositing/Composure/Composure.uplugin" 485
"../../../Engine/Plugins/Animation/TweeningUtils/TweeningUtils.uplugin" 486
"../../../Engine/Plugins/Compositing/OpenColorIO/OpenColorIO.uplugin" 487
"../../../Engine/Plugins/Animation/PoseSearch/PoseSearch.uplugin" 488
"../../../Engine/Plugins/Animation/RigLogic/RigLogic.uplugin" 489
"../../../Engine/Plugins/Animation/PerformanceCaptureCore/PerformanceCaptureCore.uplugin" 490
"../../../Engine/Plugins/Editor/AssetManagerEditor/AssetManagerEditor.uplugin" 491
"../../../Engine/Plugins/Compositing/OpenCVLensDistortion/OpenCVLensDistortion.uplugin" 492
"../../../Engine/Plugins/Animation/AnimatorKit/AnimatorKit.uplugin" 493
"../../../Engine/Plugins/Cameras/CameraShakePreviewer/CameraShakePreviewer.uplugin" 494
"../../../Engine/Plugins/Compression/OodleNetwork/OodleNetwork.uplugin" 495
"../../../Engine/Plugins/Animation/BlendSpaceMotionAnalysis/BlendSpaceMotionAnalysis.uplugin" 496
"../../../Engine/Plugins/Editor/ColorGrading/ColorGrading.uplugin" 497
"../../../Engine/Plugins/Animation/LiveLinkExampleDevice/LiveLinkExampleDevice.uplugin" 498
"../../../Engine/Plugins/Editor/AssetRegistryExport/AssetRegistryExport.uplugin" 499
"../../../Engine/Plugins/Cameras/EngineCameras/EngineCameras.uplugin" 500
"../../../Engine/Plugins/Compositing/LensDistortion/LensDistortion.uplugin" 501
"../../../Engine/Plugins/Editor/EditorSysConfigAssistant/EditorSysConfigAssistant.uplugin" 502
"../../../Engine/Plugins/Editor/CryptoKeys/CryptoKeys.uplugin" 503
"../../../Engine/Plugins/Editor/LiveUpdateForSlate/LiveUpdateForSlate.uplugin" 504
"../../../Engine/Plugins/Cameras/GameplayCameras/GameplayCameras.uplugin" 505
"../../../Engine/Plugins/Animation/LiveLinkHub/LiveLinkHub.uplugin" 506
"../../../Engine/Plugins/Editor/GameplayTagsEditor/GameplayTagsEditor.uplugin" 507
"../../../Engine/Plugins/Editor/EngineAssetDefinitions/EngineAssetDefinitions.uplugin" 508
"../../../Engine/Plugins/Animation/SkeletalMeshModelingTools/SkeletalMeshModelingTools.uplugin" 509
"../../../Engine/Plugins/Editor/MakeCookedEditorAsDLC/MakeCookedEditorAsDLC.uplugin" 510
"../../../Engine/Plugins/Editor/BlueprintHeaderView/BlueprintHeaderView.uplugin" 511
"../../../Engine/Plugins/Editor/ProxyLODPlugin/ProxyLODPlugin.uplugin" 512
"../../../Engine/Plugins/Editor/ChangelistReview/ChangelistReview.uplugin" 513
"../../../Engine/Plugins/Editor/MobileLauncherProfileWizard/MobileLauncherProfileWizard.uplugin" 514
"../../../Engine/Plugins/Editor/ModelingToolsEditorMode/ModelingToolsEditorMode.uplugin" 515
"../../../Engine/Plugins/Editor/BlueprintMaterialTextureNodes/BlueprintMaterialTextureNodes.uplugin" 516
"../../../Engine/Plugins/Editor/MeshLODToolset/MeshLODToolset.uplugin" 517
"../../../Engine/Plugins/Editor/MaterialAnalyzer/MaterialAnalyzer.uplugin" 518
"../../../Engine/Plugins/Editor/EditorScriptingUtilities/EditorScriptingUtilities.uplugin" 519
"../../../Engine/Plugins/Editor/ScriptableToolsEditorMode/ScriptableToolsEditorMode.uplugin" 520
"../../../Engine/Plugins/Editor/SequencerAnimTools/SequencerAnimTools.uplugin" 521
"../../../Engine/Plugins/Editor/AssetSearch/AssetSearch.uplugin" 522
"../../../Engine/Plugins/Editor/MacGraphicsSwitching/MacGraphicsSwitching.uplugin" 523
"../../../Engine/Plugins/Editor/PluginBrowser/PluginBrowser.uplugin" 524
"../../../Engine/Plugins/Editor/AssetReferenceRestrictions/AssetReferenceRestrictions.uplugin" 525
"../../../Engine/Plugins/Editor/ConsoleVariablesEditor/ConsoleVariables.uplugin" 526
"../../../Engine/Plugins/Editor/StaticMeshEditorModeling/StaticMeshEditorModeling.uplugin" 527
"../../../Engine/Plugins/Editor/ModelViewViewModelPreview/ModelViewViewModelPreview.uplugin" 528
"../../../Engine/Plugins/Editor/WaveformEditor/WaveformEditor.uplugin" 529
"../../../Engine/Plugins/Enterprise/DatasmithC4DImporter/DatasmithC4DImporter.uplugin" 530
"../../../Engine/Plugins/Editor/SampleToolsEditorMode/SampleToolsEditorMode.uplugin" 531
"../../../Engine/Plugins/Editor/GeometryMode/GeometryMode.uplugin" 532
"../../../Engine/Plugins/Enterprise/DataprepEditor/DataprepEditor.uplugin" 533
"../../../Engine/Plugins/Editor/StylusInput/StylusInput.uplugin" 534
"../../../Engine/Plugins/Editor/GuidedTutorials/GuidedTutorials.uplugin" 535
"../../../Engine/Plugins/Enterprise/DatasmithFBXImporter/DatasmithFBXImporter.uplugin" 536
"../../../Engine/Plugins/Enterprise/DatasmithImporter/DatasmithImporter.uplugin" 537
"../../../Engine/Plugins/Editor/UMGWidgetPreview/UMGWidgetPreview.uplugin" 538
"../../../Engine/Plugins/Enterprise/GLTFExporter/GLTFExporter.uplugin" 539
"../../../Engine/Plugins/Editor/WorldPartitionHLODUtilities/WorldPartitionHLODUtilities.uplugin" 540
"../../../Engine/Plugins/Enterprise/MDLImporter/MDLImporter.uplugin" 541
"../../../Engine/Plugins/Editor/DataValidation/DataValidation.uplugin" 542
"../../../Engine/Plugins/Enterprise/AxFImporter/AxFImporter.uplugin" 543
"../../../Engine/Plugins/Editor/EditorDebugTools/EditorDebugTools.uplugin" 544
"../../../Engine/Plugins/Enterprise/DatasmithContent/DatasmithContent.uplugin" 545
"../../../Engine/Plugins/FX/Cascade/Cascade.uplugin" 546
"../../../Engine/Plugins/Editor/SpeedTreeImporter/SpeedTreeImporter.uplugin" 547
"../../../Engine/Plugins/Enterprise/LidarPointCloud/LidarPointCloud.uplugin" 548
"../../../Engine/Plugins/FX/CascadeToNiagaraConverter/CascadeToNiagaraConverter.uplugin" 549
"../../../Engine/Plugins/Enterprise/VariantManagerContent/VariantManagerContent.uplugin" 550
"../../../Engine/Plugins/Importers/AlembicHairImporter/AlembicHairImporter.uplugin" 551
"../../../Engine/Plugins/FX/ExampleCustomDataInterface/ExampleCustomDataInterface.uplugin" 552
"../../../Engine/Plugins/Enterprise/DatasmithCADImporter/DatasmithCADImporter.uplugin" 553
"../../../Engine/Plugins/Importers/USDImporter/USDImporter.uplugin" 554
"../../../Engine/Plugins/Editor/DisplayClusterLaunch/DisplayClusterLaunch.uplugin" 555
"../../../Engine/Plugins/Interchange/Assets/InterchangeAssets.uplugin" 556
"../../../Engine/Plugins/Importers/USDImporterMDL/USDImporterMDL.uplugin" 557
"../../../Engine/Plugins/FX/NiagaraSimCaching/NiagaraSimCaching.uplugin" 558
"../../../Engine/Plugins/Editor/CurveEditorTools/CurveEditorTools.uplugin" 559
"../../../Engine/Plugins/Messaging/TcpMessaging/TcpMessaging.uplugin" 560
"../../../Engine/Plugins/Enterprise/VariantManager/VariantManager.uplugin" 561
"../../../Engine/Plugins/FX/Niagara/Niagara.uplugin" 562
"../../../Engine/Plugins/FX/NiagaraMRQ/NiagaraMRQ.uplugin" 563
"../../../Engine/Plugins/FX/NiagaraFluids/NiagaraFluids.uplugin" 564
"../../../Engine/Plugins/MetaHuman/MetaHumanAnimator/MetaHuman.uplugin" 565
"../../../Engine/Plugins/Interchange/Editor/InterchangeEditor.uplugin" 566
"../../../Engine/Plugins/MetaHuman/MetaHumanSDK/MetaHumanSDK.uplugin" 567
"../../../Engine/Plugins/Editor/UVEditor/UVEditor.uplugin" 568
"../../../Engine/Plugins/Messaging/MessagingDebugger/MessagingDebugger.uplugin" 569
"../../../Engine/Plugins/Interchange/Runtime/Interchange.uplugin" 570
"../../../Engine/Plugins/Importers/AlembicImporter/AlembicImporter.uplugin" 571
"../../../Engine/Plugins/MetaHuman/MetaHumanLiveLink/MetaHumanLiveLink.uplugin" 572
"../../../Engine/Plugins/Portal/LauncherChunkInstaller/LauncherChunkInstaller.uplugin" 573
"../../../Engine/Plugins/VirtualProduction/Avalanche/Avalanche.uplugin" 574
"../../../Engine/Plugins/MetaHuman/MetaHumanCoreTechLib/MetaHumanCoreTech.uplugin" 575
"../../../Engine/Plugins/Editor/FacialAnimation/FacialAnimation.uplugin" 576
"../../../Engine/Plugins/NetcodeUnitTest/NetcodeUnitTest/NetcodeUnitTest.uplugin" 577
"../../../Engine/Plugins/VirtualProduction/CameraCalibrationML/CameraCalibrationML.uplugin" 578
"../../../Engine/Plugins/Messaging/UdpMessaging/UdpMessaging.uplugin" 579
"../../../Engine/Plugins/VirtualProduction/ActorModifierCore/ActorModifierCore.uplugin" 580
"../../../Engine/Plugins/MetaHuman/MetaHumanCharacter/MetaHumanCharacter.uplugin" 581
"../../../Engine/Plugins/VirtualProduction/CompositePlane/CompositePlane.uplugin" 582
"../../../Engine/Plugins/VirtualProduction/ActorModifier/ActorModifier.uplugin" 583
"../../../Engine/Plugins/VirtualProduction/CaptureData/CaptureData.uplugin" 584
"../../../Engine/Plugins/VirtualProduction/DataCharts/DataCharts.uplugin" 585
"../../../Engine/Plugins/VirtualProduction/ClonerEffector/ClonerEffector.uplugin" 586
"../../../Engine/Plugins/VirtualProduction/CinematicAssemblyTools/CinematicAssemblyTools.uplugin" 587
"../../../Engine/Plugins/VirtualProduction/CameraCalibration/CameraCalibration.uplugin" 588
"../../../Engine/Plugins/VirtualProduction/LiveLinkMasterLockit/LiveLinkMasterLockit.uplugin" 589
"../../../Engine/Plugins/VirtualProduction/ICVFXTesting/ICVFXTesting.uplugin" 590
"../../../Engine/Plugins/NetcodeUnitTest/NUTUnrealEngine/NUTUnrealEngine.uplugin" 591
"../../../Engine/Plugins/VirtualProduction/LensComponent/LensComponent.uplugin" 592
"../../../Engine/Plugins/VirtualProduction/ICVFX/ICVFX.uplugin" 593
"../../../Engine/Plugins/VirtualProduction/LevelSnapshots/LevelSnapshots.uplugin" 594
"../../../Engine/Plugins/VirtualProduction/LiveLinkCamera/LiveLinkCamera.uplugin" 595
"../../../Engine/Plugins/VirtualProduction/LiveLinkVRPN/LiveLinkVRPN.uplugin" 596
"../../../Engine/Plugins/VirtualProduction/LiveLinkPrestonMDR/LiveLinkPrestonMDR.uplugin" 597
"../../../Engine/Plugins/VirtualProduction/LiveLinkInputDevice/LiveLinkInputDevice.uplugin" 598
"../../../Engine/Plugins/VirtualProduction/LiveLinkFreeD/LiveLinkFreeD.uplugin" 599
"../../../Engine/Plugins/VirtualProduction/PropertyAnimator/PropertyAnimator.uplugin" 600
"../../../Engine/Plugins/VirtualProduction/LiveLinkOpenTrackIO/LiveLinkOpenTrackIO.uplugin" 601
"../../../Engine/Plugins/MetaHuman/MetaHumanCalibrationProcessing/MetaHumanCalibrationProcessing.uplugin" 602
"../../../Engine/Plugins/VirtualProduction/PropertyAnimatorCore/PropertyAnimatorCore.uplugin" 603
"../../../Engine/Plugins/Importers/USDMultiUser/USDMultiUser.uplugin" 604
"../../../Engine/Plugins/VirtualProduction/DynamicMaterial/DynamicMaterial.uplugin" 605
"../../../Engine/Plugins/VirtualProduction/SequencerPlaylists/SequencerPlaylists.uplugin" 606
"../../../Engine/Plugins/VirtualProduction/StageMonitoring/StageMonitoring.uplugin" 607
"../../../Engine/Plugins/VirtualProduction/CustomDetailsView/CustomDetailsView.uplugin" 608
"../../../Engine/Plugins/VirtualProduction/LiveLinkXR/LiveLinkXR.uplugin" 609
"../../../Engine/Plugins/VirtualProduction/RemoteControlProtocolDMX/RemoteControlProtocolDMX.uplugin" 610
"../../../Engine/Plugins/VirtualProduction/LiveLinkLens/LiveLinkLens.uplugin" 611
"../../../Engine/Plugins/VirtualProduction/StormSync/StormSync.uplugin" 612
"../../../Engine/Plugins/VirtualProduction/Switchboard/Switchboard.uplugin" 613
"../../../Engine/Plugins/VirtualProduction/RemoteControlProtocolOSC/RemoteControlProtocolOSC.uplugin" 614
"../../../Engine/Plugins/VirtualProduction/TextureShare/TextureShare.uplugin" 615
"../../../Engine/Plugins/VirtualProduction/VirtualCamera/VirtualCamera.uplugin" 616
"../../../Engine/Plugins/VirtualProduction/OperatorStack/OperatorStack.uplugin" 617
"../../../Engine/Plugins/VirtualProduction/Takes/Takes.uplugin" 618
"../../../Engine/Plugins/VirtualProduction/EpicStageApp/EpicStageApp.uplugin" 619
"../../../Engine/Plugins/VirtualProduction/PerformanceCaptureWorkflow/PerformanceCaptureWorkflow.uplugin" 620
"../../../Engine/Plugins/VirtualProduction/RemoteControlWebInterface/RemoteControlWebInterface.uplugin" 621
"../../../Engine/Plugins/VirtualProduction/RemoteControlInterception/RemoteControlInterception.uplugin" 622
"../../../Engine/Plugins/VirtualProduction/TimedDataMonitor/TimedDataMonitor.uplugin" 623
"../../../Engine/Plugins/VirtualProduction/StormSyncAvalancheBridge/StormSyncAvalancheBridge.uplugin" 624
"../../../Engine/Plugins/VirtualProduction/MultiUserTakes/MultiUserTakes.uplugin" 625
"../../../Engine/Plugins/VirtualProduction/VirtualScouting/VirtualScouting.uplugin" 626
"../../../Engine/Plugins/Developer/Concert/ConcertMain/ConcertMain.uplugin" 627
"../../../Engine/Plugins/Experimental/Enterprise/DataprepGeometryOperations/DataprepGeometryOperations.uplugin" 628
"../../../Engine/Plugins/VirtualProduction/GeometryMask/GeometryMask.uplugin" 629
"../../../Engine/Plugins/Animation/MLDeformer/MLDeformerFramework/MLDeformerFramework.uplugin" 630
"../../../Engine/Plugins/VirtualProduction/DMX/DatasmithMVR/DatasmithMVR.uplugin" 631
"../../../Engine/Plugins/Experimental/Enterprise/DatasmithRuntime/DatasmithRuntime.uplugin" 632
"../../../Engine/Plugins/Online/Android/AndroidFetchBackgroundDownload/AndroidFetchBackgroundDownload.uplugin" 633
"../../../Engine/Plugins/Animation/MLDeformer/VertexDeltaModel/VertexDeltaModel.uplugin" 634
"../../../Engine/Plugins/Animation/MLDeformer/ChaosClothGenerator/ChaosClothGenerator.uplugin" 635
"../../../Engine/Plugins/VirtualProduction/VirtualCameraCore/VirtualCameraCore.uplugin" 636
"../../../Engine/Plugins/VirtualProduction/DMX/DMXGDTF/DMXGDTF.uplugin" 637
"../../../Engine/Plugins/Animation/MLDeformer/ChaosFleshGenerator/ChaosFleshGenerator.uplugin" 638
"../../../Engine/Plugins/Animation/MLDeformer/NearestNeighborModel/NearestNeighborModel.uplugin" 639
"../../../Engine/Plugins/VirtualProduction/DMX/DMXPixelMapping/DMXPixelMapping.uplugin" 640
"../../../Engine/Plugins/Online/Android/OnlineSubsystemGooglePlay/OnlineSubsystemGooglePlay.uplugin" 641
"../../../Engine/Plugins/Animation/MLDeformer/NeuralMorphModel/NeuralMorphModel.uplugin" 642
"../../../Engine/Plugins/VirtualProduction/RemoteControl/RemoteControl.uplugin" 643
"../../../Engine/Plugins/VirtualProduction/DMX/DMXControlConsole/DMXControlConsole.uplugin" 644
"../../../Engine/Plugins/VirtualProduction/DMX/DMXFixtures/DMXFixtures.uplugin" 645
"../../../Engine/Plugins/VirtualProduction/DMX/DMXEngine/DMXEngine.uplugin" 646
"../../../Engine/Plugins/VirtualProduction/DMX/DMXDisplayCluster/DMXDisplayCluster.uplugin" 647
"../../../Engine/Plugins/VirtualProduction/RemoteControlProtocolMIDI/RemoteControlProtocolMIDI.uplugin" 648
"../../../Engine/Plugins/Experimental/MetaHuman/MetaHumanRuntime/MetaHumanRuntime.uplugin" 649
"../../../Engine/Plugins/VirtualProduction/CameraCalibrationCore/CameraCalibrationCore.uplugin" 650
"../../../Engine/Plugins/Experimental/AVCodecs/AVCodecsCore/AVCodecsCore.uplugin" 651
"../../../Engine/Plugins/Runtime/Analytics/Adjust/Adjust.uplugin" 652
"../../../Engine/Plugins/VirtualProduction/DMX/DMXModularFeatures/DMXModularFeatures.uplugin" 653
"../../../Engine/Plugins/Experimental/Compositing/CompositeCore/CompositeCore.uplugin" 654
"../../../Engine/Plugins/Experimental/Web/WebAPI/WebAPI.uplugin" 655
"../../../Engine/Plugins/Experimental/AVCodecs/VTCodecs/VTCodecs.uplugin" 656
"../../../Engine/Plugins/Experimental/AVCodecs/NVCodecs/NVCodecs.uplugin" 657
"../../../Engine/Plugins/Runtime/AR/ARUtilities/ARUtilities.uplugin" 658
"../../../Engine/Plugins/Experimental/AVCodecs/WMFCodecs/WMFCodecs.uplugin" 659
"../../../Engine/Plugins/VirtualProduction/DMX/DMXProtocol/DMXProtocol.uplugin" 660
"../../../Engine/Plugins/Experimental/Compositing/HoldoutComposite/HoldoutComposite.uplugin" 661
"../../../Engine/Plugins/Experimental/Enterprise/DatasmithInterchange/DatasmithInterchange.uplugin" 662
"../../../Engine/Plugins/Runtime/Database/SQLiteCore/SQLiteCore.uplugin" 663
"../../../Engine/Plugins/Runtime/Analytics/AnalyticsBlueprintLibrary/AnalyticsBlueprintLibrary.uplugin" 664
"../../../Engine/Plugins/Experimental/AVCodecs/LibVpxCodecs/LibVpxCodecs.uplugin" 665
"../../../Engine/Plugins/Runtime/PacketHandlers/DTLSHandlerComponent/DTLSHandlerComponent.uplugin" 666
"../../../Engine/Plugins/Runtime/PacketHandlers/AESHandlerComponent/AESHandlerComponent.uplugin" 667
"../../../Engine/Plugins/Runtime/Steam/SteamSockets/SteamSockets.uplugin" 668
"../../../Engine/Plugins/Runtime/Database/DatabaseSupport/DatabaseSupport.uplugin" 669
"../../../Engine/Plugins/Runtime/Windows/XInputDevice/XInputDevice.uplugin" 670
"../../../Engine/Plugins/Experimental/PCGInterops/PCGInstancedActorsInterop/PCGInstancedActorsInterop.uplugin" 671
"../../../Engine/Plugins/Runtime/Analytics/FileLogging/FileLogging.uplugin" 672
"../../../Engine/Plugins/Runtime/Steam/SteamAudio/SteamAudio.uplugin" 673
"../../../Engine/Plugins/Runtime/Database/RemoteDatabaseSupport/RemoteDatabaseSupport.uplugin" 674
"../../../Engine/Plugins/Experimental/AVCodecs/AMFCodecs/AMFCodecs.uplugin" 675
"../../../Engine/Plugins/Runtime/Database/ADOSupport/ADOSupport.uplugin" 676
"../../../Engine/Plugins/Runtime/Database/SQLiteSupport/SQLiteSupport.uplugin" 677
"../../../Engine/Plugins/Runtime/MeshReconstruction/DummyMeshReconstructor/DummyMeshReconstructor.uplugin" 678
"../../../Engine/Plugins/Runtime/PacketHandlers/AESGCMHandlerComponent/AESGCMHandlerComponent.uplugin" 679
"../../../Engine/Plugins/Experimental/VirtualProduction/LedWallCalibration/LedWallCalibration.uplugin" 680
"../../../Engine/Plugins/Runtime/XR/XRScribe/XRScribe.uplugin" 681
"../../../Engine/Plugins/Runtime/Steam/SteamController/SteamController.uplugin" 682
"../../../Engine/Plugins/Experimental/VirtualProduction/VPSettings/VPSettings.uplugin" 683
"../../../Engine/Plugins/Experimental/PCGInterops/PCGNiagaraInterop/PCGNiagaraInterop.uplugin" 684
"../../../Engine/Plugins/Marketplace/UnrealMetaXRPlugin.83.0/MetaXR/OculusXR.uplugin" 685
"../../../Engine/Plugins/Interchange/Extensions/OpenUSD/InterchangeOpenUSD.uplugin" 686
"../../../Engine/Plugins/Runtime/XR/XRVisualization/XRVisualization.uplugin" 687
"../../../Engine/Plugins/Runtime/Analytics/AnalyticsMulticast/AnalyticsMulticast.uplugin" 688
"../../../Engine/Plugins/Online/VoiceChat/VoiceChat/VoiceChat.uplugin" 689
"../../../Engine/Plugins/Interchange/Extensions/OpenVDB/InterchangeOpenVDB.uplugin" 690
"../../../Engine/Plugins/Runtime/Nvidia/GeForceNOWWrapper/GeForceNOWWrapper.uplugin" 691
"../../../Engine/Plugins/Experimental/PCGInterops/PCGWaterInterop/PCGWaterInterop.uplugin" 692
"../../../Engine/Plugins/Online/IOS/OnlineSubsystemIOS/OnlineSubsystemIOS.uplugin" 693
"../../../Engine/Plugins/Runtime/Nvidia/Reflex/Reflex.uplugin" 694
"../../../Engine/Plugins/Editor/ContentBrowser/ContentBrowserClassDataSource/ContentBrowserClassDataSource.uplugin" 695
"../../../Engine/Plugins/Runtime/Steam/SteamShared/SteamShared.uplugin" 696
"../../../Engine/Plugins/VirtualProduction/Rivermax/RivermaxMedia/RivermaxMedia.uplugin" 697
"../../../Engine/Plugins/Experimental/VirtualProduction/VPRoles/VPRoles.uplugin" 698
"../../../Engine/Plugins/Editor/ObjectMixer/LightMixer/LightMixer.uplugin" 699
"../../../Engine/Plugins/Editor/ContentBrowser/ContentBrowserAliasDataSource/ContentBrowserAliasDataSource.uplugin" 700
"../../../Engine/Plugins/VirtualProduction/Rivermax/RivermaxSync/RivermaxSync.uplugin" 701
"../../../Engine/Plugins/VirtualProduction/Rivermax/RivermaxCore/RivermaxCore.uplugin" 702
"../../../Engine/Plugins/VirtualProduction/CaptureManager/CaptureManagerCore/CaptureManagerCore.uplugin" 703
"../../../Engine/Plugins/Experimental/Animation/HierarchyTable/HierarchyTable.uplugin" 704
"../../../Engine/Plugins/Online/VoiceChat/EOSVoiceChat/EOSVoiceChat.uplugin" 705
"../../../Engine/Plugins/Experimental/Animation/Locomotor/Locomotor.uplugin" 706
"../../../Engine/Plugins/VirtualProduction/CaptureManager/CaptureManagerEditor/CaptureManagerEditor.uplugin" 707
"../../../Engine/Plugins/Runtime/Advertising/IOSTapJoy/IOSTapJoy.uplugin" 708
"../../../Engine/Plugins/Experimental/Animation/RigMapper/RigMapper.uplugin" 709
"../../../Engine/Plugins/Experimental/Animation/PackedAttributes/PackedAttributes.uplugin" 710
"../../../Engine/Plugins/Editor/Localization/PortableObjectFileDataSource/PortableObjectFileDataSource.uplugin" 711
"../../../Engine/Plugins/Editor/ObjectMixer/ObjectMixer/ObjectMixer.uplugin" 712
"../../../Engine/Plugins/Experimental/Animation/ContextualAnimation/ContextualAnimation.uplugin" 713
"../../../Engine/Plugins/Experimental/Animation/HierarchyTableAnimation/HierarchyTableAnimation.uplugin" 714
"../../../Engine/Plugins/Experimental/Animation/TrajectoryTools/TrajectoryTools.uplugin" 715
"../../../Engine/Plugins/Experimental/Animation/CurveExpression/CurveExpression.uplugin" 716
"../../../Engine/Plugins/Experimental/Animation/SkeletonTemplateFramework/SkeletonTemplateFramework.uplugin" 717
"../../../Engine/Plugins/Experimental/Animation/SkeletalMeshMorphTargetEditingTools/SkeletalMeshMorphTargetEditingTools.uplugin" 718
"../../../Engine/Plugins/Runtime/Windows/WinDualShock/WinDualShock.uplugin" 719
"../../../Engine/Plugins/VirtualProduction/CaptureManager/CaptureManagerApp/CaptureManagerApp.uplugin" 720
"../../../Engine/Plugins/Experimental/CharacterFXEditor/ExampleCharacterFXEditor/ExampleCharacterFXEditor.uplugin" 721
"../../../Engine/Plugins/Editor/ContentBrowser/ContentBrowserAssetDataSource/ContentBrowserAssetDataSource.uplugin" 722
"../../../Engine/Plugins/Developer/Concert/ConcertInsights/ConcertInsightsCore/ConcertInsightsCore.uplugin" 723
"../../../Engine/Plugins/Experimental/CharacterFXEditor/BaseCharacterFXEditor/BaseCharacterFXEditor.uplugin" 724
"../../../Engine/Plugins/Developer/Concert/ConcertInsights/ConcertInsightsServer/ConcertInsightsServer.uplugin" 725
"../../../Engine/Plugins/Developer/Concert/ConcertSync/ConcertSyncClient/ConcertSyncClient.uplugin" 726
"../../../Engine/Plugins/Runtime/AR/AppleAR/AppleARKit/AppleARKit.uplugin" 727
"../../../Engine/Plugins/Runtime/AR/AppleAR/AppleARKitFaceSupport/AppleARKitFaceSupport.uplugin" 728
"../../../Engine/Plugins/Experimental/Animation/Optimus/Optimus.uplugin" 729
"../../../Engine/Plugins/Developer/Concert/ConcertSync/ConcertSyncCore/ConcertSyncCore.uplugin" 730
"../../../Engine/Plugins/Developer/Concert/ConcertSync/ConcertSyncServer/ConcertSyncServer.uplugin" 731
"../../../Engine/Plugins/Developer/Concert/ConcertSync/ConcertSyncTest/ConcertSyncTest.uplugin" 732
"../../../Engine/Plugins/Developer/Concert/ConcertInsights/ConcertInsightsVisualizer/ConcertInsightsVisualizer.uplugin" 733
"../../../Engine/Plugins/Runtime/AR/Google/GoogleARCore/GoogleARCore.uplugin" 734
"../../../Engine/Plugins/Editor/ContentBrowser/ContentBrowserFileDataSource/ContentBrowserFileDataSource.uplugin" 735
"../../../Engine/Plugins/Developer/Concert/ConcertUI/ConcertSharedSlate/ConcertSharedSlate.uplugin" 736
"../../../Engine/Plugins/Developer/Concert/ConcertApp/DisasterRecoveryClient/DisasterRecoveryClient.uplugin" 737
"../../../Engine/Plugins/Developer/Concert/ConcertInsights/ConcertInsightsClient/ConcertInsightsClient.uplugin" 738
"../../../Engine/Plugins/Experimental/Animation/MLDeformer/DetailPoseModel/DetailPoseModel.uplugin" 739
"../../../Engine/Plugins/Developer/Concert/ConcertScripting/ConcertReplicationScripting/ConcertReplicationScripting.uplugin" 740
"../../../Engine/Plugins/Developer/Concert/ConcertUI/ConcertClientSharedSlate/ConcertClientSharedSlate.uplugin" 741
"../../../Engine/Plugins/Runtime/AR/Google/GoogleARCoreServices/GoogleARCoreServices.uplugin" 742
"../../../Engine/Plugins/Developer/Concert/ConcertApp/MultiUserServer/MultiUserServer.uplugin" 743
"../../../Engine/Plugins/VirtualProduction/CaptureManager/CaptureManagerDevices/CaptureManagerDevices.uplugin" 744
"../../../Engine/Plugins/Developer/Concert/ConcertApp/MultiUserClient/MultiUserClient.uplugin" 745
"../../../Engine/Plugins/Experimental/Animation/MotionTrajectory/MotionTrajectory.uplugin" 746
"../../../Engine/Platforms/Android/Plugins/RigLogic/RigLogic_Android.uplugin" 747
"../../../Engine/Platforms/Android/Plugins/Animation/ACLPlugin/ACLPlugin_Android.uplugin" 748
"../../../Engine/Platforms/IOS/Plugins/RigLogic/RigLogic_IOS.uplugin" 749
"../../../Engine/Content/Internationalization/icudt64l/cnvalias.icu" 750
"../../../Engine/Content/Internationalization/icudt64l/res_index.res" 751
"../../../Engine/Content/Internationalization/icudt64l/plurals.res" 752
"../../../Engine/Content/Internationalization/icudt64l/lang/en.res" 753
"../../../Engine/Content/Internationalization/icudt64l/lang/pool.res" 754
"../../../Engine/Content/Internationalization/icudt64l/lang/root.res" 755
"../../../Engine/Content/Internationalization/icudt64l/region/en.res" 756
"../../../Engine/Content/Internationalization/icudt64l/region/pool.res" 757
"../../../Engine/Content/Internationalization/icudt64l/region/root.res" 758
"../../../Engine/Content/Internationalization/icudt64l/windowsZones.res" 759
"../../../Engine/Content/Internationalization/icudt64l/zoneinfo64.res" 760
"../../../Engine/Content/Internationalization/icudt64l/keyTypeData.res" 761
"../../../Engine/Content/Internationalization/icudt64l/timezoneTypes.res" 762
"../../../Engine/Content/Internationalization/icudt64l/likelySubtags.res" 763
"../../../Engine/Content/Internationalization/icudt64l/en_US.res" 764
"../../../Engine/Content/Internationalization/icudt64l/pool.res" 765
"../../../Engine/Content/Internationalization/icudt64l/en.res" 766
"../../../Engine/Content/Internationalization/icudt64l/root.res" 767
"../../../Engine/Content/Internationalization/icudt64l/supplementalData.res" 768
"../../../Engine/Config/ConfigRedirects.ini" 769
"C:/Users/rexge/AppData/Local/UnrealEngine/5.6/Saved/Config/WindowsEditor/Manifest.ini" 770
"../../../Engine/Config/BaseEngine.ini" 771
"../../../Engine/Config/Windows/BaseWindowsEngine.ini" 772
"../../../../../../Users/rexge/Documents/Unreal Projects/JR_PRJ4/Config/DefaultEngine.ini" 773
"C:/Users/rexge/AppData/Local/Unreal Engine/Engine/Config/UserEngine.ini" 774
"../../../Engine/Config/BaseGame.ini" 775
"../../../../../../Users/rexge/Documents/Unreal Projects/JR_PRJ4/Config/DefaultGame.ini" 776
"../../../Engine/Config/Windows/WindowsGame.ini" 777
"../../../Engine/Config/BaseInput.ini" 778
"../../../Engine/Config/Windows/BaseWindowsInput.ini" 779
"../../../../../../Users/rexge/Documents/Unreal Projects/JR_PRJ4/Config/DefaultInput.ini" 780
"../../../Engine/Config/Windows/WindowsInput.ini" 781
"../../../Engine/Config/BaseDeviceProfiles.ini" 782
"../../../Engine/Config/BaseGameUserSettings.ini" 783
"C:/Users/rexge/Documents/Unreal Projects/JR_PRJ4/Saved/Config/WindowsEditor/GameUserSettings.ini" 784
"../../../Engine/Config/BaseScalability.ini" 785
"../../../Engine/Config/BaseRuntimeOptions.ini" 786
"../../../Engine/Config/BaseInstallBundle.ini" 787
"../../../Engine/Config/BaseHardware.ini" 788
"../../../Engine/Config/BaseCompat.ini" 789
"../../../Engine/Config/BaseLightmass.ini" 790
"../../../Engine/Config/BaseEditor.ini" 791
"../../../../../../Users/rexge/Documents/Unreal Projects/JR_PRJ4/Config/DefaultEditor.ini" 792
"C:/Users/rexge/Documents/Unreal Projects/JR_PRJ4/Saved/Config/WindowsEditor/Editor.ini" 793
"../../../Engine/Config/BaseMaterialExpressions.ini" 794
"../../../Engine/Config/BaseEditorPerProjectUserSettings.ini" 795
"../../../../../../Users/rexge/Documents/Unreal Projects/JR_PRJ4/Config/DefaultEditorPerProjectUserSettings.ini" 796
"../../../Engine/Config/Windows/WindowsEditorPerProjectUserSettings.ini" 797
"C:/Users/rexge/Documents/Unreal Projects/JR_PRJ4/Saved/Config/WindowsEditor/EditorPerProjectUserSettings.ini" 798
"../../../Engine/Config/BaseEditorSettings.ini" 799
"../../../Engine/Config/Windows/WindowsEditorSettings.ini" 800
"C:/Users/rexge/AppData/Local/UnrealEngine/5.6/Saved/Config/WindowsEditor/EditorSettings.ini" 801
"../../../Engine/Config/BaseEditorKeyBindings.ini" 802
"C:/Users/rexge/AppData/Local/UnrealEngine/5.6/Saved/Config/WindowsEditor/EditorLayout.ini" 803
"../../../Engine/Config/IOS/BaseIOSEngine.ini" 804
"../../../Engine/Binaries/Win64/BootstrapPackagedGame-Win64-Shipping.target" 805
"../../../Engine/Binaries/Win64/BuildPatchTool-Win64-Shipping.target" 806
"../../../Engine/Config/Android/BaseAndroidEngine.ini" 807
"../../../Engine/Binaries/Win64/CrashReportClient-Win64-Shipping.target" 808
"../../../Engine/Config/TVOS/TVOSEngine.ini" 809
"../../../Engine/Config/Android/AndroidEngine.ini" 810
"../../../Engine/Config/Unix/UnixEngine.ini" 811
"../../../Engine/Config/Linux/BaseLinuxEngine.ini" 812
"../../../Engine/Binaries/Win64/CrashReportClientEditor-Win64-Shipping.target" 813
"../../../Engine/Binaries/Win64/DatasmithCADWorker.target" 814
"../../../Engine/Binaries/Win64/EpicWebHelper-Win64-Shipping.target" 815
"../../../Engine/Binaries/Win64/InterchangeWorker.target" 816
"../../../Engine/Binaries/Win64/LiveCodingConsole.target" 817
"../../../Engine/Binaries/Win64/LiveLinkHub.target" 818
"../../../Engine/Config/Linux/LinuxEngine.ini" 819
"../../../Engine/Config/Mac/BaseMacEngine.ini" 820
"../../../Engine/Config/Android/BaseAndroidGame.ini" 821
"../../../Engine/Config/IOS/BaseIOSGame.ini" 822
"../../../Engine/Platforms/VisionOS/Config/BaseVisionOSEngine.ini" 823
"../../../Engine/Config/IOS/IOSGame.ini" 824
"../../../../../../Users/rexge/Documents/Unreal Projects/JR_PRJ4/Config/Mac/MacEngine.ini" 825
"../../../Engine/Platforms/VisionOS/Config/VisionOSEngine.ini" 826
"../../../../../../Users/rexge/Documents/Unreal Projects/JR_PRJ4/Config/VisionOS/VisionOSEngine.ini" 827
"../../../Engine/Config/Android/BaseAndroidInput.ini" 828
"../../../Engine/Config/IOS/BaseIOSInput.ini" 829
"../../../Engine/Config/Mac/MacGame.ini" 830
"../../../Engine/Config/Linux/LinuxGame.ini" 831
"../../../Engine/Config/Mac/BaseMacInput.ini" 832
"../../../Engine/Config/Android/AndroidScalability.ini" 833
"../../../Engine/Config/IOS/IOSScalability.ini" 834
"../../../Engine/Config/Android/BaseAndroidInstallBundle.ini" 835
"../../../Engine/Config/IOS/BaseIOSInstallBundle.ini" 836
"../../../Engine/Binaries/Win64/ShaderCompileWorker.target" 837
"../../../Engine/Binaries/Win64/SwitchboardListener.target" 838
"../../../Engine/Binaries/Win64/SwitchboardListenerHelper.target" 839
"../../../Engine/Binaries/Win64/UnrealEditor-Win64-DebugGame.target" 840
"../../../Engine/Binaries/Win64/UnrealEditor.target" 841
"../../../Engine/Config/PluginBase.ini" 842
"../../../Engine/Plugins/ChaosVD/Config/DefaultChaosVD.ini" 843
"../../../Engine/Plugins/EnhancedInput/Config/BaseEnhancedInput.ini" 844
"../../../Engine/Plugins/Fab/Config/BaseFab.ini" 845
"../../../Engine/Plugins/TraceUtilities/Config/BaseTraceUtilities.ini" 846
"../../../Engine/Plugins/Experimental/FullBodyIK/Config/BaseFullBodyIK.ini" 847
"../../../Engine/Plugins/Experimental/ToolPresets/Config/BaseToolPresets.ini" 848
"../../../Engine/Plugins/Runtime/HairStrands/Config/BaseHairStrands.ini" 849
"../../../Engine/Plugins/Runtime/Metasound/Config/BaseMetasound.ini" 850
"../../../Engine/Plugins/Runtime/Metasound/Config/DefaultMetasound.ini" 851
"../../../Engine/Plugins/Runtime/PropertyBindingUtils/Config/BasePropertyBindingUtils.ini" 852
"../../../Engine/Plugins/Runtime/RigVM/Config/BaseRigVM.ini" 853
"../../../Engine/Plugins/Runtime/StateTree/Config/BaseStateTree.ini" 854
"../../../Engine/Plugins/Runtime/Synthesis/Config/BaseSynthesis.ini" 855
"../../../Engine/Plugins/2D/Paper2D/Config/BasePaper2D.ini" 856
"../../../Engine/Plugins/Animation/ControlRig/Config/BaseControlRig.ini" 857
"../../../Engine/Plugins/Animation/DeformerGraph/Config/BaseDeformerGraph.ini" 858
"../../../Engine/Plugins/Animation/LiveLink/Config/BaseLiveLink.ini" 859
"../../../Engine/Plugins/Animation/IKRig/Config/BaseIKRig.ini" 860
"../../../Engine/Plugins/Cameras/GameplayCameras/Config/BaseGameplayCameras.ini" 861
"../../../Engine/Plugins/Editor/EditorScriptingUtilities/Config/BaseEditorScriptingUtilities.ini" 862
"../../../Engine/Plugins/Enterprise/GLTFExporter/Config/BaseGLTFExporter.ini" 863
"../../../Engine/Plugins/Enterprise/GLTFExporter/Config/DefaultGLTFExporter.ini" 864
"../../../Engine/Plugins/Enterprise/DatasmithContent/Config/BaseDatasmithContent.ini" 865
"../../../Engine/Plugins/Enterprise/VariantManagerContent/Config/BaseVariantManagerContent.ini" 866
"../../../Engine/Plugins/Interchange/Assets/Config/BaseInterchangeAssets.ini" 867
"../../../Engine/Plugins/FX/Niagara/Config/BaseNiagara.ini" 868
"../../../Engine/Plugins/MetaHuman/MetaHumanSDK/Config/BaseMetaHumanSDK.ini" 869
"../../../Engine/Plugins/Interchange/Runtime/Config/BaseInterchange.ini" 870
"../../../Engine/Plugins/VirtualProduction/CameraCalibrationCore/Config/BaseCameraCalibrationCore.ini" 871
"../../../Engine/Plugins/VirtualProduction/Takes/Config/BaseTakes.ini" 872
"../../../Engine/Plugins/Experimental/Compositing/CompositeCore/Config/BaseCompositeCore.ini" 873
"../../../Engine/Plugins/Marketplace/UnrealMetaXRPlugin.83.0/MetaXR/Config/BaseOculusXR.ini" 874
"../../../Engine/Plugins/ChaosVD/Config/Engine.ini" 875
"../../../Engine/Plugins/Runtime/OpenXR/Config/Engine.ini" 876
"../../../Engine/Plugins/EnhancedInput/Config/Input.ini" 877
"../../../Engine/Plugins/Runtime/InputDebugging/Config/Input.ini" 878
"../../../Engine/Plugins/Runtime/Windows/XInputDevice/Config/Input.ini" 879
"../../../Engine/Plugins/NNE/NNEDenoiser/Config/Game.ini" 880
"../../../Engine/Plugins/Online/OnlineSubsystemUtils/Config/Editor.ini" 881
"../../../Engine/Plugins/Runtime/RigVM/Config/Editor.ini" 882
"../../../Engine/Plugins/Runtime/OpenXR/Binaries/Win64/UnrealEditor.modules" 883
"../../../Engine/Plugins/Runtime/XRBase/Binaries/Win64/UnrealEditor.modules" 884
"../../../Engine/Plugins/EnhancedInput/Binaries/Win64/UnrealEditor.modules" 885
"../../../Engine/Plugins/Editor/DataValidation/Binaries/Win64/UnrealEditor.modules" 886
"../../../Engine/Plugins/Runtime/OpenXREyeTracker/Binaries/Win64/UnrealEditor.modules" 887
"../../../Engine/Plugins/Runtime/OpenXRHandTracking/Binaries/Win64/UnrealEditor.modules" 888
"../../../Engine/Plugins/Animation/LiveLink/Binaries/Win64/UnrealEditor.modules" 889
"../../../Engine/Plugins/VirtualProduction/Takes/Binaries/Win64/UnrealEditor.modules" 890
"../../../Engine/Plugins/Editor/ContentBrowser/ContentBrowserAssetDataSource/Binaries/Win64/UnrealEditor.modules" 891
"../../../Engine/Plugins/Runtime/AudioCapture/Binaries/Win64/UnrealEditor.modules" 892
"../../../Engine/Plugins/MovieScene/LevelSequenceEditor/Binaries/Win64/UnrealEditor.modules" 893
"../../../Engine/Plugins/Developer/NamingTokens/Binaries/Win64/UnrealEditor.modules" 894
"../../../Engine/Plugins/MovieScene/SequencerScripting/Binaries/Win64/UnrealEditor.modules" 895
"../../../Engine/Plugins/Editor/EngineAssetDefinitions/Binaries/Win64/UnrealEditor.modules" 896
"../../../Engine/Plugins/Experimental/PythonScriptPlugin/Binaries/Win64/UnrealEditor.modules" 897
"../../../Engine/Plugins/Editor/ContentBrowser/ContentBrowserFileDataSource/Binaries/Win64/UnrealEditor.modules" 898
"../../../Engine/Plugins/Marketplace/UnrealMetaXRPlugin.83.0/MetaXR/Binaries/Win64/UnrealEditor.modules" 899
"../../../Engine/Plugins/Runtime/ProceduralMeshComponent/Binaries/Win64/UnrealEditor.modules" 900
"../../../Engine/Plugins/Runtime/AndroidPermission/Binaries/Win64/UnrealEditor.modules" 901
"../../../Engine/Plugins/Editor/PluginBrowser/Binaries/Win64/UnrealEditor.modules" 902
"../../../Engine/Plugins/Developer/PluginUtils/Binaries/Win64/UnrealEditor.modules" 903
"../../../Engine/Plugins/Marketplace/MetaXRAudio/Binaries/Win64/UnrealEditor.modules" 904
"../../../Engine/Plugins/Bridge/Binaries/Win64/UnrealEditor.modules" 905
"../../../Engine/Plugins/Editor/EditorScriptingUtilities/Binaries/Win64/UnrealEditor.modules" 906
"../../../Engine/Plugins/MetaHuman/MetaHumanSDK/Binaries/Win64/UnrealEditor.modules" 907
"../../../Engine/Plugins/Animation/ControlRig/Binaries/Win64/UnrealEditor.modules" 908
"../../../Engine/Plugins/Runtime/HairStrands/Binaries/Win64/UnrealEditor.modules" 909
"../../../Engine/Plugins/Animation/RigLogic/Binaries/Win64/UnrealEditor.modules" 910
"../../../Engine/Plugins/Online/EOSShared/Binaries/Win64/UnrealEditor.modules" 911
"../../../Engine/Plugins/Runtime/RigVM/Binaries/Win64/UnrealEditor.modules" 912
"../../../Engine/Plugins/Runtime/PropertyAccess/Binaries/Win64/UnrealEditor.modules" 913
"../../../Engine/Plugins/Animation/TweeningUtils/Binaries/Win64/UnrealEditor.modules" 914
"../../../Engine/Plugins/FX/Niagara/Binaries/Win64/UnrealEditor.modules" 915
"../../../Engine/Plugins/Runtime/GeometryCache/Binaries/Win64/UnrealEditor.modules" 916
"../../../Engine/Plugins/Animation/DeformerGraph/Binaries/Win64/UnrealEditor.modules" 917
"../../../Engine/Plugins/Experimental/Dataflow/Binaries/Win64/UnrealEditor.modules" 918
"../../../Engine/Plugins/Runtime/ComputeFramework/Binaries/Win64/UnrealEditor.modules" 919
"../../../Engine/Plugins/Experimental/CharacterFXEditor/BaseCharacterFXEditor/Binaries/Win64/UnrealEditor.modules" 920
"../../../Engine/Plugins/Runtime/GeometryProcessing/Binaries/Win64/UnrealEditor.modules" 921
"../../../Engine/Plugins/Experimental/MeshModelingToolsetExp/Binaries/Win64/UnrealEditor.modules" 922
"../../../Engine/Plugins/Experimental/ChaosCaching/Binaries/Win64/UnrealEditor.modules" 923
"../../../Engine/Plugins/Experimental/EditorDataStorage/Binaries/Win64/UnrealEditor.modules" 924
"../../../Engine/Plugins/Experimental/EditorDataStorageFeatures/Binaries/Win64/UnrealEditor.modules" 925
"../../../Engine/Plugins/Runtime/MeshModelingToolset/Binaries/Win64/UnrealEditor.modules" 926
"../../../Engine/Plugins/Editor/ProxyLODPlugin/Binaries/Win64/UnrealEditor.modules" 927
"../../../Engine/Plugins/Experimental/PlanarCutPlugin/Binaries/Win64/UnrealEditor.modules" 928
"../../../Engine/Plugins/ChaosCloth/Binaries/Win64/UnrealEditor.modules" 929
"../../../Engine/Plugins/ChaosInsights/Binaries/Win64/UnrealEditor.modules" 930
"../../../Engine/Plugins/ChaosVD/Binaries/Win64/UnrealEditor.modules" 931
"../../../Engine/Plugins/CmdLinkServer/Binaries/Win64/UnrealEditor.modules" 932
"../../../Engine/Plugins/Fab/Binaries/Win64/UnrealEditor.modules" 933
"../../../Engine/Plugins/Interchange/Runtime/Binaries/Win64/UnrealEditor.modules" 934
"../../../Engine/Plugins/Enterprise/VariantManagerContent/Binaries/Win64/UnrealEditor.modules" 935
"../../../Engine/Plugins/Enterprise/VariantManager/Binaries/Win64/UnrealEditor.modules" 936
"../../../Engine/Plugins/Interchange/Assets/Binaries/Win64/UnrealEditor.modules" 937
"../../../Engine/Plugins/FastBuildController/Binaries/Win64/UnrealEditor.modules" 938
"../../../Engine/Plugins/IoStoreInsights/Binaries/Win64/UnrealEditor.modules" 939
"../../../Engine/Plugins/MassInsights/Binaries/Win64/UnrealEditor.modules" 940
"../../../Engine/Plugins/MeshPainting/Binaries/Win64/UnrealEditor.modules" 941
"../../../Engine/Plugins/Interchange/Editor/Binaries/Win64/UnrealEditor.modules" 942
"../../../Engine/Plugins/RenderGraphInsights/Binaries/Win64/UnrealEditor.modules" 943
"../../../Engine/Plugins/TraceUtilities/Binaries/Win64/UnrealEditor.modules" 944
"../../../Engine/Plugins/UbaController/Binaries/Win64/UnrealEditor.modules" 945
"../../../Engine/Plugins/WorldMetrics/Binaries/Win64/UnrealEditor.modules" 946
"../../../Engine/Plugins/XGEController/Binaries/Win64/UnrealEditor.modules" 947
"../../../Engine/Plugins/Developer/AnimationSharing/Binaries/Win64/UnrealEditor.modules" 948
"../../../Engine/Plugins/Runtime/SignificanceManager/Binaries/Win64/UnrealEditor.modules" 949
"../../../Engine/Plugins/Developer/CLionSourceCodeAccess/Binaries/Win64/UnrealEditor.modules" 950
"../../../Engine/Plugins/Developer/DumpGPUServices/Binaries/Win64/UnrealEditor.modules" 951
"../../../Engine/Plugins/Developer/GitSourceControl/Binaries/Win64/UnrealEditor.modules" 952
"../../../Engine/Plugins/Developer/N10XSourceCodeAccess/Binaries/Win64/UnrealEditor.modules" 953
"../../../Engine/Plugins/Developer/PerforceSourceControl/Binaries/Win64/UnrealEditor.modules" 954
"../../../Engine/Plugins/Developer/PixWinPlugin/Binaries/Win64/UnrealEditor.modules" 955
"../../../Engine/Plugins/Developer/PlasticSourceControl/Binaries/Win64/UnrealEditor.modules" 956
"../../../Engine/Plugins/Developer/ProjectLauncher/Binaries/Win64/UnrealEditor.modules" 957
"../../../Engine/Plugins/Developer/PropertyAccessNode/Binaries/Win64/UnrealEditor.modules" 958
"../../../Engine/Plugins/Developer/RenderDocPlugin/Binaries/Win64/UnrealEditor.modules" 959
"../../../Engine/Plugins/Developer/RiderSourceCodeAccess/Binaries/Win64/UnrealEditor.modules" 960
"../../../Engine/Plugins/Developer/SubversionSourceControl/Binaries/Win64/UnrealEditor.modules" 961
"../../../Engine/Plugins/Developer/TextureFormatOodle/Binaries/Win64/UnrealEditor.modules" 962
"../../../Engine/Plugins/Developer/UObjectPlugin/Binaries/Win64/UnrealEditor.modules" 963
"../../../Engine/Plugins/Developer/VisualStudioCodeSourceCodeAccess/Binaries/Win64/UnrealEditor.modules" 964
"../../../Engine/Plugins/Developer/VisualStudioSourceCodeAccess/Binaries/Win64/UnrealEditor.modules" 965
"../../../Engine/Plugins/Experimental/AdvancedRenamer/Binaries/Win64/UnrealEditor.modules" 966
"../../../Engine/Plugins/Experimental/AutomationUtils/Binaries/Win64/UnrealEditor.modules" 967
"../../../Engine/Plugins/Experimental/BackChannel/Binaries/Win64/UnrealEditor.modules" 968
"../../../Engine/Plugins/Experimental/ChaosEditor/Binaries/Win64/UnrealEditor.modules" 969
"../../../Engine/Plugins/Experimental/GeometryCollectionPlugin/Binaries/Win64/UnrealEditor.modules" 970
"../../../Engine/Plugins/Experimental/Fracture/Binaries/Win64/UnrealEditor.modules" 971
"../../../Engine/Plugins/Experimental/ChaosSolverPlugin/Binaries/Win64/UnrealEditor.modules" 972
"../../../Engine/Plugins/Experimental/GeometryDataflow/Binaries/Win64/UnrealEditor.modules" 973
"../../../Engine/Plugins/Experimental/ChaosNiagara/Binaries/Win64/UnrealEditor.modules" 974
"../../../Engine/Plugins/Experimental/ChaosUserDataPT/Binaries/Win64/UnrealEditor.modules" 975
"../../../Engine/Plugins/Experimental/CharacterAI/Binaries/Win64/UnrealEditor.modules" 976
"../../../Engine/Plugins/Experimental/EditorPerformance/Binaries/Win64/UnrealEditor.modules" 977
"../../../Engine/Plugins/Experimental/EditorTelemetry/Binaries/Win64/UnrealEditor.modules" 978
"../../../Engine/Plugins/Experimental/LevelSequenceNavigatorBridge/Binaries/Win64/UnrealEditor.modules" 979
"../../../Engine/Plugins/Experimental/SequenceNavigator/Binaries/Win64/UnrealEditor.modules" 980
"../../../Engine/Plugins/Experimental/LocalizableMessage/Binaries/Win64/UnrealEditor.modules" 981
"../../../Engine/Plugins/Experimental/NFORDenoise/Binaries/Win64/UnrealEditor.modules" 982
"../../../Engine/Plugins/Experimental/PlatformCrypto/Binaries/Win64/UnrealEditor.modules" 983
"../../../Engine/Plugins/Experimental/RuntimeTelemetry/Binaries/Win64/UnrealEditor.modules" 984
"../../../Engine/Plugins/Experimental/SkeletalReduction/Binaries/Win64/UnrealEditor.modules" 985
"../../../Engine/Plugins/Experimental/ToolPresets/Binaries/Win64/UnrealEditor.modules" 986
"../../../Engine/Plugins/MovieScene/ActorSequence/Binaries/Win64/UnrealEditor.modules" 987
"../../../Engine/Plugins/NNE/NNEDenoiser/Binaries/Win64/UnrealEditor.modules" 988
"../../../Engine/Plugins/NNE/NNERuntimeORT/Binaries/Win64/UnrealEditor.modules" 989
"../../../Engine/Plugins/Media/AndroidMedia/Binaries/Win64/UnrealEditor.modules" 990
"../../../Engine/Plugins/Media/AvfMedia/Binaries/Win64/UnrealEditor.modules" 991
"../../../Engine/Plugins/Media/ImgMedia/Binaries/Win64/UnrealEditor.modules" 992
"../../../Engine/Plugins/Media/MediaPlayerEditor/Binaries/Win64/UnrealEditor.modules" 993
"../../../Engine/Plugins/Media/MediaCompositing/Binaries/Win64/UnrealEditor.modules" 994
"../../../Engine/Plugins/Media/MediaPlate/Binaries/Win64/UnrealEditor.modules" 995
"../../../Engine/Plugins/Experimental/Compositing/CompositeCore/Binaries/Win64/UnrealEditor.modules" 996
"../../../Engine/Plugins/Media/WmfMedia/Binaries/Win64/UnrealEditor.modules" 997
"../../../Engine/Plugins/Online/OnlineBase/Binaries/Win64/UnrealEditor.modules" 998
"../../../Engine/Plugins/Online/OnlineSubsystem/Binaries/Win64/UnrealEditor.modules" 999
"../../../Engine/Plugins/Online/OnlineSubsystemUtils/Binaries/Win64/UnrealEditor.modules" 1000
"../../../Engine/Plugins/Online/OnlineServices/Binaries/Win64/UnrealEditor.modules" 1001
"../../../Engine/Plugins/Runtime/ActorLayerUtilities/Binaries/Win64/UnrealEditor.modules" 1002
"../../../Engine/Plugins/Online/OnlineSubsystemNull/Binaries/Win64/UnrealEditor.modules" 1003
"../../../Engine/Plugins/Runtime/AndroidDeviceProfileSelector/Binaries/Win64/UnrealEditor.modules" 1004
"../../../Engine/Plugins/Runtime/AndroidFileServer/Binaries/Win64/UnrealEditor.modules" 1005
"../../../Engine/Plugins/Runtime/ArchVisCharacter/Binaries/Win64/UnrealEditor.modules" 1006
"../../../Engine/Plugins/Runtime/AssetTags/Binaries/Win64/UnrealEditor.modules" 1007
"../../../Engine/Plugins/Runtime/AppleImageUtils/Binaries/Win64/UnrealEditor.modules" 1008
"../../../Engine/Plugins/Runtime/CableComponent/Binaries/Win64/UnrealEditor.modules" 1009
"../../../Engine/Plugins/Runtime/ChunkDownloader/Binaries/Win64/UnrealEditor.modules" 1010
"../../../Engine/Plugins/Runtime/CustomMeshComponent/Binaries/Win64/UnrealEditor.modules" 1011
"../../../Engine/Plugins/Runtime/GooglePAD/Binaries/Win64/UnrealEditor.modules" 1012
"../../../Engine/Plugins/Runtime/ExampleDeviceProfileSelector/Binaries/Win64/UnrealEditor.modules" 1013
"../../../Engine/Plugins/Runtime/InputDebugging/Binaries/Win64/UnrealEditor.modules" 1014
"../../../Engine/Plugins/Runtime/LocationServicesBPLibrary/Binaries/Win64/UnrealEditor.modules" 1015
"../../../Engine/Plugins/Runtime/Metasound/Binaries/Win64/UnrealEditor.modules" 1016
"../../../Engine/Plugins/Runtime/AudioWidgets/Binaries/Win64/UnrealEditor.modules" 1017
"../../../Engine/Plugins/Runtime/AudioSynesthesia/Binaries/Win64/UnrealEditor.modules" 1018
"../../../Engine/Plugins/Runtime/WaveTable/Binaries/Win64/UnrealEditor.modules" 1019
"../../../Engine/Plugins/Runtime/MsQuic/Binaries/Win64/UnrealEditor.modules" 1020
"../../../Engine/Plugins/Runtime/MobilePatchingUtils/Binaries/Win64/UnrealEditor.modules" 1021
"../../../Engine/Plugins/Runtime/SoundFields/Binaries/Win64/UnrealEditor.modules" 1022
"../../../Engine/Plugins/Runtime/ResonanceAudio/Binaries/Win64/UnrealEditor.modules" 1023
"../../../Engine/Plugins/Runtime/WebMMoviePlayer/Binaries/Win64/UnrealEditor.modules" 1024
"../../../Engine/Plugins/Media/WebMMedia/Binaries/Win64/UnrealEditor.modules" 1025
"../../../Engine/Plugins/Runtime/WindowsDeviceProfileSelector/Binaries/Win64/UnrealEditor.modules" 1026
"../../../Engine/Plugins/Runtime/WindowsMoviePlayer/Binaries/Win64/UnrealEditor.modules" 1027
"../../../Engine/Plugins/Runtime/Synthesis/Binaries/Win64/UnrealEditor.modules" 1028
"../../../Engine/Plugins/Tests/InterchangeTests/Binaries/Win64/UnrealEditor.modules" 1029
"../../../Engine/Plugins/2D/Paper2D/Binaries/Win64/UnrealEditor.modules" 1030
"../../../Engine/Plugins/AI/AISupport/Binaries/Win64/UnrealEditor.modules" 1031
"../../../Engine/Plugins/AI/EnvironmentQueryEditor/Binaries/Win64/UnrealEditor.modules" 1032
"../../../Engine/Plugins/Animation/AnimationData/Binaries/Win64/UnrealEditor.modules" 1033
"../../../Engine/Plugins/Animation/AnimationModifierLibrary/Binaries/Win64/UnrealEditor.modules" 1034
"../../../Engine/Plugins/Animation/ACLPlugin/Binaries/Win64/UnrealEditor.modules" 1035
"../../../Engine/Plugins/Animation/ControlRigSpline/Binaries/Win64/UnrealEditor.modules" 1036
"../../../Engine/Plugins/Animation/BlendSpaceMotionAnalysis/Binaries/Win64/UnrealEditor.modules" 1037
"../../../Engine/Plugins/Animation/IKRig/Binaries/Win64/UnrealEditor.modules" 1038
"../../../Engine/Plugins/Experimental/FullBodyIK/Binaries/Win64/UnrealEditor.modules" 1039
"../../../Engine/Plugins/Animation/SkeletalMeshModelingTools/Binaries/Win64/UnrealEditor.modules" 1040
"../../../Engine/Plugins/Editor/ModelingToolsEditorMode/Binaries/Win64/UnrealEditor.modules" 1041
"../../../Engine/Plugins/Editor/MeshLODToolset/Binaries/Win64/UnrealEditor.modules" 1042
"../../../Engine/Plugins/Editor/StylusInput/Binaries/Win64/UnrealEditor.modules" 1043
"../../../Engine/Plugins/Experimental/GeometryFlow/Binaries/Win64/UnrealEditor.modules" 1044
"../../../Engine/Plugins/Cameras/EngineCameras/Binaries/Win64/UnrealEditor.modules" 1045
"../../../Engine/Plugins/MovieScene/TemplateSequence/Binaries/Win64/UnrealEditor.modules" 1046
"../../../Engine/Plugins/Cameras/GameplayCameras/Binaries/Win64/UnrealEditor.modules" 1047
"../../../Engine/Plugins/VirtualProduction/CameraCalibrationCore/Binaries/Win64/UnrealEditor.modules" 1048
"../../../Engine/Plugins/Runtime/StateTree/Binaries/Win64/UnrealEditor.modules" 1049
"../../../Engine/Plugins/Animation/GameplayInsights/Binaries/Win64/UnrealEditor.modules" 1050
"../../../Engine/Plugins/Runtime/PropertyBindingUtils/Binaries/Win64/UnrealEditor.modules" 1051
"../../../Engine/Plugins/Cameras/CameraShakePreviewer/Binaries/Win64/UnrealEditor.modules" 1052
"../../../Engine/Plugins/Editor/AssetManagerEditor/Binaries/Win64/UnrealEditor.modules" 1053
"../../../Engine/Plugins/Compression/OodleNetwork/Binaries/Win64/UnrealEditor.modules" 1054
"../../../Engine/Plugins/Editor/ColorGrading/Binaries/Win64/UnrealEditor.modules" 1055
"../../../Engine/Plugins/Editor/ObjectMixer/ObjectMixer/Binaries/Win64/UnrealEditor.modules" 1056
"../../../Engine/Plugins/Editor/BlueprintHeaderView/Binaries/Win64/UnrealEditor.modules" 1057
"../../../Engine/Plugins/Editor/CryptoKeys/Binaries/Win64/UnrealEditor.modules" 1058
"../../../Engine/Plugins/Editor/ChangelistReview/Binaries/Win64/UnrealEditor.modules" 1059
"../../../Engine/Plugins/Editor/CurveEditorTools/Binaries/Win64/UnrealEditor.modules" 1060
"../../../Engine/Plugins/Editor/GeometryMode/Binaries/Win64/UnrealEditor.modules" 1061
"../../../Engine/Plugins/Editor/FacialAnimation/Binaries/Win64/UnrealEditor.modules" 1062
"../../../Engine/Plugins/Editor/GameplayTagsEditor/Binaries/Win64/UnrealEditor.modules" 1063
"../../../Engine/Plugins/Editor/EditorDebugTools/Binaries/Win64/UnrealEditor.modules" 1064
"../../../Engine/Plugins/Editor/MobileLauncherProfileWizard/Binaries/Win64/UnrealEditor.modules" 1065
"../../../Engine/Plugins/Editor/MaterialAnalyzer/Binaries/Win64/UnrealEditor.modules" 1066
"../../../Engine/Plugins/Editor/SequencerAnimTools/Binaries/Win64/UnrealEditor.modules" 1067
"../../../Engine/Plugins/Editor/SpeedTreeImporter/Binaries/Win64/UnrealEditor.modules" 1068
"../../../Engine/Plugins/Editor/UMGWidgetPreview/Binaries/Win64/UnrealEditor.modules" 1069
"../../../Engine/Plugins/Enterprise/GLTFExporter/Binaries/Win64/UnrealEditor.modules" 1070
"../../../Engine/Plugins/Editor/WorldPartitionHLODUtilities/Binaries/Win64/UnrealEditor.modules" 1071
"../../../Engine/Plugins/Enterprise/DatasmithContent/Binaries/Win64/UnrealEditor.modules" 1072
"../../../Engine/Plugins/FX/Cascade/Binaries/Win64/UnrealEditor.modules" 1073
"../../../Engine/Plugins/Importers/AlembicImporter/Binaries/Win64/UnrealEditor.modules" 1074
"../../../Engine/Plugins/FX/NiagaraSimCaching/Binaries/Win64/UnrealEditor.modules" 1075
"../../../Engine/Plugins/Messaging/TcpMessaging/Binaries/Win64/UnrealEditor.modules" 1076
"../../../Engine/Plugins/Editor/UVEditor/Binaries/Win64/UnrealEditor.modules" 1077
"../../../Engine/Plugins/Portal/LauncherChunkInstaller/Binaries/Win64/UnrealEditor.modules" 1078
"../../../Engine/Plugins/Messaging/UdpMessaging/Binaries/Win64/UnrealEditor.modules" 1079
"../../../Engine/Plugins/Runtime/Windows/XInputDevice/Binaries/Win64/UnrealEditor.modules" 1080
"../../../Engine/Plugins/Editor/ContentBrowser/ContentBrowserClassDataSource/Binaries/Win64/UnrealEditor.modules" 1081
"../../../Engine/Plugins/Editor/ObjectMixer/LightMixer/Binaries/Win64/UnrealEditor.modules" 1082
"../../../Engine/Plugins/Editor/Localization/PortableObjectFileDataSource/Binaries/Win64/UnrealEditor.modules" 1083
"../../../Engine/Config/BaseSourceControlSettings.ini" 1084
"C:/Users/rexge/AppData/Local/UnrealEngine/5.6/Saved/Config/WindowsEditor/SourceControlSettings.ini" 1085
"C:/Users/rexge/Documents/Unreal Projects/JR_PRJ4/Saved/Config/WindowsEditor/SourceControlSettings.ini" 1086
"../../../Engine/Content/Internationalization/icudt64l/coll/ucadata.icu" 1087
"../../../Engine/Content/Internationalization/icudt64l/coll/en_US.res" 1088
"../../../Engine/Content/Internationalization/icudt64l/coll/en.res" 1089
"../../../Engine/Content/Internationalization/icudt64l/coll/root.res" 1090
"../../../Engine/Content/Certificates/ThirdParty/cacert.pem" 1091
"../../../Engine/Config/ConsoleVariables.ini" 1092
"../../../Engine/Binaries/Win64/Android/UnrealEditor.modules" 1093
"../../../Engine/Binaries/Win64/IOS/UnrealEditor.modules" 1094
"../../../Engine/Binaries/Win64/Linux/UnrealEditor.modules" 1095
"../../../Engine/Content/Localization/Editor/en/Editor.locres" 1096
"../../../Engine/Content/Localization/EditorTutorials/en/EditorTutorials.locres" 1097
"../../../Engine/Content/Localization/Keywords/en/Keywords.locres" 1098
"../../../Engine/Content/Localization/Category/en/Category.locres" 1099
"../../../Engine/Content/Localization/ToolTips/en/ToolTips.locres" 1100
"../../../Engine/Content/Localization/PropertyNames/en/PropertyNames.locres" 1101
"../../../Engine/Content/Localization/Engine/en/Engine.locres" 1102
"../../../Engine/Plugins/Online/OnlineSubsystem/Content/Localization/OnlineSubsystem/en/OnlineSubsystem.locres" 1103
"../../../Engine/Plugins/Online/OnlineSubsystemUtils/Content/Localization/OnlineSubsystemUtils/en/OnlineSubsystemUtils.locres" 1104
"../../../Engine/Plugins/MetaHuman/MetaHumanSDK/Content/Localization/MetaHumanSDK/en/MetaHumanSDK.locres" 1105
"../../../Engine/Plugins/Online/Android/OnlineSubsystemGooglePlay/Content/Localization/OnlineSubsystemGooglePlay/en/OnlineSubsystemGooglePlay.locres" 1106
"../../../Engine/Plugins/Online/IOS/OnlineSubsystemIOS/Content/Localization/OnlineSubsystemIOS/en/OnlineSubsystemIOS.locres" 1107
"../../../Engine/Content/Internationalization/icudt64l/numberingSystems.res" 1108
"../../../Engine/Content/Internationalization/icudt64l/curr/supplementalData.res" 1109
"../../../Engine/Content/Internationalization/icudt64l/curr/en.res" 1110
"../../../Engine/Content/Internationalization/icudt64l/curr/pool.res" 1111
"../../../Engine/Content/Internationalization/icudt64l/curr/root.res" 1112
"../../../Engine/Content/Internationalization/icudt64l/lang/af.res" 1113
"../../../Engine/Content/Internationalization/icudt64l/region/af.res" 1114
"../../../Engine/Content/Internationalization/icudt64l/lang/agq.res" 1115
"../../../Engine/Content/Internationalization/icudt64l/region/agq.res" 1116
"../../../Engine/Content/Internationalization/icudt64l/lang/ak.res" 1117
"../../../Engine/Content/Internationalization/icudt64l/region/ak.res" 1118
"../../../Engine/Content/Internationalization/icudt64l/lang/am.res" 1119
"../../../Engine/Content/Internationalization/icudt64l/region/am.res" 1120
"../../../Engine/Content/Internationalization/icudt64l/lang/ar.res" 1121
"../../../Engine/Content/Internationalization/icudt64l/region/ar.res" 1122
"../../../Engine/Content/Internationalization/icudt64l/region/ar_AE.res" 1123
"../../../Engine/Content/Internationalization/icudt64l/lang/ar_EG.res" 1124
"../../../Engine/Content/Internationalization/icudt64l/lang/ar_LY.res" 1125
"../../../Engine/Content/Internationalization/icudt64l/region/ar_LY.res" 1126
"../../../Engine/Content/Internationalization/icudt64l/lang/ar_SA.res" 1127
"../../../Engine/Content/Internationalization/icudt64l/region/ar_SA.res" 1128
"../../../Engine/Content/Internationalization/icudt64l/lang/as.res" 1129
"../../../Engine/Content/Internationalization/icudt64l/region/as.res" 1130
"../../../Engine/Content/Internationalization/icudt64l/lang/asa.res" 1131
"../../../Engine/Content/Internationalization/icudt64l/region/asa.res" 1132
"../../../Engine/Content/Internationalization/icudt64l/lang/ast.res" 1133
"../../../Engine/Content/Internationalization/icudt64l/region/ast.res" 1134
"../../../Engine/Content/Internationalization/icudt64l/lang/az.res" 1135
"../../../Engine/Content/Internationalization/icudt64l/lang/az_Cyrl.res" 1136
"../../../Engine/Content/Internationalization/icudt64l/lang/az_AZ.res" 1137
"../../../Engine/Content/Internationalization/icudt64l/lang/az_Latn_AZ.res" 1138
"../../../Engine/Content/Internationalization/icudt64l/lang/az_Latn.res" 1139
"../../../Engine/Content/Internationalization/icudt64l/region/az_AZ.res" 1140
"../../../Engine/Content/Internationalization/icudt64l/region/az_Latn_AZ.res" 1141
"../../../Engine/Content/Internationalization/icudt64l/region/az_Latn.res" 1142
"../../../Engine/Content/Internationalization/icudt64l/region/az.res" 1143
"../../../Engine/Content/Internationalization/icudt64l/region/az_Cyrl.res" 1144
"../../../Engine/Content/Internationalization/icudt64l/lang/bas.res" 1145
"../../../Engine/Content/Internationalization/icudt64l/region/bas.res" 1146
"../../../Engine/Content/Internationalization/icudt64l/lang/be.res" 1147
"../../../Engine/Content/Internationalization/icudt64l/region/be.res" 1148
"../../../Engine/Content/Internationalization/icudt64l/lang/bem.res" 1149
"../../../Engine/Content/Internationalization/icudt64l/region/bem.res" 1150
"../../../Engine/Content/Internationalization/icudt64l/lang/bez.res" 1151
"../../../Engine/Content/Internationalization/icudt64l/region/bez.res" 1152
"../../../Engine/Content/Internationalization/icudt64l/lang/bg.res" 1153
"../../../Engine/Content/Internationalization/icudt64l/region/bg.res" 1154
"../../../Engine/Content/Internationalization/icudt64l/lang/bm.res" 1155
"../../../Engine/Content/Internationalization/icudt64l/region/bm.res" 1156
"../../../Engine/Content/Internationalization/icudt64l/lang/bn.res" 1157
"../../../Engine/Content/Internationalization/icudt64l/region/bn.res" 1158
"../../../Engine/Content/Internationalization/icudt64l/lang/bn_IN.res" 1159
"../../../Engine/Content/Internationalization/icudt64l/region/bn_IN.res" 1160
"../../../Engine/Content/Internationalization/icudt64l/lang/bo.res" 1161
"../../../Engine/Content/Internationalization/icudt64l/region/bo.res" 1162
"../../../Engine/Content/Internationalization/icudt64l/region/bo_IN.res" 1163
"../../../Engine/Content/Internationalization/icudt64l/lang/br.res" 1164
"../../../Engine/Content/Internationalization/icudt64l/region/br.res" 1165
"../../../Engine/Content/Internationalization/icudt64l/lang/brx.res" 1166
"../../../Engine/Content/Internationalization/icudt64l/region/brx.res" 1167
"../../../Engine/Content/Internationalization/icudt64l/lang/bs.res" 1168
"../../../Engine/Content/Internationalization/icudt64l/lang/bs_Cyrl.res" 1169
"../../../Engine/Content/Internationalization/icudt64l/lang/bs_BA.res" 1170
"../../../Engine/Content/Internationalization/icudt64l/lang/bs_Latn_BA.res" 1171
"../../../Engine/Content/Internationalization/icudt64l/lang/bs_Latn.res" 1172
"../../../Engine/Content/Internationalization/icudt64l/region/bs_BA.res" 1173
"../../../Engine/Content/Internationalization/icudt64l/region/bs_Latn_BA.res" 1174
"../../../Engine/Content/Internationalization/icudt64l/region/bs_Latn.res" 1175
"../../../Engine/Content/Internationalization/icudt64l/region/bs.res" 1176
"../../../Engine/Content/Internationalization/icudt64l/region/bs_Cyrl.res" 1177
"../../../Engine/Content/Internationalization/icudt64l/lang/ca.res" 1178
"../../../Engine/Content/Internationalization/icudt64l/region/ca.res" 1179
"../../../Engine/Content/Internationalization/icudt64l/lang/ccp.res" 1180
"../../../Engine/Content/Internationalization/icudt64l/region/ccp.res" 1181
"../../../Engine/Content/Internationalization/icudt64l/lang/ce.res" 1182
"../../../Engine/Content/Internationalization/icudt64l/region/ce.res" 1183
"../../../Engine/Content/Internationalization/icudt64l/lang/ceb.res" 1184
"../../../Engine/Content/Internationalization/icudt64l/region/ceb.res" 1185
"../../../Engine/Content/Internationalization/icudt64l/lang/cgg.res" 1186
"../../../Engine/Content/Internationalization/icudt64l/region/cgg.res" 1187
"../../../Engine/Content/Internationalization/icudt64l/lang/chr.res" 1188
"../../../Engine/Content/Internationalization/icudt64l/region/chr.res" 1189
"../../../Engine/Content/Internationalization/icudt64l/lang/ckb.res" 1190
"../../../Engine/Content/Internationalization/icudt64l/region/ckb.res" 1191
"../../../Engine/Content/Internationalization/icudt64l/lang/cs.res" 1192
"../../../Engine/Content/Internationalization/icudt64l/region/cs.res" 1193
"../../../Engine/Content/Internationalization/icudt64l/lang/cy.res" 1194
"../../../Engine/Content/Internationalization/icudt64l/region/cy.res" 1195
"../../../Engine/Content/Internationalization/icudt64l/lang/da.res" 1196
"../../../Engine/Content/Internationalization/icudt64l/region/da.res" 1197
"../../../Engine/Content/Internationalization/icudt64l/lang/dav.res" 1198
"../../../Engine/Content/Internationalization/icudt64l/region/dav.res" 1199
"../../../Engine/Content/Internationalization/icudt64l/lang/de.res" 1200
"../../../Engine/Content/Internationalization/icudt64l/lang/de_AT.res" 1201
"../../../Engine/Content/Internationalization/icudt64l/region/de_AT.res" 1202
"../../../Engine/Content/Internationalization/icudt64l/region/de.res" 1203
"../../../Engine/Content/Internationalization/icudt64l/lang/de_CH.res" 1204
"../../../Engine/Content/Internationalization/icudt64l/region/de_CH.res" 1205
"../../../Engine/Content/Internationalization/icudt64l/lang/de_LU.res" 1206
"../../../Engine/Content/Internationalization/icudt64l/lang/dje.res" 1207
"../../../Engine/Content/Internationalization/icudt64l/region/dje.res" 1208
"../../../Engine/Content/Internationalization/icudt64l/lang/dsb.res" 1209
"../../../Engine/Content/Internationalization/icudt64l/region/dsb.res" 1210
"../../../Engine/Content/Internationalization/icudt64l/lang/dua.res" 1211
"../../../Engine/Content/Internationalization/icudt64l/region/dua.res" 1212
"../../../Engine/Content/Internationalization/icudt64l/lang/dyo.res" 1213
"../../../Engine/Content/Internationalization/icudt64l/region/dyo.res" 1214
"../../../Engine/Content/Internationalization/icudt64l/lang/dz.res" 1215
"../../../Engine/Content/Internationalization/icudt64l/region/dz.res" 1216
"../../../Engine/Content/Internationalization/icudt64l/lang/ebu.res" 1217
"../../../Engine/Content/Internationalization/icudt64l/region/ebu.res" 1218
"../../../Engine/Content/Internationalization/icudt64l/lang/ee.res" 1219
"../../../Engine/Content/Internationalization/icudt64l/region/ee.res" 1220
"../../../Engine/Content/Internationalization/icudt64l/lang/el.res" 1221
"../../../Engine/Content/Internationalization/icudt64l/region/el.res" 1222
"../../../Engine/Content/Internationalization/icudt64l/lang/en_001.res" 1223
"../../../Engine/Content/Internationalization/icudt64l/lang/en_150.res" 1224
"../../../Engine/Content/Internationalization/icudt64l/region/en_150.res" 1225
"../../../Engine/Content/Internationalization/icudt64l/lang/en_AG.res" 1226
"../../../Engine/Content/Internationalization/icudt64l/region/en_AG.res" 1227
"../../../Engine/Content/Internationalization/icudt64l/lang/en_AI.res" 1228
"../../../Engine/Content/Internationalization/icudt64l/region/en_AI.res" 1229
"../../../Engine/Content/Internationalization/icudt64l/lang/en_AT.res" 1230
"../../../Engine/Content/Internationalization/icudt64l/region/en_AT.res" 1231
"../../../Engine/Content/Internationalization/icudt64l/lang/en_AU.res" 1232
"../../../Engine/Content/Internationalization/icudt64l/region/en_AU.res" 1233
"../../../Engine/Content/Internationalization/icudt64l/lang/en_BB.res" 1234
"../../../Engine/Content/Internationalization/icudt64l/region/en_BB.res" 1235
"../../../Engine/Content/Internationalization/icudt64l/lang/en_BE.res" 1236
"../../../Engine/Content/Internationalization/icudt64l/region/en_BE.res" 1237
"../../../Engine/Content/Internationalization/icudt64l/lang/en_BM.res" 1238
"../../../Engine/Content/Internationalization/icudt64l/region/en_BM.res" 1239
"../../../Engine/Content/Internationalization/icudt64l/lang/en_BS.res" 1240
"../../../Engine/Content/Internationalization/icudt64l/region/en_BS.res" 1241
"../../../Engine/Content/Internationalization/icudt64l/lang/en_BW.res" 1242
"../../../Engine/Content/Internationalization/icudt64l/region/en_BW.res" 1243
"../../../Engine/Content/Internationalization/icudt64l/lang/en_BZ.res" 1244
"../../../Engine/Content/Internationalization/icudt64l/region/en_BZ.res" 1245
"../../../Engine/Content/Internationalization/icudt64l/lang/en_CA.res" 1246
"../../../Engine/Content/Internationalization/icudt64l/region/en_CA.res" 1247
"../../../Engine/Content/Internationalization/icudt64l/lang/en_CC.res" 1248
"../../../Engine/Content/Internationalization/icudt64l/region/en_CC.res" 1249
"../../../Engine/Content/Internationalization/icudt64l/lang/en_CH.res" 1250
"../../../Engine/Content/Internationalization/icudt64l/region/en_CH.res" 1251
"../../../Engine/Content/Internationalization/icudt64l/lang/en_CK.res" 1252
"../../../Engine/Content/Internationalization/icudt64l/region/en_CK.res" 1253
"../../../Engine/Content/Internationalization/icudt64l/lang/en_CM.res" 1254
"../../../Engine/Content/Internationalization/icudt64l/region/en_CM.res" 1255
"../../../Engine/Content/Internationalization/icudt64l/lang/en_CX.res" 1256
"../../../Engine/Content/Internationalization/icudt64l/region/en_CX.res" 1257
"../../../Engine/Content/Internationalization/icudt64l/lang/en_CY.res" 1258
"../../../Engine/Content/Internationalization/icudt64l/region/en_CY.res" 1259
"../../../Engine/Content/Internationalization/icudt64l/lang/en_DE.res" 1260
"../../../Engine/Content/Internationalization/icudt64l/region/en_DE.res" 1261
"../../../Engine/Content/Internationalization/icudt64l/lang/en_DG.res" 1262
"../../../Engine/Content/Internationalization/icudt64l/region/en_DG.res" 1263
"../../../Engine/Content/Internationalization/icudt64l/lang/en_DK.res" 1264
"../../../Engine/Content/Internationalization/icudt64l/region/en_DK.res" 1265
"../../../Engine/Content/Internationalization/icudt64l/lang/en_DM.res" 1266
"../../../Engine/Content/Internationalization/icudt64l/region/en_DM.res" 1267
"../../../Engine/Content/Internationalization/icudt64l/lang/en_ER.res" 1268
"../../../Engine/Content/Internationalization/icudt64l/region/en_ER.res" 1269
"../../../Engine/Content/Internationalization/icudt64l/lang/en_FI.res" 1270
"../../../Engine/Content/Internationalization/icudt64l/region/en_FI.res" 1271
"../../../Engine/Content/Internationalization/icudt64l/lang/en_FJ.res" 1272
"../../../Engine/Content/Internationalization/icudt64l/region/en_FJ.res" 1273
"../../../Engine/Content/Internationalization/icudt64l/lang/en_FK.res" 1274
"../../../Engine/Content/Internationalization/icudt64l/region/en_FK.res" 1275
"../../../Engine/Content/Internationalization/icudt64l/lang/en_FM.res" 1276
"../../../Engine/Content/Internationalization/icudt64l/region/en_FM.res" 1277
"../../../Engine/Content/Internationalization/icudt64l/lang/en_GB.res" 1278
"../../../Engine/Content/Internationalization/icudt64l/region/en_GB.res" 1279
"../../../Engine/Content/Internationalization/icudt64l/lang/en_GD.res" 1280
"../../../Engine/Content/Internationalization/icudt64l/region/en_GD.res" 1281
"../../../Engine/Content/Internationalization/icudt64l/lang/en_GG.res" 1282
"../../../Engine/Content/Internationalization/icudt64l/region/en_GG.res" 1283
"../../../Engine/Content/Internationalization/icudt64l/lang/en_GH.res" 1284
"../../../Engine/Content/Internationalization/icudt64l/region/en_GH.res" 1285
"../../../Engine/Content/Internationalization/icudt64l/lang/en_GI.res" 1286
"../../../Engine/Content/Internationalization/icudt64l/region/en_GI.res" 1287
"../../../Engine/Content/Internationalization/icudt64l/lang/en_GM.res" 1288
"../../../Engine/Content/Internationalization/icudt64l/region/en_GM.res" 1289
"../../../Engine/Content/Internationalization/icudt64l/lang/en_GY.res" 1290
"../../../Engine/Content/Internationalization/icudt64l/region/en_GY.res" 1291
"../../../Engine/Content/Internationalization/icudt64l/lang/en_HK.res" 1292
"../../../Engine/Content/Internationalization/icudt64l/region/en_HK.res" 1293
"../../../Engine/Content/Internationalization/icudt64l/lang/en_IE.res" 1294
"../../../Engine/Content/Internationalization/icudt64l/region/en_IE.res" 1295
"../../../Engine/Content/Internationalization/icudt64l/lang/en_IL.res" 1296
"../../../Engine/Content/Internationalization/icudt64l/region/en_IL.res" 1297
"../../../Engine/Content/Internationalization/icudt64l/lang/en_IM.res" 1298
"../../../Engine/Content/Internationalization/icudt64l/region/en_IM.res" 1299
"../../../Engine/Content/Internationalization/icudt64l/lang/en_IN.res" 1300
"../../../Engine/Content/Internationalization/icudt64l/region/en_IN.res" 1301
"../../../Engine/Content/Internationalization/icudt64l/lang/en_IO.res" 1302
"../../../Engine/Content/Internationalization/icudt64l/region/en_IO.res" 1303
"../../../Engine/Content/Internationalization/icudt64l/lang/en_JE.res" 1304
"../../../Engine/Content/Internationalization/icudt64l/region/en_JE.res" 1305
"../../../Engine/Content/Internationalization/icudt64l/lang/en_JM.res" 1306
"../../../Engine/Content/Internationalization/icudt64l/region/en_JM.res" 1307
"../../../Engine/Content/Internationalization/icudt64l/lang/en_KE.res" 1308
"../../../Engine/Content/Internationalization/icudt64l/region/en_KE.res" 1309
"../../../Engine/Content/Internationalization/icudt64l/lang/en_KI.res" 1310
"../../../Engine/Content/Internationalization/icudt64l/region/en_KI.res" 1311
"../../../Engine/Content/Internationalization/icudt64l/lang/en_KN.res" 1312
"../../../Engine/Content/Internationalization/icudt64l/region/en_KN.res" 1313
"../../../Engine/Content/Internationalization/icudt64l/lang/en_KY.res" 1314
"../../../Engine/Content/Internationalization/icudt64l/region/en_KY.res" 1315
"../../../Engine/Content/Internationalization/icudt64l/lang/en_LC.res" 1316
"../../../Engine/Content/Internationalization/icudt64l/region/en_LC.res" 1317
"../../../Engine/Content/Internationalization/icudt64l/lang/en_LR.res" 1318
"../../../Engine/Content/Internationalization/icudt64l/region/en_LR.res" 1319
"../../../Engine/Content/Internationalization/icudt64l/lang/en_LS.res" 1320
"../../../Engine/Content/Internationalization/icudt64l/region/en_LS.res" 1321
"../../../Engine/Content/Internationalization/icudt64l/lang/en_MG.res" 1322
"../../../Engine/Content/Internationalization/icudt64l/region/en_MG.res" 1323
"../../../Engine/Content/Internationalization/icudt64l/lang/en_MO.res" 1324
"../../../Engine/Content/Internationalization/icudt64l/region/en_MO.res" 1325
"../../../Engine/Content/Internationalization/icudt64l/lang/en_MS.res" 1326
"../../../Engine/Content/Internationalization/icudt64l/region/en_MS.res" 1327
"../../../Engine/Content/Internationalization/icudt64l/lang/en_MT.res" 1328
"../../../Engine/Content/Internationalization/icudt64l/region/en_MT.res" 1329
"../../../Engine/Content/Internationalization/icudt64l/lang/en_MU.res" 1330
"../../../Engine/Content/Internationalization/icudt64l/region/en_MU.res" 1331
"../../../Engine/Content/Internationalization/icudt64l/lang/en_MW.res" 1332
"../../../Engine/Content/Internationalization/icudt64l/region/en_MW.res" 1333
"../../../Engine/Content/Internationalization/icudt64l/lang/en_MY.res" 1334
"../../../Engine/Content/Internationalization/icudt64l/region/en_MY.res" 1335
"../../../Engine/Content/Internationalization/icudt64l/lang/en_NA.res" 1336
"../../../Engine/Content/Internationalization/icudt64l/region/en_NA.res" 1337
"../../../Engine/Content/Internationalization/icudt64l/lang/en_NF.res" 1338
"../../../Engine/Content/Internationalization/icudt64l/region/en_NF.res" 1339
"../../../Engine/Content/Internationalization/icudt64l/lang/en_NG.res" 1340
"../../../Engine/Content/Internationalization/icudt64l/region/en_NG.res" 1341
"../../../Engine/Content/Internationalization/icudt64l/lang/en_NL.res" 1342
"../../../Engine/Content/Internationalization/icudt64l/region/en_NL.res" 1343
"../../../Engine/Content/Internationalization/icudt64l/lang/en_NR.res" 1344
"../../../Engine/Content/Internationalization/icudt64l/region/en_NR.res" 1345
"../../../Engine/Content/Internationalization/icudt64l/lang/en_NU.res" 1346
"../../../Engine/Content/Internationalization/icudt64l/region/en_NU.res" 1347
"../../../Engine/Content/Internationalization/icudt64l/lang/en_NZ.res" 1348
"../../../Engine/Content/Internationalization/icudt64l/region/en_NZ.res" 1349
"../../../Engine/Content/Internationalization/icudt64l/lang/en_PG.res" 1350
"../../../Engine/Content/Internationalization/icudt64l/region/en_PG.res" 1351
"../../../Engine/Content/Internationalization/icudt64l/lang/en_PH.res" 1352
"../../../Engine/Content/Internationalization/icudt64l/region/en_PH.res" 1353
"../../../Engine/Content/Internationalization/icudt64l/lang/en_PK.res" 1354
"../../../Engine/Content/Internationalization/icudt64l/region/en_PK.res" 1355
"../../../Engine/Content/Internationalization/icudt64l/lang/en_PN.res" 1356
"../../../Engine/Content/Internationalization/icudt64l/region/en_PN.res" 1357
"../../../Engine/Content/Internationalization/icudt64l/lang/en_PW.res" 1358
"../../../Engine/Content/Internationalization/icudt64l/region/en_PW.res" 1359
"../../../Engine/Content/Internationalization/icudt64l/lang/en_RW.res" 1360
"../../../Engine/Content/Internationalization/icudt64l/region/en_RW.res" 1361
"../../../Engine/Content/Internationalization/icudt64l/lang/en_SB.res" 1362
"../../../Engine/Content/Internationalization/icudt64l/region/en_SB.res" 1363
"../../../Engine/Content/Internationalization/icudt64l/lang/en_SC.res" 1364
"../../../Engine/Content/Internationalization/icudt64l/region/en_SC.res" 1365
"../../../Engine/Content/Internationalization/icudt64l/lang/en_SD.res" 1366
"../../../Engine/Content/Internationalization/icudt64l/region/en_SD.res" 1367
"../../../Engine/Content/Internationalization/icudt64l/lang/en_SE.res" 1368
"../../../Engine/Content/Internationalization/icudt64l/region/en_SE.res" 1369
"../../../Engine/Content/Internationalization/icudt64l/lang/en_SG.res" 1370
"../../../Engine/Content/Internationalization/icudt64l/region/en_SG.res" 1371
"../../../Engine/Content/Internationalization/icudt64l/lang/en_SH.res" 1372
"../../../Engine/Content/Internationalization/icudt64l/region/en_SH.res" 1373
"../../../Engine/Content/Internationalization/icudt64l/lang/en_SI.res" 1374
"../../../Engine/Content/Internationalization/icudt64l/region/en_SI.res" 1375
"../../../Engine/Content/Internationalization/icudt64l/lang/en_SL.res" 1376
"../../../Engine/Content/Internationalization/icudt64l/region/en_SL.res" 1377
"../../../Engine/Content/Internationalization/icudt64l/lang/en_SS.res" 1378
"../../../Engine/Content/Internationalization/icudt64l/region/en_SS.res" 1379
"../../../Engine/Content/Internationalization/icudt64l/lang/en_SX.res" 1380
"../../../Engine/Content/Internationalization/icudt64l/region/en_SX.res" 1381
"../../../Engine/Content/Internationalization/icudt64l/lang/en_SZ.res" 1382
"../../../Engine/Content/Internationalization/icudt64l/region/en_SZ.res" 1383
"../../../Engine/Content/Internationalization/icudt64l/lang/en_TC.res" 1384
"../../../Engine/Content/Internationalization/icudt64l/region/en_TC.res" 1385
"../../../Engine/Content/Internationalization/icudt64l/lang/en_TK.res" 1386
"../../../Engine/Content/Internationalization/icudt64l/region/en_TK.res" 1387
"../../../Engine/Content/Internationalization/icudt64l/lang/en_TO.res" 1388
"../../../Engine/Content/Internationalization/icudt64l/region/en_TO.res" 1389
"../../../Engine/Content/Internationalization/icudt64l/lang/en_TT.res" 1390
"../../../Engine/Content/Internationalization/icudt64l/region/en_TT.res" 1391
"../../../Engine/Content/Internationalization/icudt64l/lang/en_TV.res" 1392
"../../../Engine/Content/Internationalization/icudt64l/region/en_TV.res" 1393
"../../../Engine/Content/Internationalization/icudt64l/lang/en_TZ.res" 1394
"../../../Engine/Content/Internationalization/icudt64l/region/en_TZ.res" 1395
"../../../Engine/Content/Internationalization/icudt64l/lang/en_UG.res" 1396
"../../../Engine/Content/Internationalization/icudt64l/region/en_UG.res" 1397
"../../../Engine/Content/Internationalization/icudt64l/lang/en_VC.res" 1398
"../../../Engine/Content/Internationalization/icudt64l/region/en_VC.res" 1399
"../../../Engine/Content/Internationalization/icudt64l/lang/en_VG.res" 1400
"../../../Engine/Content/Internationalization/icudt64l/region/en_VG.res" 1401
"../../../Engine/Content/Internationalization/icudt64l/lang/en_VU.res" 1402
"../../../Engine/Content/Internationalization/icudt64l/region/en_VU.res" 1403
"../../../Engine/Content/Internationalization/icudt64l/lang/en_WS.res" 1404
"../../../Engine/Content/Internationalization/icudt64l/region/en_WS.res" 1405
"../../../Engine/Content/Internationalization/icudt64l/lang/en_ZA.res" 1406
"../../../Engine/Content/Internationalization/icudt64l/region/en_ZA.res" 1407
"../../../Engine/Content/Internationalization/icudt64l/lang/en_ZM.res" 1408
"../../../Engine/Content/Internationalization/icudt64l/region/en_ZM.res" 1409
"../../../Engine/Content/Internationalization/icudt64l/lang/en_ZW.res" 1410
"../../../Engine/Content/Internationalization/icudt64l/region/en_ZW.res" 1411
"../../../Engine/Content/Internationalization/icudt64l/lang/eo.res" 1412
"../../../Engine/Content/Internationalization/icudt64l/region/eo.res" 1413
"../../../Engine/Content/Internationalization/icudt64l/lang/es.res" 1414
"../../../Engine/Content/Internationalization/icudt64l/lang/es_419.res" 1415
"../../../Engine/Content/Internationalization/icudt64l/region/es_419.res" 1416
"../../../Engine/Content/Internationalization/icudt64l/region/es.res" 1417
"../../../Engine/Content/Internationalization/icudt64l/lang/es_AR.res" 1418
"../../../Engine/Content/Internationalization/icudt64l/region/es_AR.res" 1419
"../../../Engine/Content/Internationalization/icudt64l/lang/es_BO.res" 1420
"../../../Engine/Content/Internationalization/icudt64l/region/es_BO.res" 1421
"../../../Engine/Content/Internationalization/icudt64l/lang/es_BR.res" 1422
"../../../Engine/Content/Internationalization/icudt64l/region/es_BR.res" 1423
"../../../Engine/Content/Internationalization/icudt64l/lang/es_BZ.res" 1424
"../../../Engine/Content/Internationalization/icudt64l/region/es_BZ.res" 1425
"../../../Engine/Content/Internationalization/icudt64l/lang/es_CL.res" 1426
"../../../Engine/Content/Internationalization/icudt64l/region/es_CL.res" 1427
"../../../Engine/Content/Internationalization/icudt64l/lang/es_CO.res" 1428
"../../../Engine/Content/Internationalization/icudt64l/region/es_CO.res" 1429
"../../../Engine/Content/Internationalization/icudt64l/lang/es_CR.res" 1430
"../../../Engine/Content/Internationalization/icudt64l/region/es_CR.res" 1431
"../../../Engine/Content/Internationalization/icudt64l/lang/es_CU.res" 1432
"../../../Engine/Content/Internationalization/icudt64l/region/es_CU.res" 1433
"../../../Engine/Content/Internationalization/icudt64l/lang/es_DO.res" 1434
"../../../Engine/Content/Internationalization/icudt64l/region/es_DO.res" 1435
"../../../Engine/Content/Internationalization/icudt64l/lang/es_EC.res" 1436
"../../../Engine/Content/Internationalization/icudt64l/region/es_EC.res" 1437
"../../../Engine/Content/Internationalization/icudt64l/lang/es_GT.res" 1438
"../../../Engine/Content/Internationalization/icudt64l/region/es_GT.res" 1439
"../../../Engine/Content/Internationalization/icudt64l/lang/es_HN.res" 1440
"../../../Engine/Content/Internationalization/icudt64l/region/es_HN.res" 1441
"../../../Engine/Content/Internationalization/icudt64l/lang/es_MX.res" 1442
"../../../Engine/Content/Internationalization/icudt64l/region/es_MX.res" 1443
"../../../Engine/Content/Internationalization/icudt64l/lang/es_NI.res" 1444
"../../../Engine/Content/Internationalization/icudt64l/region/es_NI.res" 1445
"../../../Engine/Content/Internationalization/icudt64l/lang/es_PA.res" 1446
"../../../Engine/Content/Internationalization/icudt64l/region/es_PA.res" 1447
"../../../Engine/Content/Internationalization/icudt64l/lang/es_PE.res" 1448
"../../../Engine/Content/Internationalization/icudt64l/region/es_PE.res" 1449
"../../../Engine/Content/Internationalization/icudt64l/lang/es_PR.res" 1450
"../../../Engine/Content/Internationalization/icudt64l/region/es_PR.res" 1451
"../../../Engine/Content/Internationalization/icudt64l/lang/es_PY.res" 1452
"../../../Engine/Content/Internationalization/icudt64l/region/es_PY.res" 1453
"../../../Engine/Content/Internationalization/icudt64l/lang/es_SV.res" 1454
"../../../Engine/Content/Internationalization/icudt64l/region/es_SV.res" 1455
"../../../Engine/Content/Internationalization/icudt64l/lang/es_US.res" 1456
"../../../Engine/Content/Internationalization/icudt64l/region/es_US.res" 1457
"../../../Engine/Content/Internationalization/icudt64l/lang/es_UY.res" 1458
"../../../Engine/Content/Internationalization/icudt64l/region/es_UY.res" 1459
"../../../Engine/Content/Internationalization/icudt64l/lang/es_VE.res" 1460
"../../../Engine/Content/Internationalization/icudt64l/region/es_VE.res" 1461
"../../../Engine/Content/Internationalization/icudt64l/lang/et.res" 1462
"../../../Engine/Content/Internationalization/icudt64l/region/et.res" 1463
"../../../Engine/Content/Internationalization/icudt64l/lang/eu.res" 1464
"../../../Engine/Content/Internationalization/icudt64l/region/eu.res" 1465
"../../../Engine/Content/Internationalization/icudt64l/lang/ewo.res" 1466
"../../../Engine/Content/Internationalization/icudt64l/region/ewo.res" 1467
"../../../Engine/Content/Internationalization/icudt64l/lang/fa.res" 1468
"../../../Engine/Content/Internationalization/icudt64l/lang/fa_AF.res" 1469
"../../../Engine/Content/Internationalization/icudt64l/region/fa_AF.res" 1470
"../../../Engine/Content/Internationalization/icudt64l/region/fa.res" 1471
"../../../Engine/Content/Internationalization/icudt64l/lang/ff.res" 1472
"../../../Engine/Content/Internationalization/icudt64l/lang/ff_Latn.res" 1473
"../../../Engine/Content/Internationalization/icudt64l/region/ff.res" 1474
"../../../Engine/Content/Internationalization/icudt64l/region/ff_Latn.res" 1475
"../../../Engine/Content/Internationalization/icudt64l/lang/ff_CM.res" 1476
"../../../Engine/Content/Internationalization/icudt64l/lang/ff_Latn_CM.res" 1477
"../../../Engine/Content/Internationalization/icudt64l/region/ff_CM.res" 1478
"../../../Engine/Content/Internationalization/icudt64l/region/ff_Latn_CM.res" 1479
"../../../Engine/Content/Internationalization/icudt64l/lang/ff_GN.res" 1480
"../../../Engine/Content/Internationalization/icudt64l/lang/ff_Latn_GN.res" 1481
"../../../Engine/Content/Internationalization/icudt64l/region/ff_GN.res" 1482
"../../../Engine/Content/Internationalization/icudt64l/region/ff_Latn_GN.res" 1483
"../../../Engine/Content/Internationalization/icudt64l/lang/ff_MR.res" 1484
"../../../Engine/Content/Internationalization/icudt64l/lang/ff_Latn_MR.res" 1485
"../../../Engine/Content/Internationalization/icudt64l/region/ff_MR.res" 1486
"../../../Engine/Content/Internationalization/icudt64l/region/ff_Latn_MR.res" 1487
"../../../Engine/Content/Internationalization/icudt64l/lang/ff_SN.res" 1488
"../../../Engine/Content/Internationalization/icudt64l/lang/ff_Latn_SN.res" 1489
"../../../Engine/Content/Internationalization/icudt64l/region/ff_SN.res" 1490
"../../../Engine/Content/Internationalization/icudt64l/region/ff_Latn_SN.res" 1491
"../../../Engine/Content/Internationalization/icudt64l/lang/fi.res" 1492
"../../../Engine/Content/Internationalization/icudt64l/region/fi.res" 1493
"../../../Engine/Content/Internationalization/icudt64l/lang/fil.res" 1494
"../../../Engine/Content/Internationalization/icudt64l/lang/fil_PH.res" 1495
"../../../Engine/Content/Internationalization/icudt64l/region/fil_PH.res" 1496
"../../../Engine/Content/Internationalization/icudt64l/region/fil.res" 1497
"../../../Engine/Content/Internationalization/icudt64l/lang/fo.res" 1498
"../../../Engine/Content/Internationalization/icudt64l/region/fo.res" 1499
"../../../Engine/Content/Internationalization/icudt64l/lang/fr.res" 1500
"../../../Engine/Content/Internationalization/icudt64l/lang/fr_BE.res" 1501
"../../../Engine/Content/Internationalization/icudt64l/region/fr_BE.res" 1502
"../../../Engine/Content/Internationalization/icudt64l/region/fr.res" 1503
"../../../Engine/Content/Internationalization/icudt64l/lang/fr_CA.res" 1504
"../../../Engine/Content/Internationalization/icudt64l/region/fr_CA.res" 1505
"../../../Engine/Content/Internationalization/icudt64l/lang/fr_CH.res" 1506
"../../../Engine/Content/Internationalization/icudt64l/lang/fur.res" 1507
"../../../Engine/Content/Internationalization/icudt64l/region/fur.res" 1508
"../../../Engine/Content/Internationalization/icudt64l/lang/fy.res" 1509
"../../../Engine/Content/Internationalization/icudt64l/region/fy.res" 1510
"../../../Engine/Content/Internationalization/icudt64l/lang/ga.res" 1511
"../../../Engine/Content/Internationalization/icudt64l/region/ga.res" 1512
"../../../Engine/Content/Internationalization/icudt64l/lang/gd.res" 1513
"../../../Engine/Content/Internationalization/icudt64l/region/gd.res" 1514
"../../../Engine/Content/Internationalization/icudt64l/lang/gl.res" 1515
"../../../Engine/Content/Internationalization/icudt64l/region/gl.res" 1516
"../../../Engine/Content/Internationalization/icudt64l/lang/gsw.res" 1517
"../../../Engine/Content/Internationalization/icudt64l/region/gsw.res" 1518
"../../../Engine/Content/Internationalization/icudt64l/lang/gu.res" 1519
"../../../Engine/Content/Internationalization/icudt64l/region/gu.res" 1520
"../../../Engine/Content/Internationalization/icudt64l/lang/guz.res" 1521
"../../../Engine/Content/Internationalization/icudt64l/region/guz.res" 1522
"../../../Engine/Content/Internationalization/icudt64l/lang/gv.res" 1523
"../../../Engine/Content/Internationalization/icudt64l/region/gv.res" 1524
"../../../Engine/Content/Internationalization/icudt64l/lang/ha.res" 1525
"../../../Engine/Content/Internationalization/icudt64l/region/ha.res" 1526
"../../../Engine/Content/Internationalization/icudt64l/lang/ha_NE.res" 1527
"../../../Engine/Content/Internationalization/icudt64l/region/ha_NE.res" 1528
"../../../Engine/Content/Internationalization/icudt64l/lang/haw.res" 1529
"../../../Engine/Content/Internationalization/icudt64l/region/haw.res" 1530
"../../../Engine/Content/Internationalization/icudt64l/lang/he.res" 1531
"../../../Engine/Content/Internationalization/icudt64l/lang/he_IL.res" 1532
"../../../Engine/Content/Internationalization/icudt64l/region/he_IL.res" 1533
"../../../Engine/Content/Internationalization/icudt64l/region/he.res" 1534
"../../../Engine/Content/Internationalization/icudt64l/lang/hi.res" 1535
"../../../Engine/Content/Internationalization/icudt64l/region/hi.res" 1536
"../../../Engine/Content/Internationalization/icudt64l/lang/hr.res" 1537
"../../../Engine/Content/Internationalization/icudt64l/region/hr.res" 1538
"../../../Engine/Content/Internationalization/icudt64l/lang/hsb.res" 1539
"../../../Engine/Content/Internationalization/icudt64l/region/hsb.res" 1540
"../../../Engine/Content/Internationalization/icudt64l/lang/hu.res" 1541
"../../../Engine/Content/Internationalization/icudt64l/region/hu.res" 1542
"../../../Engine/Content/Internationalization/icudt64l/lang/hy.res" 1543
"../../../Engine/Content/Internationalization/icudt64l/region/hy.res" 1544
"../../../Engine/Content/Internationalization/icudt64l/lang/ia.res" 1545
"../../../Engine/Content/Internationalization/icudt64l/region/ia.res" 1546
"../../../Engine/Content/Internationalization/icudt64l/lang/id.res" 1547
"../../../Engine/Content/Internationalization/icudt64l/lang/id_ID.res" 1548
"../../../Engine/Content/Internationalization/icudt64l/region/id_ID.res" 1549
"../../../Engine/Content/Internationalization/icudt64l/region/id.res" 1550
"../../../Engine/Content/Internationalization/icudt64l/lang/ig.res" 1551
"../../../Engine/Content/Internationalization/icudt64l/region/ig.res" 1552
"../../../Engine/Content/Internationalization/icudt64l/lang/ii.res" 1553
"../../../Engine/Content/Internationalization/icudt64l/region/ii.res" 1554
"../../../Engine/Content/Internationalization/icudt64l/lang/is.res" 1555
"../../../Engine/Content/Internationalization/icudt64l/region/is.res" 1556
"../../../Engine/Content/Internationalization/icudt64l/lang/it.res" 1557
"../../../Engine/Content/Internationalization/icudt64l/region/it.res" 1558
"../../../Engine/Content/Internationalization/icudt64l/lang/ja.res" 1559
"../../../Engine/Content/Internationalization/icudt64l/lang/ja_JP.res" 1560
"../../../Engine/Content/Internationalization/icudt64l/region/ja_JP.res" 1561
"../../../Engine/Content/Internationalization/icudt64l/region/ja.res" 1562
"../../../Engine/Content/Internationalization/icudt64l/lang/jgo.res" 1563
"../../../Engine/Content/Internationalization/icudt64l/region/jgo.res" 1564
"../../../Engine/Content/Internationalization/icudt64l/lang/jmc.res" 1565
"../../../Engine/Content/Internationalization/icudt64l/region/jmc.res" 1566
"../../../Engine/Content/Internationalization/icudt64l/lang/jv.res" 1567
"../../../Engine/Content/Internationalization/icudt64l/region/jv.res" 1568
"../../../Engine/Content/Internationalization/icudt64l/lang/ka.res" 1569
"../../../Engine/Content/Internationalization/icudt64l/region/ka.res" 1570
"../../../Engine/Content/Internationalization/icudt64l/lang/kab.res" 1571
"../../../Engine/Content/Internationalization/icudt64l/region/kab.res" 1572
"../../../Engine/Content/Internationalization/icudt64l/lang/kam.res" 1573
"../../../Engine/Content/Internationalization/icudt64l/region/kam.res" 1574
"../../../Engine/Content/Internationalization/icudt64l/lang/kde.res" 1575
"../../../Engine/Content/Internationalization/icudt64l/region/kde.res" 1576
"../../../Engine/Content/Internationalization/icudt64l/lang/kea.res" 1577
"../../../Engine/Content/Internationalization/icudt64l/region/kea.res" 1578
"../../../Engine/Content/Internationalization/icudt64l/lang/khq.res" 1579
"../../../Engine/Content/Internationalization/icudt64l/region/khq.res" 1580
"../../../Engine/Content/Internationalization/icudt64l/lang/ki.res" 1581
"../../../Engine/Content/Internationalization/icudt64l/region/ki.res" 1582
"../../../Engine/Content/Internationalization/icudt64l/lang/kk.res" 1583
"../../../Engine/Content/Internationalization/icudt64l/region/kk.res" 1584
"../../../Engine/Content/Internationalization/icudt64l/lang/kkj.res" 1585
"../../../Engine/Content/Internationalization/icudt64l/region/kkj.res" 1586
"../../../Engine/Content/Internationalization/icudt64l/lang/kl.res" 1587
"../../../Engine/Content/Internationalization/icudt64l/region/kl.res" 1588
"../../../Engine/Content/Internationalization/icudt64l/lang/kln.res" 1589
"../../../Engine/Content/Internationalization/icudt64l/region/kln.res" 1590
"../../../Engine/Content/Internationalization/icudt64l/lang/km.res" 1591
"../../../Engine/Content/Internationalization/icudt64l/region/km.res" 1592
"../../../Engine/Content/Internationalization/icudt64l/lang/kn.res" 1593
"../../../Engine/Content/Internationalization/icudt64l/region/kn.res" 1594
"../../../Engine/Content/Internationalization/icudt64l/lang/ko.res" 1595
"../../../Engine/Content/Internationalization/icudt64l/region/ko_KP.res" 1596
"../../../Engine/Content/Internationalization/icudt64l/region/ko.res" 1597
"../../../Engine/Content/Internationalization/icudt64l/lang/kok.res" 1598
"../../../Engine/Content/Internationalization/icudt64l/region/kok.res" 1599
"../../../Engine/Content/Internationalization/icudt64l/lang/ks.res" 1600
"../../../Engine/Content/Internationalization/icudt64l/region/ks.res" 1601
"../../../Engine/Content/Internationalization/icudt64l/lang/ksb.res" 1602
"../../../Engine/Content/Internationalization/icudt64l/region/ksb.res" 1603
"../../../Engine/Content/Internationalization/icudt64l/lang/ksf.res" 1604
"../../../Engine/Content/Internationalization/icudt64l/region/ksf.res" 1605
"../../../Engine/Content/Internationalization/icudt64l/lang/ksh.res" 1606
"../../../Engine/Content/Internationalization/icudt64l/region/ksh.res" 1607
"../../../Engine/Content/Internationalization/icudt64l/lang/ku.res" 1608
"../../../Engine/Content/Internationalization/icudt64l/region/ku.res" 1609
"../../../Engine/Content/Internationalization/icudt64l/lang/kw.res" 1610
"../../../Engine/Content/Internationalization/icudt64l/region/kw.res" 1611
"../../../Engine/Content/Internationalization/icudt64l/lang/ky.res" 1612
"../../../Engine/Content/Internationalization/icudt64l/region/ky.res" 1613
"../../../Engine/Content/Internationalization/icudt64l/lang/lag.res" 1614
"../../../Engine/Content/Internationalization/icudt64l/region/lag.res" 1615
"../../../Engine/Content/Internationalization/icudt64l/lang/lb.res" 1616
"../../../Engine/Content/Internationalization/icudt64l/region/lb.res" 1617
"../../../Engine/Content/Internationalization/icudt64l/lang/lg.res" 1618
"../../../Engine/Content/Internationalization/icudt64l/region/lg.res" 1619
"../../../Engine/Content/Internationalization/icudt64l/lang/lkt.res" 1620
"../../../Engine/Content/Internationalization/icudt64l/region/lkt.res" 1621
"../../../Engine/Content/Internationalization/icudt64l/lang/ln.res" 1622
"../../../Engine/Content/Internationalization/icudt64l/region/ln.res" 1623
"../../../Engine/Content/Internationalization/icudt64l/lang/lo.res" 1624
"../../../Engine/Content/Internationalization/icudt64l/region/lo.res" 1625
"../../../Engine/Content/Internationalization/icudt64l/lang/lrc.res" 1626
"../../../Engine/Content/Internationalization/icudt64l/region/lrc.res" 1627
"../../../Engine/Content/Internationalization/icudt64l/lang/lt.res" 1628
"../../../Engine/Content/Internationalization/icudt64l/region/lt.res" 1629
"../../../Engine/Content/Internationalization/icudt64l/lang/lu.res" 1630
"../../../Engine/Content/Internationalization/icudt64l/region/lu.res" 1631
"../../../Engine/Content/Internationalization/icudt64l/lang/luo.res" 1632
"../../../Engine/Content/Internationalization/icudt64l/region/luo.res" 1633
"../../../Engine/Content/Internationalization/icudt64l/lang/luy.res" 1634
"../../../Engine/Content/Internationalization/icudt64l/region/luy.res" 1635
"../../../Engine/Content/Internationalization/icudt64l/lang/lv.res" 1636
"../../../Engine/Content/Internationalization/icudt64l/region/lv.res" 1637
"../../../Engine/Content/Internationalization/icudt64l/lang/mas.res" 1638
"../../../Engine/Content/Internationalization/icudt64l/region/mas.res" 1639
"../../../Engine/Content/Internationalization/icudt64l/lang/mer.res" 1640
"../../../Engine/Content/Internationalization/icudt64l/region/mer.res" 1641
"../../../Engine/Content/Internationalization/icudt64l/lang/mfe.res" 1642
"../../../Engine/Content/Internationalization/icudt64l/region/mfe.res" 1643
"../../../Engine/Content/Internationalization/icudt64l/lang/mg.res" 1644
"../../../Engine/Content/Internationalization/icudt64l/region/mg.res" 1645
"../../../Engine/Content/Internationalization/icudt64l/lang/mgh.res" 1646
"../../../Engine/Content/Internationalization/icudt64l/region/mgh.res" 1647
"../../../Engine/Content/Internationalization/icudt64l/lang/mgo.res" 1648
"../../../Engine/Content/Internationalization/icudt64l/region/mgo.res" 1649
"../../../Engine/Content/Internationalization/icudt64l/lang/mi.res" 1650
"../../../Engine/Content/Internationalization/icudt64l/region/mi.res" 1651
"../../../Engine/Content/Internationalization/icudt64l/lang/mk.res" 1652
"../../../Engine/Content/Internationalization/icudt64l/region/mk.res" 1653
"../../../Engine/Content/Internationalization/icudt64l/lang/ml.res" 1654
"../../../Engine/Content/Internationalization/icudt64l/region/ml.res" 1655
"../../../Engine/Content/Internationalization/icudt64l/lang/mn.res" 1656
"../../../Engine/Content/Internationalization/icudt64l/region/mn.res" 1657
"../../../Engine/Content/Internationalization/icudt64l/lang/mr.res" 1658
"../../../Engine/Content/Internationalization/icudt64l/region/mr.res" 1659
"../../../Engine/Content/Internationalization/icudt64l/lang/ms.res" 1660
"../../../Engine/Content/Internationalization/icudt64l/region/ms.res" 1661
"../../../Engine/Content/Internationalization/icudt64l/lang/mt.res" 1662
"../../../Engine/Content/Internationalization/icudt64l/region/mt.res" 1663
"../../../Engine/Content/Internationalization/icudt64l/lang/mua.res" 1664
"../../../Engine/Content/Internationalization/icudt64l/region/mua.res" 1665
"../../../Engine/Content/Internationalization/icudt64l/lang/my.res" 1666
"../../../Engine/Content/Internationalization/icudt64l/region/my.res" 1667
"../../../Engine/Content/Internationalization/icudt64l/lang/mzn.res" 1668
"../../../Engine/Content/Internationalization/icudt64l/region/mzn.res" 1669
"../../../Engine/Content/Internationalization/icudt64l/lang/naq.res" 1670
"../../../Engine/Content/Internationalization/icudt64l/region/naq.res" 1671
"../../../Engine/Content/Internationalization/icudt64l/lang/nb.res" 1672
"../../../Engine/Content/Internationalization/icudt64l/lang/nb_NO.res" 1673
"../../../Engine/Content/Internationalization/icudt64l/region/nb_NO.res" 1674
"../../../Engine/Content/Internationalization/icudt64l/region/nb.res" 1675
"../../../Engine/Content/Internationalization/icudt64l/lang/nd.res" 1676
"../../../Engine/Content/Internationalization/icudt64l/region/nd.res" 1677
"../../../Engine/Content/Internationalization/icudt64l/lang/nds.res" 1678
"../../../Engine/Content/Internationalization/icudt64l/region/nds.res" 1679
"../../../Engine/Content/Internationalization/icudt64l/lang/ne.res" 1680
"../../../Engine/Content/Internationalization/icudt64l/region/ne.res" 1681
"../../../Engine/Content/Internationalization/icudt64l/lang/nl.res" 1682
"../../../Engine/Content/Internationalization/icudt64l/region/nl.res" 1683
"../../../Engine/Content/Internationalization/icudt64l/lang/nmg.res" 1684
"../../../Engine/Content/Internationalization/icudt64l/region/nmg.res" 1685
"../../../Engine/Content/Internationalization/icudt64l/lang/nn.res" 1686
"../../../Engine/Content/Internationalization/icudt64l/lang/nn_NO.res" 1687
"../../../Engine/Content/Internationalization/icudt64l/region/nn_NO.res" 1688
"../../../Engine/Content/Internationalization/icudt64l/region/nn.res" 1689
"../../../Engine/Content/Internationalization/icudt64l/lang/nnh.res" 1690
"../../../Engine/Content/Internationalization/icudt64l/region/nnh.res" 1691
"../../../Engine/Content/Internationalization/icudt64l/lang/nus.res" 1692
"../../../Engine/Content/Internationalization/icudt64l/region/nus.res" 1693
"../../../Engine/Content/Internationalization/icudt64l/lang/nyn.res" 1694
"../../../Engine/Content/Internationalization/icudt64l/region/nyn.res" 1695
"../../../Engine/Content/Internationalization/icudt64l/lang/om.res" 1696
"../../../Engine/Content/Internationalization/icudt64l/region/om.res" 1697
"../../../Engine/Content/Internationalization/icudt64l/lang/or.res" 1698
"../../../Engine/Content/Internationalization/icudt64l/region/or.res" 1699
"../../../Engine/Content/Internationalization/icudt64l/lang/os.res" 1700
"../../../Engine/Content/Internationalization/icudt64l/region/os.res" 1701
"../../../Engine/Content/Internationalization/icudt64l/lang/pa.res" 1702
"../../../Engine/Content/Internationalization/icudt64l/lang/pa_Arab.res" 1703
"../../../Engine/Content/Internationalization/icudt64l/lang/pa_PK.res" 1704
"../../../Engine/Content/Internationalization/icudt64l/lang/pa_Arab_PK.res" 1705
"../../../Engine/Content/Internationalization/icudt64l/region/pa_PK.res" 1706
"../../../Engine/Content/Internationalization/icudt64l/region/pa_Arab_PK.res" 1707
"../../../Engine/Content/Internationalization/icudt64l/region/pa_Arab.res" 1708
"../../../Engine/Content/Internationalization/icudt64l/lang/pa_Guru.res" 1709
"../../../Engine/Content/Internationalization/icudt64l/lang/pa_IN.res" 1710
"../../../Engine/Content/Internationalization/icudt64l/lang/pa_Guru_IN.res" 1711
"../../../Engine/Content/Internationalization/icudt64l/region/pa_IN.res" 1712
"../../../Engine/Content/Internationalization/icudt64l/region/pa_Guru_IN.res" 1713
"../../../Engine/Content/Internationalization/icudt64l/region/pa_Guru.res" 1714
"../../../Engine/Content/Internationalization/icudt64l/region/pa.res" 1715
"../../../Engine/Content/Internationalization/icudt64l/lang/pl.res" 1716
"../../../Engine/Content/Internationalization/icudt64l/region/pl.res" 1717
"../../../Engine/Content/Internationalization/icudt64l/lang/ps.res" 1718
"../../../Engine/Content/Internationalization/icudt64l/region/ps.res" 1719
"../../../Engine/Content/Internationalization/icudt64l/lang/ps_PK.res" 1720
"../../../Engine/Content/Internationalization/icudt64l/region/ps_PK.res" 1721
"../../../Engine/Content/Internationalization/icudt64l/lang/pt.res" 1722
"../../../Engine/Content/Internationalization/icudt64l/lang/pt_AO.res" 1723
"../../../Engine/Content/Internationalization/icudt64l/lang/pt_PT.res" 1724
"../../../Engine/Content/Internationalization/icudt64l/region/pt_AO.res" 1725
"../../../Engine/Content/Internationalization/icudt64l/region/pt_PT.res" 1726
"../../../Engine/Content/Internationalization/icudt64l/region/pt.res" 1727
"../../../Engine/Content/Internationalization/icudt64l/lang/pt_CH.res" 1728
"../../../Engine/Content/Internationalization/icudt64l/region/pt_CH.res" 1729
"../../../Engine/Content/Internationalization/icudt64l/lang/pt_CV.res" 1730
"../../../Engine/Content/Internationalization/icudt64l/region/pt_CV.res" 1731
"../../../Engine/Content/Internationalization/icudt64l/lang/pt_GQ.res" 1732
"../../../Engine/Content/Internationalization/icudt64l/region/pt_GQ.res" 1733
"../../../Engine/Content/Internationalization/icudt64l/lang/pt_GW.res" 1734
"../../../Engine/Content/Internationalization/icudt64l/region/pt_GW.res" 1735
"../../../Engine/Content/Internationalization/icudt64l/lang/pt_LU.res" 1736
"../../../Engine/Content/Internationalization/icudt64l/region/pt_LU.res" 1737
"../../../Engine/Content/Internationalization/icudt64l/lang/pt_MO.res" 1738
"../../../Engine/Content/Internationalization/icudt64l/region/pt_MO.res" 1739
"../../../Engine/Content/Internationalization/icudt64l/lang/pt_MZ.res" 1740
"../../../Engine/Content/Internationalization/icudt64l/region/pt_MZ.res" 1741
"../../../Engine/Content/Internationalization/icudt64l/lang/pt_ST.res" 1742
"../../../Engine/Content/Internationalization/icudt64l/region/pt_ST.res" 1743
"../../../Engine/Content/Internationalization/icudt64l/lang/pt_TL.res" 1744
"../../../Engine/Content/Internationalization/icudt64l/region/pt_TL.res" 1745
"../../../Engine/Content/Internationalization/icudt64l/lang/qu.res" 1746
"../../../Engine/Content/Internationalization/icudt64l/region/qu.res" 1747
"../../../Engine/Content/Internationalization/icudt64l/lang/rm.res" 1748
"../../../Engine/Content/Internationalization/icudt64l/region/rm.res" 1749
"../../../Engine/Content/Internationalization/icudt64l/lang/rn.res" 1750
"../../../Engine/Content/Internationalization/icudt64l/region/rn.res" 1751
"../../../Engine/Content/Internationalization/icudt64l/lang/ro.res" 1752
"../../../Engine/Content/Internationalization/icudt64l/lang/ro_MD.res" 1753
"../../../Engine/Content/Internationalization/icudt64l/region/ro_MD.res" 1754
"../../../Engine/Content/Internationalization/icudt64l/region/ro.res" 1755
"../../../Engine/Content/Internationalization/icudt64l/lang/rof.res" 1756
"../../../Engine/Content/Internationalization/icudt64l/region/rof.res" 1757
"../../../Engine/Content/Internationalization/icudt64l/lang/ru.res" 1758
"../../../Engine/Content/Internationalization/icudt64l/region/ru.res" 1759
"../../../Engine/Content/Internationalization/icudt64l/region/ru_UA.res" 1760
"../../../Engine/Content/Internationalization/icudt64l/lang/rw.res" 1761
"../../../Engine/Content/Internationalization/icudt64l/region/rw.res" 1762
"../../../Engine/Content/Internationalization/icudt64l/lang/rwk.res" 1763
"../../../Engine/Content/Internationalization/icudt64l/region/rwk.res" 1764
"../../../Engine/Content/Internationalization/icudt64l/lang/sah.res" 1765
"../../../Engine/Content/Internationalization/icudt64l/region/sah.res" 1766
"../../../Engine/Content/Internationalization/icudt64l/lang/saq.res" 1767
"../../../Engine/Content/Internationalization/icudt64l/region/saq.res" 1768
"../../../Engine/Content/Internationalization/icudt64l/lang/sbp.res" 1769
"../../../Engine/Content/Internationalization/icudt64l/region/sbp.res" 1770
"../../../Engine/Content/Internationalization/icudt64l/lang/sd.res" 1771
"../../../Engine/Content/Internationalization/icudt64l/region/sd.res" 1772
"../../../Engine/Content/Internationalization/icudt64l/lang/se.res" 1773
"../../../Engine/Content/Internationalization/icudt64l/lang/se_FI.res" 1774
"../../../Engine/Content/Internationalization/icudt64l/region/se_FI.res" 1775
"../../../Engine/Content/Internationalization/icudt64l/region/se.res" 1776
"../../../Engine/Content/Internationalization/icudt64l/lang/seh.res" 1777
"../../../Engine/Content/Internationalization/icudt64l/region/seh.res" 1778
"../../../Engine/Content/Internationalization/icudt64l/lang/ses.res" 1779
"../../../Engine/Content/Internationalization/icudt64l/region/ses.res" 1780
"../../../Engine/Content/Internationalization/icudt64l/lang/sg.res" 1781
"../../../Engine/Content/Internationalization/icudt64l/region/sg.res" 1782
"../../../Engine/Content/Internationalization/icudt64l/lang/shi.res" 1783
"../../../Engine/Content/Internationalization/icudt64l/lang/shi_Latn.res" 1784
"../../../Engine/Content/Internationalization/icudt64l/lang/shi_MA.res" 1785
"../../../Engine/Content/Internationalization/icudt64l/lang/shi_Tfng_MA.res" 1786
"../../../Engine/Content/Internationalization/icudt64l/lang/shi_Tfng.res" 1787
"../../../Engine/Content/Internationalization/icudt64l/region/shi_MA.res" 1788
"../../../Engine/Content/Internationalization/icudt64l/region/shi_Tfng_MA.res" 1789
"../../../Engine/Content/Internationalization/icudt64l/region/shi_Tfng.res" 1790
"../../../Engine/Content/Internationalization/icudt64l/region/shi.res" 1791
"../../../Engine/Content/Internationalization/icudt64l/region/shi_Latn.res" 1792
"../../../Engine/Content/Internationalization/icudt64l/lang/si.res" 1793
"../../../Engine/Content/Internationalization/icudt64l/region/si.res" 1794
"../../../Engine/Content/Internationalization/icudt64l/lang/sk.res" 1795
"../../../Engine/Content/Internationalization/icudt64l/region/sk.res" 1796
"../../../Engine/Content/Internationalization/icudt64l/lang/sl.res" 1797
"../../../Engine/Content/Internationalization/icudt64l/region/sl.res" 1798
"../../../Engine/Content/Internationalization/icudt64l/lang/smn.res" 1799
"../../../Engine/Content/Internationalization/icudt64l/region/smn.res" 1800
"../../../Engine/Content/Internationalization/icudt64l/lang/sn.res" 1801
"../../../Engine/Content/Internationalization/icudt64l/region/sn.res" 1802
"../../../Engine/Content/Internationalization/icudt64l/lang/so.res" 1803
"../../../Engine/Content/Internationalization/icudt64l/region/so.res" 1804
"../../../Engine/Content/Internationalization/icudt64l/lang/sq.res" 1805
"../../../Engine/Content/Internationalization/icudt64l/region/sq.res" 1806
"../../../Engine/Content/Internationalization/icudt64l/lang/sr.res" 1807
"../../../Engine/Content/Internationalization/icudt64l/lang/sr_Cyrl.res" 1808
"../../../Engine/Content/Internationalization/icudt64l/lang/sr_BA.res" 1809
"../../../Engine/Content/Internationalization/icudt64l/lang/sr_Cyrl_BA.res" 1810
"../../../Engine/Content/Internationalization/icudt64l/region/sr_BA.res" 1811
"../../../Engine/Content/Internationalization/icudt64l/region/sr_Cyrl_BA.res" 1812
"../../../Engine/Content/Internationalization/icudt64l/region/sr_Cyrl.res" 1813
"../../../Engine/Content/Internationalization/icudt64l/region/sr.res" 1814
"../../../Engine/Content/Internationalization/icudt64l/lang/sr_ME.res" 1815
"../../../Engine/Content/Internationalization/icudt64l/lang/sr_Latn_ME.res" 1816
"../../../Engine/Content/Internationalization/icudt64l/lang/sr_Latn.res" 1817
"../../../Engine/Content/Internationalization/icudt64l/region/sr_ME.res" 1818
"../../../Engine/Content/Internationalization/icudt64l/region/sr_Latn_ME.res" 1819
"../../../Engine/Content/Internationalization/icudt64l/region/sr_Latn.res" 1820
"../../../Engine/Content/Internationalization/icudt64l/lang/sr_Cyrl_ME.res" 1821
"../../../Engine/Content/Internationalization/icudt64l/region/sr_Cyrl_ME.res" 1822
"../../../Engine/Content/Internationalization/icudt64l/lang/sr_RS.res" 1823
"../../../Engine/Content/Internationalization/icudt64l/lang/sr_Cyrl_RS.res" 1824
"../../../Engine/Content/Internationalization/icudt64l/region/sr_RS.res" 1825
"../../../Engine/Content/Internationalization/icudt64l/region/sr_Cyrl_RS.res" 1826
"../../../Engine/Content/Internationalization/icudt64l/lang/sr_XK.res" 1827
"../../../Engine/Content/Internationalization/icudt64l/lang/sr_Cyrl_XK.res" 1828
"../../../Engine/Content/Internationalization/icudt64l/region/sr_XK.res" 1829
"../../../Engine/Content/Internationalization/icudt64l/region/sr_Cyrl_XK.res" 1830
"../../../Engine/Content/Internationalization/icudt64l/lang/sr_Latn_BA.res" 1831
"../../../Engine/Content/Internationalization/icudt64l/region/sr_Latn_BA.res" 1832
"../../../Engine/Content/Internationalization/icudt64l/lang/sr_Latn_RS.res" 1833
"../../../Engine/Content/Internationalization/icudt64l/region/sr_Latn_RS.res" 1834
"../../../Engine/Content/Internationalization/icudt64l/lang/sr_Latn_XK.res" 1835
"../../../Engine/Content/Internationalization/icudt64l/region/sr_Latn_XK.res" 1836
"../../../Engine/Content/Internationalization/icudt64l/lang/sv.res" 1837
"../../../Engine/Content/Internationalization/icudt64l/region/sv.res" 1838
"../../../Engine/Content/Internationalization/icudt64l/lang/sv_FI.res" 1839
"../../../Engine/Content/Internationalization/icudt64l/lang/sw.res" 1840
"../../../Engine/Content/Internationalization/icudt64l/lang/sw_CD.res" 1841
"../../../Engine/Content/Internationalization/icudt64l/region/sw_CD.res" 1842
"../../../Engine/Content/Internationalization/icudt64l/region/sw.res" 1843
"../../../Engine/Content/Internationalization/icudt64l/lang/sw_KE.res" 1844
"../../../Engine/Content/Internationalization/icudt64l/region/sw_KE.res" 1845
"../../../Engine/Content/Internationalization/icudt64l/lang/ta.res" 1846
"../../../Engine/Content/Internationalization/icudt64l/region/ta.res" 1847
"../../../Engine/Content/Internationalization/icudt64l/lang/te.res" 1848
"../../../Engine/Content/Internationalization/icudt64l/region/te.res" 1849
"../../../Engine/Content/Internationalization/icudt64l/lang/teo.res" 1850
"../../../Engine/Content/Internationalization/icudt64l/region/teo.res" 1851
"../../../Engine/Content/Internationalization/icudt64l/lang/tg.res" 1852
"../../../Engine/Content/Internationalization/icudt64l/region/tg.res" 1853
"../../../Engine/Content/Internationalization/icudt64l/lang/th.res" 1854
"../../../Engine/Content/Internationalization/icudt64l/lang/th_TH.res" 1855
"../../../Engine/Content/Internationalization/icudt64l/region/th_TH.res" 1856
"../../../Engine/Content/Internationalization/icudt64l/region/th.res" 1857
"../../../Engine/Content/Internationalization/icudt64l/lang/ti.res" 1858
"../../../Engine/Content/Internationalization/icudt64l/region/ti.res" 1859
"../../../Engine/Content/Internationalization/icudt64l/lang/tk.res" 1860
"../../../Engine/Content/Internationalization/icudt64l/region/tk.res" 1861
"../../../Engine/Content/Internationalization/icudt64l/lang/to.res" 1862
"../../../Engine/Content/Internationalization/icudt64l/region/to.res" 1863
"../../../Engine/Content/Internationalization/icudt64l/lang/tr.res" 1864
"../../../Engine/Content/Internationalization/icudt64l/region/tr.res" 1865
"../../../Engine/Content/Internationalization/icudt64l/lang/tt.res" 1866
"../../../Engine/Content/Internationalization/icudt64l/region/tt.res" 1867
"../../../Engine/Content/Internationalization/icudt64l/lang/twq.res" 1868
"../../../Engine/Content/Internationalization/icudt64l/region/twq.res" 1869
"../../../Engine/Content/Internationalization/icudt64l/lang/tzm.res" 1870
"../../../Engine/Content/Internationalization/icudt64l/region/tzm.res" 1871
"../../../Engine/Content/Internationalization/icudt64l/lang/ug.res" 1872
"../../../Engine/Content/Internationalization/icudt64l/region/ug.res" 1873
"../../../Engine/Content/Internationalization/icudt64l/lang/uk.res" 1874
"../../../Engine/Content/Internationalization/icudt64l/region/uk.res" 1875
"../../../Engine/Content/Internationalization/icudt64l/lang/ur.res" 1876
"../../../Engine/Content/Internationalization/icudt64l/lang/ur_IN.res" 1877
"../../../Engine/Content/Internationalization/icudt64l/region/ur_IN.res" 1878
"../../../Engine/Content/Internationalization/icudt64l/region/ur.res" 1879
"../../../Engine/Content/Internationalization/icudt64l/lang/uz.res" 1880
"../../../Engine/Content/Internationalization/icudt64l/lang/uz_Arab.res" 1881
"../../../Engine/Content/Internationalization/icudt64l/lang/uz_AF.res" 1882
"../../../Engine/Content/Internationalization/icudt64l/lang/uz_Arab_AF.res" 1883
"../../../Engine/Content/Internationalization/icudt64l/region/uz_AF.res" 1884
"../../../Engine/Content/Internationalization/icudt64l/region/uz_Arab_AF.res" 1885
"../../../Engine/Content/Internationalization/icudt64l/region/uz_Arab.res" 1886
"../../../Engine/Content/Internationalization/icudt64l/lang/uz_Cyrl.res" 1887
"../../../Engine/Content/Internationalization/icudt64l/lang/uz_UZ.res" 1888
"../../../Engine/Content/Internationalization/icudt64l/lang/uz_Latn_UZ.res" 1889
"../../../Engine/Content/Internationalization/icudt64l/lang/uz_Latn.res" 1890
"../../../Engine/Content/Internationalization/icudt64l/region/uz_UZ.res" 1891
"../../../Engine/Content/Internationalization/icudt64l/region/uz_Latn_UZ.res" 1892
"../../../Engine/Content/Internationalization/icudt64l/region/uz_Latn.res" 1893
"../../../Engine/Content/Internationalization/icudt64l/region/uz.res" 1894
"../../../Engine/Content/Internationalization/icudt64l/region/uz_Cyrl.res" 1895
"../../../Engine/Content/Internationalization/icudt64l/lang/vai.res" 1896
"../../../Engine/Content/Internationalization/icudt64l/lang/vai_Latn.res" 1897
"../../../Engine/Content/Internationalization/icudt64l/lang/vai_LR.res" 1898
"../../../Engine/Content/Internationalization/icudt64l/lang/vai_Vaii_LR.res" 1899
"../../../Engine/Content/Internationalization/icudt64l/lang/vai_Vaii.res" 1900
"../../../Engine/Content/Internationalization/icudt64l/region/vai_LR.res" 1901
"../../../Engine/Content/Internationalization/icudt64l/region/vai_Vaii_LR.res" 1902
"../../../Engine/Content/Internationalization/icudt64l/region/vai_Vaii.res" 1903
"../../../Engine/Content/Internationalization/icudt64l/region/vai.res" 1904
"../../../Engine/Content/Internationalization/icudt64l/region/vai_Latn.res" 1905
"../../../Engine/Content/Internationalization/icudt64l/lang/vi.res" 1906
"../../../Engine/Content/Internationalization/icudt64l/region/vi.res" 1907
"../../../Engine/Content/Internationalization/icudt64l/lang/vun.res" 1908
"../../../Engine/Content/Internationalization/icudt64l/region/vun.res" 1909
"../../../Engine/Content/Internationalization/icudt64l/lang/wae.res" 1910
"../../../Engine/Content/Internationalization/icudt64l/region/wae.res" 1911
"../../../Engine/Content/Internationalization/icudt64l/lang/wo.res" 1912
"../../../Engine/Content/Internationalization/icudt64l/region/wo.res" 1913
"../../../Engine/Content/Internationalization/icudt64l/lang/xh.res" 1914
"../../../Engine/Content/Internationalization/icudt64l/region/xh.res" 1915
"../../../Engine/Content/Internationalization/icudt64l/lang/xog.res" 1916
"../../../Engine/Content/Internationalization/icudt64l/region/xog.res" 1917
"../../../Engine/Content/Internationalization/icudt64l/lang/yav.res" 1918
"../../../Engine/Content/Internationalization/icudt64l/region/yav.res" 1919
"../../../Engine/Content/Internationalization/icudt64l/lang/yi.res" 1920
"../../../Engine/Content/Internationalization/icudt64l/region/yi.res" 1921
"../../../Engine/Content/Internationalization/icudt64l/lang/yo.res" 1922
"../../../Engine/Content/Internationalization/icudt64l/lang/yo_BJ.res" 1923
"../../../Engine/Content/Internationalization/icudt64l/region/yo_BJ.res" 1924
"../../../Engine/Content/Internationalization/icudt64l/region/yo.res" 1925
"../../../Engine/Content/Internationalization/icudt64l/lang/yue.res" 1926
"../../../Engine/Content/Internationalization/icudt64l/lang/yue_Hans.res" 1927
"../../../Engine/Content/Internationalization/icudt64l/lang/yue_CN.res" 1928
"../../../Engine/Content/Internationalization/icudt64l/lang/yue_Hans_CN.res" 1929
"../../../Engine/Content/Internationalization/icudt64l/region/yue_CN.res" 1930
"../../../Engine/Content/Internationalization/icudt64l/region/yue_Hans_CN.res" 1931
"../../../Engine/Content/Internationalization/icudt64l/region/yue_Hans.res" 1932
"../../../Engine/Content/Internationalization/icudt64l/lang/yue_Hant.res" 1933
"../../../Engine/Content/Internationalization/icudt64l/lang/yue_HK.res" 1934
"../../../Engine/Content/Internationalization/icudt64l/lang/yue_Hant_HK.res" 1935
"../../../Engine/Content/Internationalization/icudt64l/region/yue_HK.res" 1936
"../../../Engine/Content/Internationalization/icudt64l/region/yue_Hant_HK.res" 1937
"../../../Engine/Content/Internationalization/icudt64l/region/yue_Hant.res" 1938
"../../../Engine/Content/Internationalization/icudt64l/region/yue.res" 1939
"../../../Engine/Content/Internationalization/icudt64l/lang/zgh.res" 1940
"../../../Engine/Content/Internationalization/icudt64l/region/zgh.res" 1941
"../../../Engine/Content/Internationalization/icudt64l/lang/zh.res" 1942
"../../../Engine/Content/Internationalization/icudt64l/lang/zh_Hans.res" 1943
"../../../Engine/Content/Internationalization/icudt64l/lang/zh_CN.res" 1944
"../../../Engine/Content/Internationalization/icudt64l/lang/zh_Hans_CN.res" 1945
"../../../Engine/Content/Internationalization/icudt64l/region/zh_CN.res" 1946
"../../../Engine/Content/Internationalization/icudt64l/region/zh_Hans_CN.res" 1947
"../../../Engine/Content/Internationalization/icudt64l/region/zh_Hans.res" 1948
"../../../Engine/Content/Internationalization/icudt64l/region/zh.res" 1949
"../../../Engine/Content/Internationalization/icudt64l/lang/zh_HK.res" 1950
"../../../Engine/Content/Internationalization/icudt64l/lang/zh_Hant_HK.res" 1951
"../../../Engine/Content/Internationalization/icudt64l/lang/zh_Hant.res" 1952
"../../../Engine/Content/Internationalization/icudt64l/region/zh_HK.res" 1953
"../../../Engine/Content/Internationalization/icudt64l/region/zh_Hant_HK.res" 1954
"../../../Engine/Content/Internationalization/icudt64l/region/zh_Hant.res" 1955
"../../../Engine/Content/Internationalization/icudt64l/lang/zh_MO.res" 1956
"../../../Engine/Content/Internationalization/icudt64l/lang/zh_Hant_MO.res" 1957
"../../../Engine/Content/Internationalization/icudt64l/region/zh_MO.res" 1958
"../../../Engine/Content/Internationalization/icudt64l/region/zh_Hant_MO.res" 1959
"../../../Engine/Content/Internationalization/icudt64l/lang/zh_SG.res" 1960
"../../../Engine/Content/Internationalization/icudt64l/lang/zh_Hans_SG.res" 1961
"../../../Engine/Content/Internationalization/icudt64l/region/zh_SG.res" 1962
"../../../Engine/Content/Internationalization/icudt64l/region/zh_Hans_SG.res" 1963
"../../../Engine/Content/Internationalization/icudt64l/lang/zh_TW.res" 1964
"../../../Engine/Content/Internationalization/icudt64l/lang/zh_Hant_TW.res" 1965
"../../../Engine/Content/Internationalization/icudt64l/region/zh_TW.res" 1966
"../../../Engine/Content/Internationalization/icudt64l/region/zh_Hant_TW.res" 1967
"../../../Engine/Content/Internationalization/icudt64l/lang/zu.res" 1968
"../../../Engine/Content/Internationalization/icudt64l/region/zu.res" 1969
"../../../Engine/Content/Internationalization/icudt64l/lang/no.res" 1970
"../../../Engine/Content/Internationalization/icudt64l/lang/tl.res" 1971
"../../../Engine/Config/Android/DataDrivenPlatformInfo.ini" 1972
"../../../Engine/Config/IOS/DataDrivenPlatformInfo.ini" 1973
"../../../Engine/Config/Linux/DataDrivenPlatformInfo.ini" 1974
"../../../Engine/Config/Mac/DataDrivenPlatformInfo.ini" 1975
"../../../Engine/Config/TVOS/DataDrivenPlatformInfo.ini" 1976
"../../../Engine/Config/Unix/DataDrivenPlatformInfo.ini" 1977
"../../../Engine/Config/VulkanPC/DataDrivenPlatformInfo.ini" 1978
"../../../Engine/Config/Windows/DataDrivenPlatformInfo.ini" 1979
"../../../Engine/Platforms/VisionOS/Config/DataDrivenPlatformInfo.ini" 1980
"../../../Engine/Content/Renderer/TessellationTable.bin" 1981
"../../../Engine/DerivedDataCache/Compressed.ddp" 1982
"C:/Users/rexge/AppData/Local/UnrealEngine/5.6/Saved/Zen/zen.version" 1983
"C:/Users/rexge/AppData/Local/UnrealEngine/Common/Zen/Install/zen.version" 1984
"C:/Users/rexge/AppData/Local/UnrealEngine/Common/Zen/Install/zenserver.runcontext" 1985
"C:/Users/rexge/AppData/Local/UnrealEngine/Common/DerivedDataCache/TestData/0/TestData_4kb.dat" 1986
"C:/Users/rexge/AppData/Local/UnrealEngine/Common/DerivedDataCache/TestData/1/TestData_4kb.dat" 1987
"C:/Users/rexge/AppData/Local/UnrealEngine/Common/DerivedDataCache/TestData/0/TestData_8kb.dat" 1988
"C:/Users/rexge/AppData/Local/UnrealEngine/Common/DerivedDataCache/TestData/1/TestData_8kb.dat" 1989
"C:/Users/rexge/AppData/Local/UnrealEngine/Common/DerivedDataCache/TestData/0/TestData_16kb.dat" 1990
"C:/Users/rexge/AppData/Local/UnrealEngine/Common/DerivedDataCache/TestData/1/TestData_16kb.dat" 1991
"C:/Users/rexge/AppData/Local/UnrealEngine/Common/DerivedDataCache/TestData/0/TestData_64kb.dat" 1992
"C:/Users/rexge/AppData/Local/UnrealEngine/Common/DerivedDataCache/TestData/1/TestData_64kb.dat" 1993
"C:/Users/rexge/AppData/Local/UnrealEngine/Common/DerivedDataCache/TestData/0/TestData_128kb.dat" 1994
"C:/Users/rexge/AppData/Local/UnrealEngine/Common/DerivedDataCache/TestData/1/TestData_128kb.dat" 1995
"C:/Users/rexge/AppData/Local/UnrealEngine/Common/DerivedDataCache/TestData/0/TestData_256kb.dat" 1996
"C:/Users/rexge/AppData/Local/UnrealEngine/Common/DerivedDataCache/TestData/1/TestData_256kb.dat" 1997
"C:/Users/rexge/AppData/Roaming/Unreal Engine/UnrealBuildTool/BuildConfiguration.xml" 1998
"../../../../../../Users/rexge/Documents/Unreal Projects/JR_PRJ4/Intermediate/ShaderAutogen/PCD3D_SM6/AutogenShaderHeaders.ush" 1999
"../../../Engine/Shaders/Private/HairStrands/HairStrandsVertexFactory.ush" 2000
"../../../Engine/Shaders/Private/VertexFactoryCommon.ush" 2001
"../../../Engine/Shaders/Private/Common.ush" 2002
"../../../Engine/Shaders/Public/Platform.ush" 2003
"../../../Engine/Shaders/Public/FP16Math.ush" 2004
"../../../Engine/Shaders/Public/Platform/D3D/D3DCommon.ush" 2005
"../../../Engine/Shaders/Shared/HLSLReservedSpaces.h" 2006
"../../../Engine/Shaders/Public/BindlessResources.ush" 2007
"../../../Engine/Shaders/Public/Platform/D3D/PlatformBindlessResources.ush" 2008
"../../../Engine/Shaders/Shared/RayTracingBuiltInResources.h" 2009
"../../../Engine/Shaders/Shared/RayTracingDefinitions.h" 2010
"../../../Engine/Shaders/Public/OverloadMacros.ush" 2011
"../../../Engine/Shaders/Public/ShaderVersion.ush" 2012
"../../../Engine/Shaders/Shared/ThirdParty/NVIDIA/nvHLSLExtns.h" 2013
"../../../Engine/Shaders/Shared/ThirdParty/NVIDIA/nvHLSLExtnsInternal.h" 2014
"../../../Engine/Shaders/Shared/ThirdParty/NVIDIA/nvShaderExtnEnums.h" 2015
"../../../Engine/Shaders/Private/PackUnpack.ush" 2016
"../../../Engine/Shaders/Private/GeneratedUniformBufferTypes.ush" 2017
"../../../Engine/Shaders/Private/Nanite/NanitePackedNaniteView.ush" 2018
"../../../Engine/Shaders/Private/HairStrands/HairStrandsVisibilityCommonStruct.ush" 2019
"../../../Engine/Shaders/Private/HairStrands/HairStrandsVoxelPageCommonStruct.ush" 2020
"../../../Engine/Shaders/Private/HairStrands/HairStrandsDeepShadowCommonStruct.ush" 2021
"../../../Engine/Shaders/Shared/LightSceneData.h" 2022
"../../../Engine/Shaders/Shared/HLSLTypeAliases.h" 2023
"../../../Engine/Shaders/Private/LargeWorldCoordinates.ush" 2024
"../../../Engine/Shaders/Private/DoubleFloat.ush" 2025
"../../../Engine/Shaders/Private/RandomPCG.ush" 2026
"../../../Engine/Shaders/Private/DoubleFloatOperations.ush" 2027
"../../../Engine/Shaders/Private/DoubleFloatVectorDefinition.ush" 2028
"../../../Engine/Shaders/Private/LWCOperations.ush" 2029
"../../../Engine/Shaders/Shared/LightViewData.h" 2030
"../../../Engine/Shaders/Shared/RayTracingTypes.h" 2031
"../../../Engine/Shaders/Shared/HLSLStaticAssert.h" 2032
"../../../Engine/Shaders/Private/CommonViewUniformBuffer.ush" 2033
"../../../Engine/Shaders/Private/InstancedStereo.ush" 2034
"../../../Engine/Shaders/Private/Definitions.usf" 2035
"../../../Engine/Shaders/Private/AssertionMacros.ush" 2036
"../../../Engine/Shaders/Private/FastMath.ush" 2037
"../../../Engine/Shaders/Private/FastMathThirdParty.ush" 2038
"../../../Engine/Shaders/Private/Random.ush" 2039
"../../../Engine/Shaders/Private/RandomInterleavedGradientNoise.ush" 2040
"../../../Engine/Shaders/Private/SceneData.ush" 2041
"../../../Engine/Shaders/Private/OctahedralCommon.ush" 2042
"../../../Engine/Shaders/Private/WaveOpUtil.ush" 2043
"../../../Engine/Shaders/Private/ByteBuffer.ush" 2044
"../../../Engine/Shaders/Shared/SceneDefinitions.h" 2045
"../../../Engine/Shaders/Private/SceneDataMobileLoader.ush" 2046
"../../../Engine/Shaders/Private/LocalVertexFactoryCommon.ush" 2047
"../../../Engine/Shaders/Private/HairStrands/HairStrandsVisibilityCommon.ush" 2048
"../../../Engine/Shaders/Shared/HairStrandsDefinitions.h" 2049
"../../../Engine/Shaders/Private/HairStrands/HairStrandsVertexFactoryCommon.ush" 2050
"../../../Engine/Shaders/Private/HairStrands/HairStrandsPack.ush" 2051
"../../../Engine/Shaders/Private/HairStrands/HairStrandsAttributeCommon.ush" 2052
"../../../Engine/Shaders/Private/HairStrands/HairStrandsAttributeTemplate.ush" 2053
"../../../Engine/Shaders/Private/VertexFactoryDefaultInterface.ush" 2054
"../../../Engine/Shaders/Private/HairStrands/HairCardsVertexFactory.ush" 2055
"../../../Engine/Shaders/Private/HairStrands/HairCardsAttributeCommon.ush" 2056
"../../../Engine/Shaders/Private/RayTracing/RayTracingCommon.ush" 2057
"../../../Engine/Shaders/Private/ShadingCommon.ush" 2058
"../../../Engine/Shaders/Shared/RayTracingPayloadType.h" 2059
"../../../Engine/Shaders/Private/RayTracing/RayTracingRayCone.ush" 2060
"../../../Engine/Shaders/Private/Substrate/Substrate.ush" 2061
"../../../Engine/Shaders/Private/ShadingEnergyConservation.ush" 2062
"../../../Engine/Shaders/Private/ShadingEnergyConservationTemplate.ush" 2063
"../../../Engine/Shaders/Private/BRDF.ush" 2064
"../../../Engine/Shaders/Private/ColorSpace.ush" 2065
"../../../Engine/Shaders/Private/DeferredShadingCommon.ush" 2066
"../../../Engine/Shaders/Private/LightAccumulator.ush" 2067
"../../../Engine/Shaders/Private/SceneTexturesCommon.ush" 2068
"../../../Engine/Shaders/Private/MonteCarlo.ush" 2069
"../../../Engine/Shaders/Private/GBufferHelpers.ush" 2070
"../../../Engine/Shaders/Private/SceneTextureParameters.ush" 2071
"C:/Users/rexge/Documents/Unreal Projects/JR_PRJ4/Intermediate/ShaderAutogen/PCD3D_SM6/AutogenShaderHeaders.ush" 2072
"../../../Engine/Shaders/Private/ParticipatingMediaCommon.ush" 2073
"../../../Engine/Shaders/Private/ThinFilmBSDF.ush" 2074
"../../../Engine/Shaders/Private/MortonCode.ush" 2075
"../../../Engine/Shaders/Private/SubsurfaceProfileCommon.ush" 2076
"../../../Engine/Shaders/Private/BurleyNormalizedSSSCommon.ush" 2077
"../../../Engine/Shaders/Private/GammaCorrectionCommon.ush" 2078
"../../../Engine/Shaders/Shared/SubstrateDefinitions.h" 2079
"../../../Engine/Shaders/Private/Substrate/SubstrateStatisticalOperators.ush" 2080
"../../../Engine/Shaders/Private/Substrate/SubstrateSubsurface.ush" 2081
"../../../Engine/Shaders/Private/TransmissionCommon.ush" 2082
"../../../Engine/Shaders/Private/Substrate/SubstrateExportCommon.ush" 2083
"../../../Engine/Shaders/Private/SpecularProfileCommon.ush" 2084
"../../../Engine/Shaders/Private/RayTracing/RayTracingCommonMetal.ush" 2085
"../../../Engine/Shaders/Private/PositionReconstructionCommon.ush" 2086
"../../../Engine/Shaders/Private/RayTracing/TraceRayInline.ush" 2087
"../../../Engine/Shaders/Private/RayTracing/TraceRayInlineCommon.ush" 2088
"../../../Engine/Shaders/Private/RayTracing/TraceRayInlineVulkan.ush" 2089
"../../../Engine/Shaders/Private/RayTracing/TraceRayInlineMetal.ush" 2090
"../../../Engine/Shaders/Private/RayTracing/TraceRayInlineD3D12.ush" 2091
"../../../Engine/Shaders/Private/RayTracing/RayTracingHitGroupCommon.ush" 2092
"../../../Engine/Shaders/Private/Nanite/NaniteRayTrace.ush" 2093
"../../../Engine/Shaders/Private/Nanite/NaniteDataDecode.ush" 2094
"../../../Engine/Shaders/Private/BitPacking.ush" 2095
"../../../Engine/Shaders/Private/BitStreamReaderImplementation.ush" 2096
"../../../Engine/Shaders/Private/BoneTransform.ush" 2097
"../../../Engine/Shaders/Private/Quaternion.ush" 2098
"../../../Engine/Shaders/Shared/NaniteDefinitions.h" 2099
"../../../Engine/Shaders/Shared/SkinningDefinitions.h" 2100
"../../../Engine/Shaders/Private/Nanite/NaniteAttributeDecode.ush" 2101
"../../../Engine/Shaders/Private/Barycentrics.ush" 2102
"../../../Engine/Shaders/Private/DualNumber.ush" 2103
"../../../Engine/Shaders/Shared/ThirdParty/RayTriangleIntersection.h" 2104
"../../../Engine/Shaders/Private/Nanite/NaniteVertexFetch.ush" 2105
"../../../Engine/Shaders/Private/Nanite/NaniteSceneCommon.ush" 2106
"../../../Engine/Plugins/FX/Niagara/Shaders/Private/NiagaraSpriteVertexFactory.ush" 2107
"../../../Engine/Shaders/Private/ParticleVertexFactoryCommon.ush" 2108
"../../../Engine/Plugins/FX/Niagara/Shaders/Private/NiagaraVFCommon.usf" 2109
"../../../Engine/Plugins/FX/Niagara/Shaders/Private/NiagaraVFParticleAccess.usf" 2110
"../../../Engine/Plugins/FX/Niagara/Shaders/Private/NiagaraParticleAccess.ush" 2111
"../../../Engine/Plugins/FX/Niagara/Shaders/Private/NiagaraRibbonVertexFactory.ush" 2112
"../../../Engine/Plugins/FX/Niagara/Shaders/Private/NiagaraMeshVertexFactory.ush" 2113
"../../../Engine/Plugins/FX/Niagara/Shaders/Private/NiagaraCommon.ush" 2114
"../../../Engine/Plugins/FX/Niagara/Shaders/Private/NiagaraMeshParticleUtils.ush" 2115
"../../../Engine/Shaders/Private/VectorFieldVisualizationVertexFactory.ush" 2116
"../../../Engine/Shaders/Private/Nanite/NaniteVertexFactory.ush" 2117
"../../../Engine/Shaders/Private/LightmapData.ush" 2118
"../../../Engine/Shaders/Private/SplineMeshCommon.ush" 2119
"../../../Engine/Shaders/Shared/SplineMeshShaderParams.h" 2120
"../../../Engine/Shaders/Private/ShaderPrint.ush" 2121
"../../../Engine/Shaders/Private/ShaderPrintCommon.ush" 2122
"../../../Engine/Shaders/Private/MiniFontCommon.ush" 2123
"../../../Engine/Shaders/Private/MaterialCache/MaterialCacheCommon.ush" 2124
"../../../Engine/Shaders/Shared/MaterialCacheDefinitions.h" 2125
"../../../Engine/Shaders/Private/Nanite/NaniteVertexDeformation.ush" 2126
"../../../Engine/Shaders/Private/ViewData.ush" 2127
"../../../Engine/Shaders/Shared/ViewDefinitions.h" 2128
"../../../Engine/Shaders/Private/Matrices.ush" 2129
"../../../Engine/Shaders/Private/ParticleSpriteVertexFactory.ush" 2130
"../../../Engine/Shaders/Private/ParticleGPUSpriteVertexFactory.ush" 2131
"../../../Engine/Shaders/Private/ParticleSimulationCommon.ush" 2132
"../../../Engine/Shaders/Private/ParticleBeamTrailVertexFactory.ush" 2133
"../../../Engine/Shaders/Private/MeshParticleVertexFactory.ush" 2134
"../../../Engine/Shaders/Private/LocalVertexFactory.ush" 2135
"../../../Engine/Shaders/Private/GpuSkinCommon.ush" 2136
"../../../Engine/Shaders/Private/GpuSkinVertexFactory.ush" 2137
"../../../Engine/Shaders/Private/GeometryCollectionVertexFactory.ush" 2138
"../../../Engine/Shaders/Private/GeometryCacheVertexFactory.ush" 2139
"../../../Engine/Shaders/Private/LandscapeVertexFactory.ush" 2140
"../../../Engine/Plugins/Marketplace/UnrealMetaXRPlugin.83.0/MetaXR/Shaders/Private/ScreenPixelShaderArraySlice.usf" 2141
"../../../Engine/Plugins/Marketplace/UnrealMetaXRPlugin.83.0/MetaXR/Shaders/Private/HardOcclusions.usf" 2142
"../../../Engine/Plugins/Marketplace/UnrealMetaXRPlugin.83.0/MetaXR/Shaders/Private/ScreenPSEnvironmentDepthMinMax.usf" 2143
"../../../Engine/Plugins/Experimental/Compositing/CompositeCore/Shaders/Private/CompositeCoreMerge.usf" 2144
"../../../Engine/Shaders/Private/ScreenPass.ush" 2145
"../../../Engine/Shaders/Private/LensDistortion.ush" 2146
"../../../Engine/Plugins/Experimental/Compositing/CompositeCore/Shaders/Private/CompositeCoreDisplayTransform.usf" 2147
"../../../Engine/Plugins/Experimental/Compositing/CompositeCore/Shaders/Private/CompositeCoreDilate.usf" 2148
"../../../Engine/Plugins/VirtualProduction/CameraCalibrationCore/Shaders/Private/CrosshairOverlay.usf" 2149
"../../../Engine/Plugins/VirtualProduction/CameraCalibrationCore/Shaders/Private/DisplacementMapBlending.usf" 2150
"../../../Engine/Plugins/VirtualProduction/CameraCalibrationCore/Shaders/Private/RecenterSTDisplacementMaps.usf" 2151
"../../../Engine/Plugins/VirtualProduction/CameraCalibrationCore/Shaders/Private/FillSTDisplacementMap.usf" 2152
"../../../Engine/Plugins/VirtualProduction/CameraCalibrationCore/Shaders/Private/InvertDisplacementMap.usf" 2153
"../../../Engine/Plugins/VirtualProduction/CameraCalibrationCore/Shaders/Private/CropDisplacementMap.usf" 2154
"../../../Engine/Plugins/VirtualProduction/CameraCalibrationCore/Shaders/Private/BlendDisplacementMaps.usf" 2155
"../../../Engine/Plugins/VirtualProduction/CameraCalibrationCore/Shaders/Private/DrawDisplacementMaps.usf" 2156
"../../../Engine/Plugins/VirtualProduction/CameraCalibrationCore/Shaders/Private/UndistortImagePoints.usf" 2157
"../../../Engine/Plugins/VirtualProduction/CameraCalibrationCore/Shaders/Private/DistortionSTMapProcessor.usf" 2158
"../../../Engine/Plugins/Enterprise/GLTFExporter/Shaders/Private/SimpleTexture2DPS.usf" 2159
"../../../Engine/Shaders/Private/SimpleElementNormalMapPixelShader.usf" 2160
"../../../Engine/Shaders/Private/DisplayMappingPixelShader.usf" 2161
"../../../Engine/Shaders/Private/TonemapCommon.ush" 2162
"../../../Engine/Shaders/Private/ACES/ACESCommon.ush" 2163
"../../../Engine/Shaders/Private/ACES/ACESOutputTransform.ush" 2164
"../../../Engine/Shaders/Private/ACES/ACESUtilities.ush" 2165
"../../../Engine/Shaders/Private/ACES/ACESTonescale.ush" 2166
"../../../Engine/Shaders/Private/ACES/ACESDisplayEncoding.ush" 2167
"../../../Engine/Shaders/Private/ACES/ACES_v1.3.ush" 2168
"../../../Engine/Plugins/Runtime/HairStrands/Shaders/Private/NiagaraCopyVelocityGrid.usf" 2169
"../../../Engine/Plugins/Runtime/HairStrands/Shaders/Private/NiagaraClearVelocityGrid.usf" 2170
"../../../Engine/Plugins/Runtime/HairStrands/Shaders/Private/NiagaraClearPressureGrid.usf" 2171
"../../../Engine/Plugins/Runtime/HairStrands/Shaders/Private/NiagaraInterpolateGroomGuides.usf" 2172
"../../../Engine/Plugins/Runtime/HairStrands/Shaders/Private/NiagaraGroomInterpolationUtils.ush" 2173
"../../../Engine/Plugins/FX/Niagara/Shaders/Private/NiagaraQuaternionUtils.ush" 2174
"../../../Engine/Shaders/Private/HairStrands/HairStrandsMesh.usf" 2175
"../../../Engine/Shaders/Private/HairStrands/HairStrandsBindingCommon.ush" 2176
"../../../Engine/Shaders/Private/HairStrands/HairStrandsFollicleMask.usf" 2177
"../../../Engine/Shaders/Private/HairStrands/HairStrandsSkinUpdate.usf" 2178
"../../../Engine/Shaders/Private/HairStrands/HairStrandsClusterCulling.usf" 2179
"../../../Engine/Shaders/Private/ColorMap.ush" 2180
"../../../Engine/Shaders/Private/HairStrands/HairStrandsAABBCommon.ush" 2181
"../../../Engine/Shaders/Private/HairStrands/HairStrandsClusterCommon.ush" 2182
"../../../Engine/Shaders/Private/ThreadGroupPrefixSum.ush" 2183
"../../../Engine/Shaders/Private/HairStrands/HairStrandsRaytracingGeometry.usf" 2184
"../../../Engine/Shaders/Private/HairStrands/HairStrandsTangent.usf" 2185
"../../../Engine/Shaders/Private/HairStrands/HairCardsDeformation.usf" 2186
"../../../Engine/Shaders/Private/HairStrands/HairStrandsInterpolation.usf" 2187
"../../../Engine/Shaders/Private/HairStrands/HairStrandsGuideDeform.usf" 2188
"../../../Engine/Shaders/Private/HairStrands/HairStrandsTexturesGeneration.usf" 2189
"../../../Engine/Shaders/Private/HairStrands/HairCardsTextureCommon.ush" 2190
"../../../Engine/Shaders/Private/HairStrands/HairStrandsTranscode.usf" 2191
"../../../Engine/Shaders/Private/HairStrands/HairStrandsDebug.usf" 2192
"../../../Engine/Shaders/Private/HairShadingCommon.ush" 2193
"../../../Engine/Shaders/Private/PostProcessCommon.ush" 2194
"../../../Engine/Shaders/Private/ShadingModels.ush" 2195
"../../../Engine/Shaders/Private/CapsuleLight.ush" 2196
"../../../Engine/Shaders/Private/RectLight.ush" 2197
"../../../Engine/Shaders/Private/LightData.ush" 2198
"../../../Engine/Shaders/Shared/LightDefinitions.h" 2199
"../../../Engine/Shaders/Private/AreaLightCommon.ush" 2200
"../../../Engine/Shaders/Private/HairBsdf.ush" 2201
"../../../Engine/Shaders/Private/MobileGGX.ush" 2202
"../../../Engine/Shaders/Private/HairStrands/HairStrandsCommon.ush" 2203
"../../../Engine/Shaders/Private/HairStrands/HairStrandsEnvironmentLightingCommon.ush" 2204
"../../../Engine/Shaders/Private/HairStrands/HairStrandsDeepTransmittanceCommon.ush" 2205
"../../../Engine/Shaders/Private/HairStrands/HairStrandsDeepTransmittanceDualScattering.ush" 2206
"../../../Engine/Shaders/Private/HairStrands/HairStrandsDeepShadowCommon.ush" 2207
"../../../Engine/Shaders/Private/HairStrands/HairStrandsDebugCommonStruct.ush" 2208
"../../../Engine/Plugins/FX/Niagara/Shaders/Private/NiagaraVertexFactoryExport.usf" 2209
"../../../Engine/Shaders/Private/ComputeShaderUtils.ush" 2210
"../../../Engine/Shaders/Private/MaterialTemplate.ush" 2211
"../../../Engine/Shaders/Private/WorldSpaceMath.ush" 2212
"../../../Engine/Shaders/Private/EyeAdaptationCommon.ush" 2213
"../../../Engine/Shaders/Private/SobolRandom.ush" 2214
"../../../Engine/Shaders/Private/DepthOfFieldCommon.ush" 2215
"../../../Engine/Shaders/Private/CircleDOFCommon.ush" 2216
"../../../Engine/Shaders/Private/DistanceField/GlobalDistanceFieldShared.ush" 2217
"../../../Engine/Shaders/Private/PhysicsFieldSampler.ush" 2218
"../../../Engine/Shaders/Private/PhysicsFieldShared.ush" 2219
"../../../Engine/Shaders/Private/SparseVolumeTexture/SparseVolumeTextureCommon.ush" 2220
"../../../Engine/Shaders/Shared/EnvironmentComponentsFlags.h" 2221
"../../../Engine/Shaders/Private/MeshPaintTextureCommon.ush" 2222
"../../../Engine/Shaders/Private/VirtualTextureMaterial.ush" 2223
"../../../Engine/Shaders/Private/MaterialCache/MaterialCacheMaterialCommon.ush" 2224
"../../../Engine/Shaders/Private/MaterialCache/MaterialCacheABuffer.ush" 2225
"../../../Engine/Shaders/Private/SpeedTreeCommon.ush" 2226
"../../../Engine/Shaders/Private/VirtualTextureCommon.ush" 2227
"../../../Engine/Shaders/Private/MaterialTexture.ush" 2228
"../../../Engine/Shaders/Private/MinMaterialTexCoords.ush" 2229
"../../../Engine/Shaders/Private/SkyAtmosphereCommon.ush" 2230
"../../../Engine/Shaders/Private/SingleLayerWaterCommon.ush" 2231
"../../../Engine/Shaders/Private/TextureSampling.ush" 2232
"../../../Engine/Shaders/Private/PaniniProjection.ush" 2233
"../../../Engine/Shaders/Private/DBufferNormalReprojection.ush" 2234
"../../../Engine/Shaders/Public/SubstratePublic.ush" 2235
"../../../Engine/Shaders/Private/Substrate/SubstrateTree.ush" 2236
"../../../Engine/Shaders/Private/Substrate/SubstrateEvaluation.ush" 2237
"../../../Engine/Shaders/Private/Substrate/Glint/GlintThirdParty.ush" 2238
"../../../Engine/Shaders/Private/BlueNoise.ush" 2239
"../../../Engine/Shaders/Private/SHCommon.ush" 2240
"../../../Engine/Shaders/Private/ShadingModelsSampling.ush" 2241
"../../../Engine/Shaders/Private/HairStrands/HairBsdfSample.ush" 2242
"../../../Engine/Shaders/Private/Substrate/SubstrateLegacyConversion.ush" 2243
"../../../Engine/Shaders/Private/DBufferDecalShared.ush" 2244
"../../../Engine/Plugins/FX/Niagara/Shaders/Private/NiagaraSortKeyGen.usf" 2245
"../../../Engine/Plugins/FX/Niagara/Shaders/Private/NiagaraGPURayTracingTransforms.usf" 2246
"../../../Engine/Plugins/FX/Niagara/Shaders/Private/NiagaraDrawIndirectArgsGen.usf" 2247
"../../../Engine/Plugins/FX/Niagara/Shaders/Private/NiagaraDispatchIndirectArgsGen.usf" 2248
"../../../Engine/Plugins/FX/Niagara/Shaders/Private/Stateless/NiagaraStatelessSimulationDefault.usf" 2249
"../../../Engine/Plugins/FX/Niagara/Shaders/Private/Stateless/NiagaraStatelessSimulationTemplate.ush" 2250
"../../../Engine/Plugins/FX/Niagara/Shaders/Private/Stateless/NiagaraStatelessCommon.ush" 2251
"../../../Engine/Plugins/FX/Niagara/Shaders/Shared/NiagaraStatelessDefinitions.h" 2252
"../../../Engine/Plugins/FX/Niagara/Shaders/Shared/NiagaraStatelessBuiltDistribution.h" 2253
"../../../Engine/Plugins/FX/Niagara/Shaders/Private/Stateless/NiagaraStatelessDistribution.ush" 2254
"../../../Engine/Plugins/FX/Niagara/Shaders/Private/Stateless/Modules/NiagaraStatelessModule_CalculateAccurateVelocity.ush" 2255
"../../../Engine/Plugins/FX/Niagara/Shaders/Private/Stateless/Modules/NiagaraStatelessModule_CameraOffset.ush" 2256
"../../../Engine/Plugins/FX/Niagara/Shaders/Private/Stateless/Modules/NiagaraStatelessModule_DynamicMaterialParameters.ush" 2257
"../../../Engine/Plugins/FX/Niagara/Shaders/Private/Stateless/Modules/NiagaraStatelessModule_InitializeParticle.ush" 2258
"../../../Engine/Plugins/FX/Niagara/Shaders/Private/Stateless/Modules/NiagaraStatelessModule_InitialMeshOrientation.ush" 2259
"../../../Engine/Plugins/FX/Niagara/Shaders/Private/Stateless/Modules/NiagaraStatelessModule_MeshIndex.ush" 2260
"../../../Engine/Plugins/FX/Niagara/Shaders/Private/Stateless/Modules/NiagaraStatelessModule_MeshRotationRate.ush" 2261
"../../../Engine/Plugins/FX/Niagara/Shaders/Private/Stateless/Modules/NiagaraStatelessModule_RotateAroundPoint.ush" 2262
"../../../Engine/Plugins/FX/Niagara/Shaders/Private/Stateless/Modules/NiagaraStatelessModule_ShapeLocation.ush" 2263
"../../../Engine/Plugins/FX/Niagara/Shaders/Private/Stateless/Modules/NiagaraStatelessModule_ScaleColor.ush" 2264
"../../../Engine/Plugins/FX/Niagara/Shaders/Private/Stateless/Modules/NiagaraStatelessModule_ScaleRibbonWidth.ush" 2265
"../../../Engine/Plugins/FX/Niagara/Shaders/Private/Stateless/Modules/NiagaraStatelessModule_ScaleSpriteSize.ush" 2266
"../../../Engine/Plugins/FX/Niagara/Shaders/Private/Stateless/Modules/NiagaraStatelessModule_ScaleSpriteSizeBySpeed.ush" 2267
"../../../Engine/Plugins/FX/Niagara/Shaders/Private/Stateless/Modules/NiagaraStatelessModule_ScaleMeshSize.ush" 2268
"../../../Engine/Plugins/FX/Niagara/Shaders/Private/Stateless/Modules/NiagaraStatelessModule_ScaleMeshSizebySpeed.ush" 2269
"../../../Engine/Plugins/FX/Niagara/Shaders/Private/Stateless/Modules/NiagaraStatelessModule_SolveVelocitiesAndForces.ush" 2270
"../../../Engine/Plugins/FX/Niagara/Shaders/Private/Stateless/Modules/NiagaraStatelessModule_SpriteFacingAndAlignment.ush" 2271
"../../../Engine/Plugins/FX/Niagara/Shaders/Private/Stateless/Modules/NiagaraStatelessModule_SpriteRotationRate.ush" 2272
"../../../Engine/Plugins/FX/Niagara/Shaders/Private/Stateless/Modules/NiagaraStatelessModule_SubUVAnimation.ush" 2273
"../../../Engine/Plugins/FX/Niagara/Shaders/Private/NiagaraBlendSVTsToDenseBuffer.usf" 2274
"../../../Engine/Plugins/FX/Niagara/Shaders/Private/NiagaraSVTToDenseBuffer.usf" 2275
"../../../Engine/Plugins/FX/Niagara/Shaders/Private/NiagaraFillIntBuffer.usf" 2276
"../../../Engine/Plugins/FX/Niagara/Shaders/Private/NiagaraComputeFreeIDs.usf" 2277
"../../../Engine/Plugins/FX/Niagara/Shaders/Private/NiagaraInitFreeIDBuffer.usf" 2278
"../../../Engine/Plugins/FX/Niagara/Shaders/Private/NiagaraEmitterInstanceShader.usf" 2279
"../../../Engine/Plugins/FX/Niagara/Shaders/Private/NiagaraShaderVersion.ush" 2280
"../../../Engine/Plugins/FX/Niagara/Shaders/Private/NiagaraPhysicsCommon.ush" 2281
"../../../Engine/Plugins/FX/Niagara/Shaders/Private/Ribbons/NiagaraRibbonAggregationApply.usf" 2282
"../../../Engine/Plugins/FX/Niagara/Shaders/Private/Ribbons/NiagaraRibbonCommon.ush" 2283
"../../../Engine/Plugins/FX/Niagara/Shaders/Private/Ribbons/NiagaraRibbonAggregationStep.usf" 2284
"../../../Engine/Plugins/FX/Niagara/Shaders/Private/Ribbons/NiagaraRibbonGenerateIndices.usf" 2285
"../../../Engine/Plugins/FX/Niagara/Shaders/Private/Ribbons/NiagaraRibbonInitializeIndices.usf" 2286
"../../../Engine/Plugins/FX/Niagara/Shaders/Private/Ribbons/NiagaraRibbonRibbonUVParamCalculation.usf" 2287
"../../../Engine/Plugins/FX/Niagara/Shaders/Private/Ribbons/NiagaraRibbonVertexReductionFinalization.usf" 2288
"../../../Engine/Plugins/FX/Niagara/Shaders/Private/Ribbons/NiagaraRibbonVertexReductionInitialization.usf" 2289
"../../../Engine/Plugins/FX/Niagara/Shaders/Private/Ribbons/NiagaraRibbonSortParticles.usf" 2290
"../../../Engine/Plugins/FX/Niagara/Shaders/Private/NiagaraLWCHelper.usf" 2291
"../../../Engine/Plugins/FX/Niagara/Shaders/Private/NiagaraUpdateMeshGPUSceneInstances.usf" 2292
"../../../Engine/Shaders/Private/GPUScene/GPUSceneWriter.ush" 2293
"../../../Engine/Plugins/FX/Niagara/Shaders/Private/NiagaraGenerateMips.usf" 2294
"../../../Engine/Plugins/FX/Niagara/Shaders/Private/NiagaraDebugDraw.usf" 2295
"../../../Engine/Plugins/FX/Niagara/Shaders/Private/NiagaraDebugDraw.ush" 2296
"../../../Engine/Plugins/FX/Niagara/Shaders/Private/NiagaraVisualizeTexture.usf" 2297
"../../../Engine/Plugins/FX/Niagara/Shaders/Private/NiagaraClearCounts.usf" 2298
"../../../Engine/Plugins/FX/Niagara/Shaders/Private/NiagaraBatchedElements.usf" 2299
"../../../Engine/Plugins/FX/Niagara/Shaders/Private/NiagaraRayTracingShaders.usf" 2300
"../../../Engine/Plugins/FX/Niagara/Shaders/Private/NiagaraAsyncGpuTraceCommon.ush" 2301
"../../../Engine/Shaders/Private/HashTable.ush" 2302
"../../../Engine/Shaders/Private/Hash.ush" 2303
"../../../Engine/Shaders/Private/RayTracing/VFXTraceRay.ush" 2304
"../../../Engine/Plugins/FX/Niagara/Shaders/Private/NiagaraRayMarchingShaders.usf" 2305
"../../../Engine/Plugins/FX/Niagara/Shaders/Private/NiagaraRayTraceCollisionGroupShaders.usf" 2306
"../../../Engine/Plugins/FX/Niagara/Shaders/Private/NiagaraAsyncGpuTraceUtils.usf" 2307
"../../../Engine/Plugins/Runtime/ComputeFramework/Shaders/Private/ComputeKernel.usf" 2308
"../../../Engine/Plugins/Runtime/ComputeFramework/Shaders/Private/ComputeKernelCommon.ush" 2309
"../../../Engine/Plugins/Media/WmfMedia/Shaders/Private/MediaHardwareVideoDecoding.usf" 2310
"../../../Engine/Shaders/Private/ColorUtils.ush" 2311
"../../../Engine/Plugins/Media/ImgMedia/Shaders/Private/ExrSwizzler.usf" 2312
"../../../Engine/Plugins/NNE/NNEDenoiser/Shaders/NNEDenoiserShadersTransferFunctionOidn.usf" 2313
"../../../Engine/Plugins/NNE/NNEDenoiser/Shaders/NNEDenoiserShadersMappedCopy.usf" 2314
"../../../Engine/Plugins/NNE/NNEDenoiser/Shaders/NNEDenoiserShadersDefaultIOProcess.usf" 2315
"../../../Engine/Plugins/NNE/NNEDenoiser/Shaders/NNEDenoiserShadersAutoExposureReduceFinal.usf" 2316
"../../../Engine/Plugins/NNE/NNEDenoiser/Shaders/NNEDenoiserShadersAutoExposureReduce.usf" 2317
"../../../Engine/Plugins/NNE/NNEDenoiser/Shaders/NNEDenoiserShadersAutoExposureDownsample.usf" 2318
"../../../Engine/Plugins/Experimental/NFORDenoise/Shaders/NFORDenoise.usf" 2319
"../../../Engine/Plugins/Experimental/NFORDenoise/Shaders/NFORRegressionCommon.ush" 2320
"../../../Engine/Plugins/Experimental/NFORDenoise/Shaders/NFORRegression.ush" 2321
"../../../Engine/Shaders/Private/VirtualTextureAdapter.usf" 2322
"../../../Engine/Shaders/Private/BlockCompressionCommon.ush" 2323
"../../../Engine/Shaders/Private/BCCompressionCommon.ush" 2324
"../../../Engine/Shaders/Private/TranslucentLightingShaders.usf" 2325
"../../../Engine/Shaders/Private/CubemapCommon.ush" 2326
"../../../Engine/Shaders/Private/VectorFieldCompositeShaders.usf" 2327
"../../../Engine/Shaders/Private/UpdateTextureShaders.usf" 2328
"../../../Engine/Shaders/Private/StereoLayerShader.usf" 2329
"../../../Engine/Shaders/Private/SparseVolumeTexture/UpdateSparseVolumeTexture.usf" 2330
"../../../Engine/Shaders/Private/MorphTargets.usf" 2331
"../../../Engine/Shaders/Private/SimpleElementColorChannelMaskPixelShader.usf" 2332
"../../../Engine/Shaders/Private/SimpleElementHitProxyPixelShader.usf" 2333
"../../../Engine/Shaders/Private/SimpleElementPixelShader.usf" 2334
"../../../Engine/Shaders/Private/IESLightProfilesCommon.ush" 2335
"../../../Engine/Shaders/Private/SimpleElementVertexShader.usf" 2336
"../../../Engine/Shaders/Private/ScreenPixelShaderOES.usf" 2337
"../../../Engine/Shaders/Private/ScreenVertexShader.usf" 2338
"../../../Engine/Shaders/Private/ScreenPixelShader.usf" 2339
"../../../Engine/Shaders/Private/SSProfilePreIntegratedMobile.usf" 2340
"../../../Engine/Shaders/Private/SpecularProfile.usf" 2341
"../../../Engine/Shaders/Private/Nanite/NaniteStreaming.usf" 2342
"../../../Engine/Shaders/Private/Nanite/NaniteStreaming.ush" 2343
"../../../Engine/Shaders/Private/Nanite/NaniteTranscode.usf" 2344
"../../../Engine/Shaders/Private/VolumetricLightmapStreaming.usf" 2345
"../../../Engine/Shaders/Private/PhysicsFieldReset.usf" 2346
"../../../Engine/Shaders/Private/PhysicsFieldBuilder.usf" 2347
"../../../Engine/Shaders/Private/PhysicsFieldEval.ush" 2348
"../../../Engine/Shaders/Private/ParticleSortKeyGen.usf" 2349
"../../../Engine/Shaders/Private/ParticleBoundsShader.usf" 2350
"../../../Engine/Shaders/Private/ParticleSimVisualizeShader.usf" 2351
"../../../Engine/Shaders/Private/ParticleInjectionShader.usf" 2352
"../../../Engine/Shaders/Private/ParticleSimulationShader.usf" 2353
"../../../Engine/Shaders/Private/ParticleCurveInjectionShader.usf" 2354
"../../../Engine/Shaders/Private/CopyUIntBuffer.usf" 2355
"../../../Engine/Shaders/Private/RadixSortShaders.usf" 2356
"../../../Engine/Shaders/Private/RecomputeTangentsPerVertexPass.usf" 2357
"../../../Engine/Shaders/Private/RecomputeTangentsCommon.ush" 2358
"../../../Engine/Shaders/Private/RecomputeTangentsPerTrianglePass.usf" 2359
"../../../Engine/Shaders/Private/GpuSkinCacheComputeShader.usf" 2360
"../../../Engine/Shaders/Private/HeightFieldAtlasManagement.usf" 2361
"../../../Engine/Shaders/Private/Landscape/LandscapeEditLayersUtils.usf" 2362
"../../../Engine/Shaders/Private/Landscape/LandscapeCommon.ush" 2363
"../../../Engine/Shaders/Private/Landscape/LandscapeEditLayersWeightmaps.usf" 2364
"../../../Engine/Shaders/Private/Landscape/LandscapeEditLayersHeightmaps.usf" 2365
"../../../Engine/Shaders/Private/Landscape/LandscapeLayersWeightmapsPS.usf" 2366
"../../../Engine/Shaders/Private/Landscape/LandscapeLayersHeightmapsPS.usf" 2367
"../../../Engine/Shaders/Private/LandscapeLayersCS.usf" 2368
"../../../Engine/Shaders/Private/LandscapeLayersPS.usf" 2369
"../../../Engine/Shaders/Private/LandscapeLayersVS.usf" 2370
"../../../Engine/Shaders/Private/LandscapePhysicalMaterial.usf" 2371
"../../../Engine/Shaders/Private/LandscapeGrassWeight.usf" 2372
"../../../Engine/Shaders/Private/Landscape/LandscapeCulling.usf" 2373
"../../../Engine/Shaders/Private/Nanite/NaniteHZBCull.ush" 2374
"../../../Engine/Shaders/Private/HZB.ush" 2375
"../../../Engine/Shaders/Private/Landscape/LandscapeMergeTexturesPS.usf" 2376
"../../../Engine/Shaders/Private/WideCustomResolveShaders.usf" 2377
"../../../Engine/Shaders/Private/WideCustomResolve_Wide.ush" 2378
"../../../Engine/Shaders/Private/WideCustomResolve_Wider.ush" 2379
"../../../Engine/Shaders/Private/WideCustomResolve_Widest.ush" 2380
"../../../Engine/Shaders/Private/WaterInfoTextureBlur.usf" 2381
"../../../Engine/Shaders/Private/WaterInfoTextureMerge.usf" 2382
"../../../Engine/Shaders/Private/PageTableUpdate.usf" 2383
"../../../Engine/Shaders/Private/VirtualTextureCompress.usf" 2384
"../../../Engine/Shaders/Private/ASTCCompressionCommon.ush" 2385
"../../../Engine/Shaders/Private/IntegerSequenceEncoding.ush" 2386
"../../../Engine/Shaders/Private/ETCCompressionCommon.ush" 2387
"../../../Engine/Shaders/Private/VirtualTextureMaterial.usf" 2388
"../../../Engine/Shaders/Private/PixelShaderOutputCommon.ush" 2389
"../../../Engine/Shaders/Private/ShaderOutputCommon.ush" 2390
"../../../Engine/Shaders/Private/VolumetricRenderTarget.usf" 2391
"../../../Engine/Shaders/Private/HeightFogCommon.ush" 2392
"../../../Engine/Shaders/Private/LocalFogVolumes/LocalFogVolumeCommon.ush" 2393
"../../../Engine/Shaders/Private/ReflectionEnvironmentShared.ush" 2394
"../../../Engine/Shaders/Private/VolumetricFogVoxelization.usf" 2395
"../../../Engine/Shaders/Private/VolumetricCloudMaterialPixelCommon.ush" 2396
"../../../Engine/Shaders/Private/VolumetricFogLightFunction.usf" 2397
"../../../Engine/Shaders/Private/LightFunctionCommon.ush" 2398
"../../../Engine/Shaders/Private/VolumetricFog.usf" 2399
"../../../Engine/Shaders/Private/DeferredLightingCommon.ush" 2400
"../../../Engine/Shaders/Private/DynamicLightingCommon.ush" 2401
"../../../Engine/Shaders/Private/CapsuleLightIntegrate.ush" 2402
"../../../Engine/Shaders/Private/CapsuleLightSampling.ush" 2403
"../../../Engine/Shaders/Private/RectLightIntegrate.ush" 2404
"../../../Engine/Shaders/Private/ScreenSpaceShadowRayCast.ush" 2405
"../../../Engine/Shaders/Private/LightFunctionAtlas/LightFunctionAtlasCommon.usf" 2406
"../../../Engine/Shaders/Private/HeterogeneousVolumes/HeterogeneousVolumesAdaptiveVolumetricShadowMapSampling.ush" 2407
"../../../Engine/Shaders/Private/HeterogeneousVolumes/HeterogeneousVolumesAdaptiveVolumetricShadowMapUtils.ush" 2408
"../../../Engine/Shaders/Private/HeterogeneousVolumes/HeterogeneousVolumesRayMarchingUtils.ush" 2409
"../../../Engine/Shaders/Private/HeterogeneousVolumes/HeterogeneousVolumesRayMarchingTypes.ush" 2410
"../../../Engine/Shaders/Private/PathTracing/Utilities/PathTracingRandomSequence.ush" 2411
"../../../Engine/Shaders/Private/HeterogeneousVolumes/HeterogeneousVolumesTracingUtils.ush" 2412
"../../../Engine/Shaders/Private/VelocityCommon.ush" 2413
"../../../Engine/Shaders/Private/HeterogeneousVolumes/HeterogeneousVolumesTransmittanceVolumeUtils.ush" 2414
"../../../Engine/Shaders/Private/ForwardShadowingCommon.ush" 2415
"../../../Engine/Shaders/Private/ShadowFilteringCommon.ush" 2416
"../../../Engine/Shaders/Private/PixelQuadMessagePassing.ush" 2417
"../../../Engine/Shaders/Private/VolumeLightingCommon.ush" 2418
"../../../Engine/Shaders/Private/ShadowProjectionCommon.ush" 2419
"../../../Engine/Shaders/Private/VolumeLightingCommonSampling.ush" 2420
"../../../Engine/Shaders/Private/Lumen/LumenTranslucencyVolumeShared.ush" 2421
"../../../Engine/Shaders/Private/Lumen/LumenRadianceCacheInterpolation.ush" 2422
"../../../Engine/Shaders/Private/HeterogeneousVolumes/HeterogeneousVolumesAdaptiveVolumetricShadowMapSampler.ush" 2423
"../../../Engine/Shaders/Private/LightGridCommon.ush" 2424
"../../../Engine/Shaders/Private/DistanceFieldAOShared.ush" 2425
"../../../Engine/Shaders/Private/IntersectionUtils.ush" 2426
"../../../Engine/Shaders/Private/VolumetricLightmapShared.ush" 2427
"../../../Engine/Shaders/Private/LightDataUniforms.ush" 2428
"../../../Engine/Shaders/Private/VirtualShadowMaps/VirtualShadowMapProjectionCommon.ush" 2429
"../../../Engine/Shaders/Private/VirtualShadowMaps/VirtualShadowMapPageAccessCommon.ush" 2430
"../../../Engine/Shaders/Shared/VirtualShadowMapDefinitions.h" 2431
"../../../Engine/Shaders/Shared/HLSLMathAliases.h" 2432
"../../../Engine/Shaders/Private/VirtualShadowMaps/VirtualShadowMapProjectionStructs.ush" 2433
"../../../Engine/Shaders/Private/VolumetricCloudCommon.ush" 2434
"../../../Engine/Shaders/Private/VolumetricCloud.usf" 2435
"../../../Engine/Shaders/Private/VisualizeVolumetricLightmap.usf" 2436
"../../../Engine/Shaders/Private/VirtualShadowMaps/VirtualShadowMapProjectionComposite.usf" 2437
"../../../Engine/Shaders/Private/LightShaderParameters.ush" 2438
"../../../Engine/Shaders/Private/VirtualShadowMaps/VirtualShadowMapMaskBitsCommon.ush" 2439
"../../../Engine/Shaders/Private/VirtualShadowMaps/VirtualShadowMapLightGrid.ush" 2440
"../../../Engine/Shaders/Private/VirtualShadowMaps/VirtualShadowMapProjection.usf" 2441
"../../../Engine/Shaders/Private/Visualization.ush" 2442
"../../../Engine/Shaders/Private/VirtualShadowMaps/VirtualShadowMapProjectionFilter.ush" 2443
"../../../Engine/Shaders/Private/VirtualShadowMaps/VirtualShadowMapProjectionDirectional.ush" 2444
"../../../Engine/Shaders/Private/VirtualShadowMaps/VirtualShadowMapSMRTCommon.ush" 2445
"../../../Engine/Shaders/Private/VirtualShadowMaps/VirtualShadowMapSMRTTemplate.ush" 2446
"../../../Engine/Shaders/Private/VirtualShadowMaps/VirtualShadowMapProjectionSpot.ush" 2447
"../../../Engine/Shaders/Private/VirtualShadowMaps/VirtualShadowMapTransmissionCommon.ush" 2448
"../../../Engine/Shaders/Private/VirtualShadowMaps/VirtualShadowMapScreenRayTrace.ush" 2449
"../../../Engine/Shaders/Private/VirtualShadowMaps/VirtualShadowMapStats.ush" 2450
"../../../Engine/Shaders/Private/HairStrands/HairStrandsVoxelPageCommon.ush" 2451
"../../../Engine/Shaders/Private/HairStrands/HairStrandsVoxelPageTraversal.ush" 2452
"../../../Engine/Shaders/Private/VirtualShadowMaps/VirtualShadowMapCacheGPUInvalidation.usf" 2453
"../../../Engine/Shaders/Private/VirtualShadowMaps/VirtualShadowMapPageCacheCommon.ush" 2454
"../../../Engine/Shaders/Private/VirtualShadowMaps/VirtualShadowMapCacheInvalidation.ush" 2455
"../../../Engine/Shaders/Private/VirtualShadowMaps/VirtualShadowMapPageOverlap.ush" 2456
"../../../Engine/Shaders/Private/ScreenSpaceDenoise/SSDDefinitions.ush" 2457
"../../../Engine/Shaders/Private/InstanceCulling/InstanceCullingLoadBalancer.ush" 2458
"../../../Engine/Shaders/Private/VirtualShadowMaps/VirtualShadowMapCacheLoadBalancer.usf" 2459
"../../../Engine/Shaders/Private/VirtualShadowMaps/VirtualShadowMapCopyStats.usf" 2460
"../../../Engine/Shaders/Private/VirtualShadowMaps/VirtualShadowMapDebug.usf" 2461
"../../../Engine/Shaders/Private/VirtualShadowMaps/Desaturate.usf" 2462
"../../../Engine/Shaders/Private/VirtualShadowMaps/VirtualShadowMapPhysicalPageManagement.usf" 2463
"../../../Engine/Shaders/Private/ReductionCommon.ush" 2464
"../../../Engine/Shaders/Private/GPUMessaging.ush" 2465
"../../../Engine/Shaders/Private/VirtualShadowMaps/VirtualShadowMapPerPageDispatch.ush" 2466
"../../../Engine/Shaders/Private/VirtualShadowMaps/VirtualShadowMapCompactViews.usf" 2467
"../../../Engine/Shaders/Shared/SceneCullingDefinitions.h" 2468
"../../../Engine/Shaders/Private/VirtualShadowMaps/VirtualShadowMapBuildPerPageDrawCommands.usf" 2469
"../../../Engine/Shaders/Private/Nanite/NaniteCullingCommon.ush" 2470
"../../../Engine/Shaders/Private/Nanite/NaniteCulling.ush" 2471
"../../../Engine/Shaders/Private/Nanite/NaniteHierarchyTraversalCommon.ush" 2472
"../../../Engine/Shaders/Private/InstanceCulling/InstanceCullingCommon.ush" 2473
"../../../Engine/Shaders/Shared/InstanceCullingDefinitions.h" 2474
"../../../Engine/Shaders/Private/VirtualShadowMaps/VirtualShadowMapPrintStats.usf" 2475
"../../../Engine/Shaders/Private/VirtualShadowMaps/VirtualShadowMapPageManagement.usf" 2476
"../../../Engine/Shaders/Private/VirtualShadowMaps/VirtualShadowMapPageMarking.usf" 2477
"../../../Engine/Shaders/Shared/SingleLayerWaterDefinitions.h" 2478
"../../../Engine/Shaders/Private/HairStrands/HairStrandsTileCommon.ush" 2479
"../../../Engine/Shaders/Private/Froxel/Froxel.ush" 2480
"../../../Engine/Shaders/Shared/FroxelDefinitions.h" 2481
"../../../Engine/Shaders/Private/DiaphragmDOF/DOFCommon.ush" 2482
"../../../Engine/Shaders/Private/VariableRateShading/VRSShadingRatePreview.usf" 2483
"../../../Engine/Shaders/Private/VariableRateShading/VRSShadingRateCommon.ush" 2484
"../../../Engine/Shaders/Private/VariableRateShading/VRSShadingRateCombine.usf" 2485
"../../../Engine/Shaders/Private/VariableRateShading/VRSShadingRateFoveated.usf" 2486
"../../../Engine/Shaders/Private/VariableRateShading/VRSShadingRateReproject.usf" 2487
"../../../Engine/Shaders/Private/VariableRateShading/VRSShadingRateCalculate.usf" 2488
"../../../Engine/Shaders/Private/TranslucencyUpsampling.usf" 2489
"../../../Engine/Shaders/Private/ComposeSeparateTranslucency.usf" 2490
"../../../Engine/Shaders/Private/SeparateTranslucency.ush" 2491
"../../../Engine/Shaders/Private/TranslucentLightInjectionShaders.usf" 2492
"../../../Engine/Shaders/Private/TranslucentShadowDepthShaders.usf" 2493
"../../../Engine/Shaders/Private/ShadowDepthCommon.ush" 2494
"../../../Engine/Shaders/Private/RayTracing/RayTracingTest.usf" 2495
"../../../Engine/Shaders/Private/PostprocessSubsurfaceTile.usf" 2496
"../../../Engine/Shaders/Private/PostProcessSubsurfaceCommon.ush" 2497
"../../../Engine/Shaders/Private/Substrate/SubstrateVisualize.usf" 2498
"../../../Engine/Shaders/Private/Substrate/SubstrateTile.ush" 2499
"../../../Engine/Shaders/Shared/SubstrateVisualizeDefinitions.h" 2500
"../../../Engine/Shaders/Private/Substrate/SubstrateVisualizeCommon.ush" 2501
"../../../Engine/Shaders/Private/SkyLightingDiffuseShared.ush" 2502
"../../../Engine/Shaders/Private/SkyLightingShared.ush" 2503
"../../../Engine/Shaders/Private/ClearCoatCommon.ush" 2504
"../../../Engine/Shaders/Private/ReflectionEnvironmentComposite.ush" 2505
"../../../Engine/Shaders/Private/Substrate/SubstrateLightingCommon.ush" 2506
"../../../Engine/Shaders/Private/Substrate/SubstrateRoughRefraction.usf" 2507
"../../../Engine/Shaders/Private/PathTracing/Material/PathTracingFresnel.ush" 2508
"../../../Engine/Shaders/Private/PathTracing/Material/PathTracingGlossy.ush" 2509
"../../../Engine/Shaders/Private/Substrate/SubstrateMaterialSampling.usf" 2510
"../../../Engine/Shaders/Private/Substrate/SubstrateMaterialSampling.ush" 2511
"../../../Engine/Shaders/Private/Lumen/LumenPosition.ush" 2512
"../../../Engine/Shaders/Private/Substrate/SubstrateTile.usf" 2513
"../../../Engine/Shaders/Private/Substrate/SubstrateMaterialClassification.usf" 2514
"../../../Engine/Shaders/Private/Substrate/SubstrateDBuffer.usf" 2515
"../../../Engine/Shaders/Private/StochasticLighting/StochasticLightingDenoising.usf" 2516
"../../../Engine/Shaders/Private/Lumen/LumenMaterial.ush" 2517
"../../../Engine/Shaders/Private/StochasticLighting/StochasticLightingCommon.ush" 2518
"../../../Engine/Shaders/Private/SplineMeshSceneTexture.usf" 2519
"../../../Engine/Shaders/Private/SparseVolumeTexture/VisualizeSparseVolumeTexture.usf" 2520
"../../../Engine/Shaders/Private/SkyAtmosphere.usf" 2521
"../../../Engine/Shaders/Private/Skinning/SkinnedMeshDebug.usf" 2522
"../../../Engine/Shaders/Private/Skinning/AnimBankEval.usf" 2523
"../../../Engine/Shaders/Private/SingleLayerWaterComposite.usf" 2524
"../../../Engine/Shaders/Private/Froxel/FroxelBuild.ush" 2525
"../../../Engine/Shaders/Private/SingleLayerWaterRefractionCulling.usf" 2526
"../../../Engine/Shaders/Private/ScreenSpaceShadows.usf" 2527
"../../../Engine/Shaders/Private/bend_sss_gpu.ush" 2528
"../../../Engine/Shaders/Private/ShadowFactorsUpsampleCommon.ush" 2529
"../../../Engine/Shaders/Private/FirstPersonSelfShadow.usf" 2530
"../../../Engine/Shaders/Private/HZBTracing.ush" 2531
"../../../Engine/Shaders/Private/ShadowProjectionVertexShader.usf" 2532
"../../../Engine/Shaders/Private/ShadowProjectionPixelShader.usf" 2533
"../../../Engine/Shaders/Private/MobileLightingCommon.ush" 2534
"../../../Engine/Shaders/Private/PlanarReflectionShared.ush" 2535
"../../../Engine/Shaders/Private/MobileSSR.ush" 2536
"../../../Engine/Shaders/Private/SSRT/SSRTRayCast.ush" 2537
"../../../Engine/Shaders/Private/ShadowPercentageCloserFiltering.ush" 2538
"../../../Engine/Shaders/Private/TransmissionThickness.ush" 2539
"../../../Engine/Shaders/Private/CopyShadowMaps.usf" 2540
"../../../Engine/Shaders/Private/ShadowDepthPixelShader.usf" 2541
"../../../Engine/Shaders/Private/ShadowDepthVertexShader.usf" 2542
"../../../Engine/Shaders/Private/ShadingEnergyConservationTable.usf" 2543
"../../../Engine/Shaders/Shared/PathTracingDefinitions.h" 2544
"../../../Engine/Shaders/Private/ShadingFurnaceTest.usf" 2545
"../../../Engine/Shaders/Private/Substrate/SubstrateDeferredLighting.ush" 2546
"../../../Engine/Shaders/Private/ShaderPrintDraw.usf" 2547
"../../../Engine/Shaders/Private/ShaderPrintDrawPrimitive.usf" 2548
"../../../Engine/Shaders/Private/DefaultSSRTiles.usf" 2549
"../../../Engine/Shaders/Private/ScreenSpaceReflectionTileCommons.ush" 2550
"../../../Engine/Shaders/Private/SSRT/SSRTDiffuseIndirect.usf" 2551
"../../../Engine/Shaders/Private/SSRT/SSRTTileClassificationBuffer.ush" 2552
"../../../Engine/Shaders/Private/SSRT/SSRTReflections.usf" 2553
"../../../Engine/Shaders/Private/ScreenSpaceDenoise/SSDPublic.ush" 2554
"../../../Engine/Shaders/Private/SSRT/SSRTTileClassification.usf" 2555
"../../../Engine/Shaders/Private/SSRT/SSRTPrevFrameReduction.usf" 2556
"../../../Engine/Shaders/Private/ScreenSpaceDenoise/SSDComposeHarmonics.usf" 2557
"../../../Engine/Shaders/Private/ScreenSpaceDenoise/SSDPublicHarmonics.ush" 2558
"../../../Engine/Shaders/Private/ScreenSpaceDenoise/SSDSignalFramework.ush" 2559
"../../../Engine/Shaders/Private/ScreenSpaceDenoise/SSDCommon.ush" 2560
"../../../Engine/Shaders/Private/SphericalGaussian.ush" 2561
"../../../Engine/Shaders/Public/WaveBroadcastIntrinsics.ush" 2562
"../../../Engine/Shaders/Private/ScreenSpaceDenoise/SSDMetadata.ush" 2563
"../../../Engine/Shaders/Private/ScreenSpaceDenoise/SSDSignalCore.ush" 2564
"../../../Engine/Shaders/Private/ScreenSpaceDenoise/DenoisingCommon.ush" 2565
"../../../Engine/Shaders/Private/ScreenSpaceDenoise/SSDSignalArray.ush" 2566
"../../../Engine/Shaders/Private/ScreenSpaceDenoise/SSDSignalBufferEncoding.ush" 2567
"../../../Engine/Shaders/Private/ScreenSpaceDenoise/SSDPublicBufferEncoding.ush" 2568
"../../../Engine/Shaders/Private/Lumen/LumenBufferEncoding.ush" 2569
"../../../Engine/Shaders/Private/ScreenSpaceDenoise/SSDTemporalAccumulation.usf" 2570
"../../../Engine/Shaders/Private/ScreenSpaceDenoise/SSDSpatialKernel.ush" 2571
"../../../Engine/Shaders/Private/ScreenSpaceDenoise/SSDSignalAccumulatorArray.ush" 2572
"../../../Engine/Shaders/Private/ScreenSpaceDenoise/SSDSignalAccumulator.ush" 2573
"../../../Engine/Shaders/Private/ScreenSpaceDenoise/SSDSignalCompression.ush" 2574
"../../../Engine/Shaders/Private/ScreenSpaceDenoise/SSDSpatialAccumulation.usf" 2575
"../../../Engine/Shaders/Private/ScreenSpaceDenoise/SSDInjest.usf" 2576
"../../../Engine/Shaders/Private/ScreenSpaceDenoise/SSDCompressMetadata.usf" 2577
"../../../Engine/Shaders/Private/DownsampleDepthPixelShader.usf" 2578
"../../../Engine/Shaders/Private/ScreenPass.usf" 2579
"../../../Engine/Shaders/Private/HZB.usf" 2580
"../../../Engine/Shaders/Private/OcclusionFeedbackShaders.usf" 2581
"../../../Engine/Shaders/Private/HZBOcclusion.usf" 2582
"../../../Engine/Shaders/Private/OcclusionQueryPixelShader.usf" 2583
"../../../Engine/Shaders/Private/OcclusionQueryVertexShader.usf" 2584
"../../../Engine/Shaders/Private/HitProxyCopy.usf" 2585
"../../../Engine/Shaders/Private/HitProxyPixelShader.usf" 2586
"../../../Engine/Shaders/Private/HitProxyVertexShader.usf" 2587
"../../../Engine/Shaders/Private/SceneCulling/SceneCullingDebugRender.usf" 2588
"../../../Engine/Shaders/Private/SceneCulling/SceneCulling.ush" 2589
"../../../Engine/Shaders/Private/SceneCulling/SceneCullingBuildExplicitBounds.usf" 2590
"../../../Engine/Shaders/Private/SceneCapturePixelShader.usf" 2591
"../../../Engine/Shaders/Private/RendererUtils.usf" 2592
"../../../Engine/Shaders/Private/RTWriteMaskDecode.usf" 2593
"../../../Engine/Shaders/Private/ReflectionEnvironmentShaders.usf" 2594
"../../../Engine/Shaders/Private/RectLightAtlas.usf" 2595
"../../../Engine/Shaders/Private/RayTracing/TraceRayInlineStatistics.usf" 2596
"../../../Engine/Shaders/Private/RayTracing/CompositeSkyLightPS.usf" 2597
"../../../Engine/Shaders/Private/RayTracing/GenerateSkyLightVisibilityRaysCS.usf" 2598
"../../../Engine/Shaders/Private/RayTracing/RayTracingSkyLightCommon.ush" 2599
"../../../Engine/Shaders/Private/RayTracing/SkyLightVisibilityRaysData.ush" 2600
"../../../Engine/Shaders/Private/Raytracing/RaytracingSkylightRGS.usf" 2601
"../../../Engine/Shaders/Private/HairStrands/HairStrandsRaytracing.ush" 2602
"../../../Engine/Shaders/Private/Raytracing/RayTracingSkyLightEvaluation.ush" 2603
"../../../Engine/Shaders/Private/Raytracing/RayTracingDeferredShadingCommon.ush" 2604
"../../../Engine/Shaders/Private/RayTracing/RayTracingOcclusionRGS.usf" 2605
"../../../Engine/Shaders/Private/RayTracing/RayTracingDirectionalLight.ush" 2606
"../../../Engine/Shaders/Private/RayTracing/RayTracingRectLight.ush" 2607
"../../../Engine/Shaders/Private/RayTracing/RayTracingSphereLight.ush" 2608
"../../../Engine/Shaders/Private/RayTracing/RayTracingCapsuleLight.ush" 2609
"../../../Engine/Shaders/Private/Raytracing/RayTracingFeedback.usf" 2610
"../../../Engine/Shaders/Shared/RayTracingDebugTypes.h" 2611
"../../../Engine/Shaders/Private/RayTracing/RayTracingPrimaryRays.usf" 2612
"../../../Engine/Shaders/Private/RayTracing/RayTracingLightingCommon.ush" 2613
"../../../Engine/Shaders/Private/RayTracing/RayTracingLightCullingCommon.ush" 2614
"../../../Engine/Shaders/Private/RayTracing/RayTracingMaterialDefaultHitShaders.usf" 2615
"../../../Engine/Shaders/Private/RayTracing/RayTracingMaterialHitShaders.usf" 2616
"../../../Engine/Shaders/Private/RayTracing/RayTracingShaderUtils.ush" 2617
"../../../Engine/Shaders/Private/RayTracing/RayTracingCalcInterpolants.ush" 2618
"../../../Engine/Shaders/Private/LightmapCommon.ush" 2619
"../../../Engine/Shaders/Private/Lumen/LumenHardwareRayTracingPayloadCommon.ush" 2620
"../../../Engine/Shaders/Shared/LumenDefinitions.h" 2621
"../../../Engine/Shaders/Private/Substrate/SubstrateExport.ush" 2622
"../../../Engine/Shaders/Private/RayTracing/RayTracingLightingMS.usf" 2623
"../../../Engine/Shaders/Private/Lumen/LumenDiffuseColorBoost.ush" 2624
"../../../Engine/Shaders/Private/RayTracing/RayTracingLightFunctionCommon.ush" 2625
"../../../Engine/Shaders/Private/RayTracing/RayTracingBuildLightGrid.usf" 2626
"../../../Engine/Shaders/Private/Raytracing/RayTracingInstanceBufferUtil.usf" 2627
"../../../Engine/Shaders/Private/RayTracing/RayTracingDynamicMesh.usf" 2628
"../../../Engine/Shaders/Private/RayTracing/RayTracingDefaultDecalHitShader.usf" 2629
"../../../Engine/Shaders/Private/RayTracing/RayTracingDecalMaterialShader.usf" 2630
"../../../Engine/Shaders/Private/PathTracing/PathTracingShaderUtils.ush" 2631
"../../../Engine/Shaders/Private/PathTracing/PathTracingCommon.ush" 2632
"../../../Engine/Shaders/Private/PathTracing/Material/PathTracingMaterialCommon.ush" 2633
"../../../Engine/Shaders/Private/PathTracing/Utilities/PathTracingRIS.ush" 2634
"../../../Engine/Shaders/Private/RayTracing/RayTracingBuildDecalGrid.usf" 2635
"../../../Engine/Shaders/Private/RayTracing/RayTracingDebugHitStatsUtils.usf" 2636
"../../../Engine/Shaders/Private/RayTracing/RayTracingDebugInstanceOverlap.usf" 2637
"../../../Engine/Shaders/Private/RayTracing/RayTracingDebugPicking.usf" 2638
"../../../Engine/Shaders/Private/RayTracing/RayTracingDebugUtils.ush" 2639
"../../../Engine/Shaders/Private/RayTracing/RayTracingDebugTraversal.usf" 2640
"../../../Engine/Shaders/Private/RayTracing/RayTracingDeferredMaterials.ush" 2641
"../../../Engine/Shaders/Shared/ThirdParty/AMD/ags_shader_intrinsics_dx12.h" 2642
"../../../Engine/Shaders/Shared/RayTracingDebugDefinitions.h" 2643
"../../../Engine/Shaders/Private/RayTracing/RayTracingDebugHitStatsCHS.usf" 2644
"../../../Engine/Shaders/Private/RayTracing/RayTracingDebugHitStats.usf" 2645
"../../../Engine/Shaders/Private/RayTracing/RayTracingDebugMS.usf" 2646
"../../../Engine/Shaders/Private/RayTracing/RayTracingDebugCHS.usf" 2647
"../../../Engine/Shaders/Private/RayTracing/RayTracingDebug.usf" 2648
"../../../Engine/Shaders/Private/RayTracing/RayTracingBuiltInShaders.usf" 2649
"../../../Engine/Shaders/Private/RayTracing/RayTracingBarycentrics.usf" 2650
"../../../Engine/Shaders/Private/RayTracing/RayTracingAmbientOcclusionRGS.usf" 2651
"../../../Engine/Shaders/Private/VisualizeShadingModels.usf" 2652
"../../../Engine/Shaders/Private/MotionBlur/VisualizeMotionVectors.usf" 2653
"../../../Engine/Shaders/Private/TemporalSuperResolution/TSRVisualize.usf" 2654
"../../../Engine/Shaders/Private/TemporalSuperResolution/TSRColorSpace.ush" 2655
"../../../Engine/Shaders/Private/TemporalSuperResolution/TSRCommon.ush" 2656
"../../../Engine/Shaders/Public/DualPixelVectorization.ush" 2657
"../../../Engine/Shaders/Private/TemporalSuperResolution/TSRReprojectionField.ush" 2658
"../../../Engine/Shaders/Private/TemporalSuperResolution/TSRResolveHistory.usf" 2659
"../../../Engine/Shaders/Private/TemporalSuperResolution/TSRConvolutionNetwork.ush" 2660
"../../../Engine/Shaders/Private/TemporalSuperResolution/TSRKernels.ush" 2661
"../../../Engine/Shaders/Public/LaneVectorization.ush" 2662
"../../../Engine/Shaders/Private/TemporalSuperResolution/TSRUpdateHistory.usf" 2663
"../../../Engine/Shaders/Private/TemporalSuperResolution/TSRSpatialAntiAliasing.ush" 2664
"../../../Engine/Shaders/Private/TemporalSuperResolution/TSRSpatialAntiAliasing.usf" 2665
"../../../Engine/Shaders/Private/TemporalSuperResolution/TSRRejectShading.usf" 2666
"../../../Engine/Shaders/Private/TemporalSuperResolution/TSRShadingAnalysis.ush" 2667
"../../../Engine/Shaders/Private/TemporalSuperResolution/TSRConvolutionNetworkPass.ush" 2668
"../../../Engine/Shaders/Private/TemporalSuperResolution/TSRDecimateHistory.usf" 2669
"../../../Engine/Shaders/Private/TemporalSuperResolution/TSRDepthVelocityAnalysis.ush" 2670
"../../../Engine/Shaders/Private/TemporalSuperResolution/TSRClosestOccluder.ush" 2671
"../../../Engine/Shaders/Private/TemporalSuperResolution/TSRWeightRelaxation.usf" 2672
"../../../Engine/Shaders/Private/TemporalSuperResolution/TSRThinGeometryCommon.ush" 2673
"../../../Engine/Shaders/Private/TemporalSuperResolution/TSRDetectThinGeometry.usf" 2674
"../../../Engine/Shaders/Private/TemporalSuperResolution/TSRDilateVelocity.usf" 2675
"../../../Engine/Shaders/Private/MotionBlur/MotionBlurVelocityFlatten.ush" 2676
"../../../Engine/Shaders/Private/MotionBlur/MotionBlurCommon.ush" 2677
"../../../Engine/Shaders/Private/TemporalSuperResolution/TSRClearPrevTextures.usf" 2678
"../../../Engine/Shaders/Private/TemporalSuperResolution/TSRMeasureCoverage.usf" 2679
"../../../Engine/Shaders/Private/TemporalSuperResolution/TSRMeasureFlickeringLuma.usf" 2680
"../../../Engine/Shaders/Private/TemporalAA.usf" 2681
"../../../Engine/Shaders/Private/FilterPixelShader.usf" 2682
"../../../Engine/Shaders/Private/FilterVertexShader.usf" 2683
"../../../Engine/Shaders/Private/VisualizeVirtualTexture.usf" 2684
"../../../Engine/Shaders/Private/PostProcessVisualizeBuffer.usf" 2685
"../../../Engine/Shaders/Private/PostProcessVisualizeLocalExposure.usf" 2686
"../../../Engine/Shaders/Private/PostProcessHistogramCommon.ush" 2687
"../../../Engine/Shaders/Private/PostProcessVisualizeLevelInstance.usf" 2688
"../../../Engine/Shaders/Private/PostProcessVisualizeHDR.usf" 2689
"../../../Engine/Shaders/Private/ShaderComplexityApplyPixelShader.usf" 2690
"../../../Engine/Shaders/Private/QuadOverdraw.ush" 2691
"../../../Engine/Shaders/Private/PostProcessUpscale.usf" 2692
"../../../Engine/Shaders/Private/PostProcessTonemap.usf" 2693
"../../../Engine/Shaders/Private/PostProcessing/FilmGrainPackConstants.usf" 2694
"../../../Engine/Shaders/Private/PostProcessing/FilmGrainReduce.usf" 2695
"../../../Engine/Shaders/Private/PostProcessTestImage.usf" 2696
"../../../Engine/Shaders/Private/PostProcessSubsurface.usf" 2697
"../../../Engine/Shaders/Private/SeparableSSS.ush" 2698
"../../../Engine/Shaders/Private/SubsurfaceBurleyNormalized.ush" 2699
"../../../Engine/Shaders/Private/PostProcessSelectionOutline.usf" 2700
"../../../Engine/Shaders/Private/MotionBlur/MotionBlurVisualize.usf" 2701
"../../../Engine/Shaders/Private/MotionBlur/MotionBlurApply.usf" 2702
"../../../Engine/Shaders/Private/MotionBlur/MotionBlurFilterTileClassify.usf" 2703
"../../../Engine/Shaders/Private/MotionBlur/MotionBlurTileScatter.usf" 2704
"../../../Engine/Shaders/Private/MotionBlur/MotionBlurTileGather.usf" 2705
"../../../Engine/Shaders/Private/MotionBlur/MotionBlurVelocityFlatten.usf" 2706
"../../../Engine/Shaders/Private/PostProcessMobile.usf" 2707
"../../../Engine/Shaders/Private/PostProcessMitchellNetravali.usf" 2708
"../../../Engine/Shaders/Private/PostProcessMaterialShaders.usf" 2709
"../../../Engine/Shaders/Private/NeuralPostProcessCommon.usf" 2710
"../../../Engine/Shaders/Private/PostProcessLocalExposure.usf" 2711
"../../../Engine/Shaders/Private/PostProcessLensFlares.usf" 2712
"../../../Engine/Shaders/Private/PostProcessGBufferHints.usf" 2713
"../../../Engine/Shaders/Private/PostProcessHMD.usf" 2714
"../../../Engine/Shaders/Private/Histogram.usf" 2715
"../../../Engine/Shaders/Private/PostProcessHistogramReduce.usf" 2716
"../../../Engine/Shaders/Private/PostProcessHistogram.usf" 2717
"../../../Engine/Shaders/Private/Bloom/BloomFinalizeApplyConstants.usf" 2718
"../../../Engine/Shaders/Private/Bloom/BloomCommon.ush" 2719
"../../../Engine/Shaders/Private/Bloom/BloomResizeKernel.usf" 2720
"../../../Engine/Shaders/Private/Bloom/BloomDownsampleKernel.usf" 2721
"../../../Engine/Shaders/Private/Bloom/BloomClampKernel.usf" 2722
"../../../Engine/Shaders/Private/Bloom/BloomPackKernelConstants.usf" 2723
"../../../Engine/Shaders/Private/Bloom/BloomSumScatterDispersionEnergy.usf" 2724
"../../../Engine/Shaders/Private/Bloom/BloomReduceKernelSurvey.usf" 2725
"../../../Engine/Shaders/Private/Bloom/BloomSurveyKernelCenterEnergy.usf" 2726
"../../../Engine/Shaders/Private/Bloom/BloomSurveyMaxScatterDispersion.usf" 2727
"../../../Engine/Shaders/Private/Bloom/BloomFindKernelCenter.usf" 2728
"../../../Engine/Shaders/Private/PostProcessEyeAdaptation.usf" 2729
"../../../Engine/Shaders/Private/TranslucencyVolumeCommon.ush" 2730
"../../../Engine/Shaders/Private/PostProcessEyeAdaptationUtils.usf" 2731
"../../../Engine/Shaders/Private/PostProcessDownsample.usf" 2732
"../../../Engine/Shaders/Private/PostProcessDOF.usf" 2733
"../../../Engine/Shaders/Private/PostProcessDeviceEncodingOnly.usf" 2734
"../../../Engine/Shaders/Private/PostProcessCompositePrimitives.usf" 2735
"../../../Engine/Shaders/Private/PostProcessCombineLUTs.usf" 2736
"../../../Engine/Shaders/Private/PostProcessVisualizeDOF.usf" 2737
"../../../Engine/Shaders/Private/PostProcessBloom.usf" 2738
"../../../Engine/Shaders/Private/PostProcessAmbientOcclusionMobile.usf" 2739
"../../../Engine/Shaders/Private/PostProcessAmbientOcclusionCommon.ush" 2740
"../../../Engine/Shaders/Private/FXAAShader.usf" 2741
"../../../Engine/Shaders/Private/Fxaa3_11.ush" 2742
"../../../Engine/Shaders/Private/PaniniProjection.usf" 2743
"../../../Engine/Shaders/Private/DiaphragmDOF/DOFRecombine.usf" 2744
"../../../Engine/Shaders/Private/DiaphragmDOF/DOFHybridScatterPixelShader.usf" 2745
"../../../Engine/Shaders/Private/DiaphragmDOF/DOFHybridScatterCommon.ush" 2746
"../../../Engine/Shaders/Private/DiaphragmDOF/DOFVignetteCommon.ush" 2747
"../../../Engine/Shaders/Private/DiaphragmDOF/DOFHybridScatterVertexShader.usf" 2748
"../../../Engine/Shaders/Private/DiaphragmDOF/DOFPostfiltering.usf" 2749
"../../../Engine/Shaders/Private/DiaphragmDOF/DOFGatherTileSuggest.ush" 2750
"../../../Engine/Shaders/Private/DiaphragmDOF/DOFCocTileCommon.ush" 2751
"../../../Engine/Shaders/Private/DiaphragmDOF/DOFGatherPass.usf" 2752
"../../../Engine/Shaders/Private/DiaphragmDOF/DOFGatherCommon.ush" 2753
"../../../Engine/Shaders/Private/DiaphragmDOF/DOFGatherAccumulator.ush" 2754
"../../../Engine/Shaders/Private/DiaphragmDOF/DOFGatherKernel.ush" 2755
"../../../Engine/Shaders/Private/DiaphragmDOF/DOFBokehLUT.usf" 2756
"../../../Engine/Shaders/Private/DiaphragmDOF/DOFHybridScatterCompilation.usf" 2757
"../../../Engine/Shaders/Private/DiaphragmDOF/DOFReduce.usf" 2758
"../../../Engine/Shaders/Private/DiaphragmDOF/DOFDownsample.ush" 2759
"../../../Engine/Shaders/Private/DiaphragmDOF/DOFHybridScatterCompilation.ush" 2760
"../../../Engine/Shaders/Private/DiaphragmDOF/DOFDownsample.usf" 2761
"../../../Engine/Shaders/Private/DiaphragmDOF/DOFCocTileDilate.usf" 2762
"../../../Engine/Shaders/Private/DiaphragmDOF/DOFCocTileFlatten.usf" 2763
"../../../Engine/Shaders/Private/DiaphragmDOF/DOFSetup.usf" 2764
"../../../Engine/Shaders/Private/Tools/DebugAlphaChannel.usf" 2765
"../../../Engine/Shaders/Private/PostProcessAlphaInvert.usf" 2766
"../../../Engine/Shaders/Private/PlanarReflectionShaders.usf" 2767
"../../../Engine/Shaders/Private/PhysicsFieldVisualizer.usf" 2768
"../../../Engine/Shaders/Private/PathTracing/PathTracingSpatialTemporalDenoising.usf" 2769
"../../../Engine/Shaders/Private/ColorDifference.ush" 2770
"../../../Engine/Shaders/Private/PathTracing/PathTracingCompositingPixelShader.usf" 2771
"../../../Engine/Shaders/Private/PathTracing/PathTracingAdaptiveUtils.ush" 2772
"../../../Engine/Shaders/Private/PathTracing/PathTracingDefaultHitShader.usf" 2773
"../../../Engine/Shaders/Private/PathTracing/PathTracingGPULightmassMaterialHitShader.usf" 2774
"../../../Engine/Shaders/Private/PathTracing/PathTracingMaterialHitShader.usf" 2775
"../../../Engine/Shaders/Private/PathTracing/Material/PathTracingSubstrateCommon.ush" 2776
"../../../Engine/Shaders/Private/PathTracing/PathTracingLightingMissShader.usf" 2777
"../../../Engine/Shaders/Private/PathTracing/PathTracingMissShader.usf" 2778
"../../../Engine/Shaders/Private/PathTracing/PathTracingAdaptiveStart.usf" 2779
"../../../Engine/Shaders/Private/PathTracing/PathTracingBuildAdaptiveError.usf" 2780
"../../../Engine/Shaders/Private/PathTracing/PathTracingVolumetricCloudMaterialShader.usf" 2781
"../../../Engine/Shaders/Private/PathTracing/Volume/PathTracingCloudsMaterialCommon.ush" 2782
"../../../Engine/Shaders/Private/PathTracing/Volume/PathTracingVolumeCommon.ush" 2783
"../../../Engine/Shaders/Private/PathTracing/Volume/PathTracingCloudsCommon.ush" 2784
"../../../Engine/Shaders/Private/PathTracing/Volume/PathTracingFog.ush" 2785
"../../../Engine/Shaders/Private/PathTracing/Volume/PathTracingAtmosphere.ush" 2786
"../../../Engine/Shaders/Private/PathTracing/Volume/PathTracingAtmosphereCommon.ush" 2787
"../../../Engine/Shaders/Private/PathTracing/Volume/PathTracingVolumeSampling.ush" 2788
"../../../Engine/Shaders/Private/PathTracing/PathTracingBuildCloudAccelerationMap.usf" 2789
"../../../Engine/Shaders/Private/PathTracing/PathTracingBuildAtmosphereLUT.usf" 2790
"../../../Engine/Shaders/Private/PathTracing/PathTracingSwizzleScanlines.usf" 2791
"../../../Engine/Shaders/Private/PathTracing/PathTracingInitExtinctionCoefficient.usf" 2792
"../../../Engine/Shaders/Private/PathTracing/PathTracingCopyDepth.usf" 2793
"../../../Engine/Shaders/Private/PathTracing/PathTracingDebug.usf" 2794
"../../../Engine/Shaders/Private/RayTracing/RayTracingDecalGrid.ush" 2795
"../../../Engine/Shaders/Private/PathTracing/Material/PathTracingMaterialSampling.ush" 2796
"../../../Engine/Shaders/Private/PathTracing/Material/PathTracingLambert.ush" 2797
"../../../Engine/Shaders/Private/PathTracing/Material/PathTracingSubstrate.ush" 2798
"../../../Engine/Shaders/Private/PathTracing/Material/PathTracingSubstrateFoliage.ush" 2799
"../../../Engine/Shaders/Private/PathTracing/Material/PathTracingSubstrateSolidGlass.ush" 2800
"../../../Engine/Shaders/Private/PathTracing/Material/PathTracingSubstrateThinGlass.ush" 2801
"../../../Engine/Shaders/Private/PathTracing/Material/PathTracingSolidGlass.ush" 2802
"../../../Engine/Shaders/Private/PathTracing/Material/PathTracingEnergyConservation.ush" 2803
"../../../Engine/Shaders/Private/PathTracing/Material/PathTracingThinGlass.ush" 2804
"../../../Engine/Shaders/Private/PathTracing/Material/PathTracingDefaultLit.ush" 2805
"../../../Engine/Shaders/Private/PathTracing/Material/PathTracingClearCoat.ush" 2806
"../../../Engine/Shaders/Private/PathTracing/Material/PathTracingTwoSidedFoliage.ush" 2807
"../../../Engine/Shaders/Private/PathTracing/Material/PathTracingCloth.ush" 2808
"../../../Engine/Shaders/Private/PathTracing/Material/PathTracingSubsurfaceProfile.ush" 2809
"../../../Engine/Shaders/Private/PathTracing/Material/PathTracingEye.ush" 2810
"../../../Engine/Shaders/Private/PathTracing/Material/PathTracingHair.ush" 2811
"../../../Engine/Shaders/Private/PathTracing/Material/PathTracingMedium.ush" 2812
"../../../Engine/Shaders/Private/PathTracing/Light/PathTracingLightSampling.ush" 2813
"../../../Engine/Shaders/Private/PathTracing/Light/PathTracingLightCommon.ush" 2814
"../../../Engine/Shaders/Private/PathTracing/Light/PathTracingDirectionalLight.ush" 2815
"../../../Engine/Shaders/Private/PathTracing/Light/PathTracingPointLight.ush" 2816
"../../../Engine/Shaders/Private/PathTracing/Light/PathTracingCapsuleLight.ush" 2817
"../../../Engine/Shaders/Private/PathTracing/Light/PathTracingRectLight.ush" 2818
"../../../Engine/Shaders/Private/PathTracing/Light/PathTracingSkyLight.ush" 2819
"../../../Engine/Shaders/Private/PathTracing/Light/PathTracingLightGrid.ush" 2820
"../../../Engine/Shaders/Private/PathTracing/PathTracing.usf" 2821
"../../../Engine/Shaders/Private/PathTracing/PathTracingCore.ush" 2822
"../../../Engine/Shaders/Private/HeterogeneousVolumes/HeterogeneousVolumesVoxelGridTypes.ush" 2823
"../../../Engine/Shaders/Private/PathTracing/Volume/PathTracingVolume.ush" 2824
"../../../Engine/Shaders/Private/PathTracing/Volume/PathTracingClouds.ush" 2825
"../../../Engine/Shaders/Private/PathTracing/Volume/PathTracingHeterogeneousVolumes.ush" 2826
"../../../Engine/Shaders/Private/HeterogeneousVolumes/HeterogeneousVolumesVoxelGridTraversal.ush" 2827
"../../../Engine/Shaders/Private/HeterogeneousVolumes/HeterogeneousVolumesVoxelGridUtils.ush" 2828
"../../../Engine/Shaders/Private/HeterogeneousVolumes/HeterogeneousVolumesFrustumVoxelGridUtils.ush" 2829
"../../../Engine/Shaders/Private/PathTracing/PathTracingBuildLightGrid.usf" 2830
"../../../Engine/Shaders/Private/PathTracing/PathTracingSkylightMISCompensation.usf" 2831
"../../../Engine/Shaders/Private/PathTracing/PathTracingSkylightPrepare.usf" 2832
"../../../Engine/Shaders/Private/OIT/OITSorting.usf" 2833
"../../../Engine/Shaders/Private/OITCombine.usf" 2834
"../../../Engine/Shaders/Private/OITCommon.ush" 2835
"../../../Engine/Shaders/Private/Nanite/Voxel/RasterizeBricks.usf" 2836
"../../../Engine/Shaders/Private/Nanite/Voxel/Brick.ush" 2837
"../../../Engine/Shaders/Private/Nanite/Voxel/Voxel.ush" 2838
"../../../Engine/Shaders/Private/Nanite/Voxel/ScatterBricks.usf" 2839
"../../../Engine/Shaders/Private/Nanite/Voxel/TileBricks.usf" 2840
"../../../Engine/Shaders/Private/Nanite/Voxel/AutoVoxel.usf" 2841
"../../../Engine/Shaders/Private/Nanite/NaniteDebugViews.usf" 2842
"../../../Engine/Shaders/Private/Nanite/NaniteEditorCommon.ush" 2843
"../../../Engine/Shaders/Private/BinarySearch.ush" 2844
"../../../Engine/Shaders/Private/Nanite/NaniteDepthDecode.usf" 2845
"../../../Engine/Shaders/Private/HTileEncoding.ush" 2846
"../../../Engine/Shaders/Private/Nanite/NaniteVisualize.usf" 2847
"../../../Engine/Shaders/Private/Nanite/NaniteStreamOut.usf" 2848
"../../../Engine/Shaders/Private/Nanite/NaniteHierarchyTraversal.ush" 2849
"../../../Engine/Shaders/Private/Nanite/NaniteSkinningUpdateViewData.usf" 2850
"../../../Engine/Shaders/Private/Skinning/TransformProviders.usf" 2851
"../../../Engine/Shaders/Private/Nanite/NaniteShadeBinning.usf" 2852
"../../../Engine/Shaders/Private/Nanite/NaniteShadeCommon.ush" 2853
"../../../Engine/Shaders/Private/Nanite/NaniteFastClear.usf" 2854
"../../../Engine/Shaders/Private/Nanite/NaniteExportGBuffer.usf" 2855
"../../../Engine/Shaders/Private/Nanite/NaniteClusterCulling.usf" 2856
"../../../Engine/Shaders/Private/Nanite/NanitePrintStats.usf" 2857
"../../../Engine/Shaders/Private/Nanite/NaniteRasterizer.usf" 2858
"../../../Engine/Shaders/Private/Nanite/NaniteRasterizationCommon.ush" 2859
"../../../Engine/Shaders/Private/Nanite/NaniteRasterizer.ush" 2860
"../../../Engine/Shaders/Private/Nanite/NaniteWritePixel.ush" 2861
"../../../Engine/Shaders/Private/Nanite/NaniteTessellation.ush" 2862
"../../../Engine/Shaders/Private/WorkDistribution.ush" 2863
"../../../Engine/Shaders/Private/Nanite/NaniteDice.ush" 2864
"../../../Engine/Shaders/Private/ShaderBundleWorkGraphCommon.ush" 2865
"../../../Engine/Shaders/Public/RootConstants.ush" 2866
"../../../Engine/Shaders/Public/Platform/D3D/D3DRootConstants.ush" 2867
"../../../Engine/Shaders/Private/Nanite/NaniteSplit.usf" 2868
"../../../Engine/Shaders/Private/Nanite/NaniteRasterBinning.usf" 2869
"../../../Engine/Shaders/Private/Nanite/NaniteInstanceCulling.usf" 2870
"../../../Engine/Shaders/Private/Nanite/NaniteImposter.ush" 2871
"../../../Engine/Shaders/Private/Nanite/NaniteInstanceHierarchyCulling.usf" 2872
"../../../Engine/Shaders/Private/WorkGroupLoadBalancer.ush" 2873
"../../../Engine/Shaders/Private/Nanite/NanitePrimitiveFilter.usf" 2874
"../../../Engine/Shaders/Private/Nanite/NaniteRasterClear.usf" 2875
"../../../Engine/Shaders/Private/Nanite/NaniteDepthExport.usf" 2876
"../../../Engine/Shaders/Private/Nanite/NaniteEmitShadow.usf" 2877
"../../../Engine/Shaders/Private/MobileDeferredUtils.usf" 2878
"../../../Engine/Shaders/Private/MobileLocalLightsBuffer.usf" 2879
"../../../Engine/Shaders/Private/MobileFog.usf" 2880
"../../../Engine/Shaders/Private/DistortApplyScreenPS.usf" 2881
"../../../Engine/Shaders/Private/MobileDeferredShading.usf" 2882
"../../../Engine/Shaders/Private/MobileBasePassPixelShader.usf" 2883
"../../../Engine/Shaders/Private/MobileBasePassCommon.ush" 2884
"../../../Engine/Shaders/Private/BasePassCommon.ush" 2885
"../../../Engine/Shaders/Private/ShadingModelsMaterial.ush" 2886
"../../../Engine/Shaders/Private/ThinTranslucentCommon.ush" 2887
"../../../Engine/Shaders/Private/SingleLayerWaterShading.ush" 2888
"../../../Engine/Shaders/Private/DistortionCommon.ush" 2889
"../../../Engine/Shaders/Private/Substrate/SubstrateMobileForwardLighting.ush" 2890
"../../../Engine/Shaders/Private/MobileBasePassVertexShader.usf" 2891
"../../../Engine/Shaders/Private/MeshEdges.usf" 2892
"../../../Engine/Shaders/Private/MegaLights/MegaLightsVSMTracing.usf" 2893
"../../../Engine/Shaders/Private/MegaLights/MegaLights.ush" 2894
"../../../Engine/Shaders/Shared/MegaLightsDefinitions.h" 2895
"../../../Engine/Shaders/Private/HairStrands/HairStrandsVisibilityUtils.ush" 2896
"../../../Engine/Shaders/Private/MegaLights/MegaLightsRayTracing.ush" 2897
"../../../Engine/Shaders/Private/MegaLights/MegaLightsRayTracing.usf" 2898
"../../../Engine/Shaders/Private/DistanceField/GlobalDistanceFieldUtils.ush" 2899
"../../../Engine/Shaders/Private/Lumen/LumenScreenTracing.ush" 2900
"../../../Engine/Shaders/Private/MegaLights/MegaLightsVolumeRayTracing.usf" 2901
"../../../Engine/Shaders/Private/MegaLights/MegaLightsVolume.ush" 2902
"../../../Engine/Shaders/Private/MegaLights/MegaLightsVolumeHardwareRayTracing.usf" 2903
"../../../Engine/Shaders/Private/Lumen/LumenHardwareRayTracingCommon.ush" 2904
"../../../Engine/Shaders/Private/RayTracing/RayTracingReflectionEnvironment.ush" 2905
"../../../Engine/Shaders/Private/Lumen/LumenHardwareRayTracingPlatformCommon.ush" 2906
"../../../Engine/Shaders/Private/Lumen/LumenReflectionsCombine.ush" 2907
"../../../Engine/Shaders/Private/Lumen/LumenTracingCommon.ush" 2908
"../../../Engine/Shaders/Private/Lumen/SurfaceCache/LumenSurfaceCacheSampling.ush" 2909
"../../../Engine/Shaders/Private/Lumen/SurfaceCache/LumenSurfaceCache.ush" 2910
"../../../Engine/Shaders/Private/Lumen/LumenCardCommon.ush" 2911
"../../../Engine/Shaders/Private/Lumen/LumenCardTileShadowDownsampleFactor.ush" 2912
"../../../Engine/Shaders/Private/MegaLights/MegaLightsHardwareRayTracing.usf" 2913
"../../../Engine/Shaders/Private/MegaLights/MegaLights.usf" 2914
"../../../Engine/Shaders/Private/MegaLights/MegaLightsShading.ush" 2915
"../../../Engine/Shaders/Private/MegaLights/MegaLightsFilterVisibleLightHash.usf" 2916
"../../../Engine/Shaders/Private/MegaLights/MegaLightsDenoiserSpatial.usf" 2917
"../../../Engine/Shaders/Private/Lumen/LumenReflectionDenoiserCommon.ush" 2918
"../../../Engine/Shaders/Private/MegaLights/MegaLightsDenoiserTemporal.usf" 2919
"../../../Engine/Shaders/Private/MegaLights/MegaLightsShading.usf" 2920
"../../../Engine/Shaders/Private/StochasticLighting/StochasticLightingUpsample.ush" 2921
"../../../Engine/Shaders/Private/MegaLights/MegaLightsVisibleLightHash.usf" 2922
"../../../Engine/Shaders/Private/MegaLights/MegaLightsVolumeShading.usf" 2923
"../../../Engine/Shaders/Private/MegaLights/MegaLightsSampling.usf" 2924
"../../../Engine/Shaders/Private/MegaLights/MegaLightsSampling.ush" 2925
"../../../Engine/Shaders/Private/MegaLights/MegaLightsVolumeSampling.usf" 2926
"../../../Engine/Shaders/Private/MaterialCache/MaterialCacheABufferPages.usf" 2927
"../../../Engine/Shaders/Private/MaterialCache/MaterialCacheShade.usf" 2928
"../../../Engine/Shaders/Private/MaterialCache/MaterialCacheUnwrapNaniteShade.usf" 2929
"../../../Engine/Shaders/Private/MaterialCache/MaterialCacheUnwrapPixelShader.usf" 2930
"../../../Engine/Shaders/Private/MaterialCache/MaterialCacheUnwrapVertexShader.usf" 2931
"../../../Engine/Shaders/Private/Lumen/LumenVisualizeRadianceCache.usf" 2932
"../../../Engine/Shaders/Private/Lumen/LumenRadianceCacheCommon.ush" 2933
"../../../Engine/Shaders/Private/Lumen/LumenVisualizeHardwareRayTracing.usf" 2934
"../../../Engine/Shaders/Private/Lumen/LumenVisualize.ush" 2935
"../../../Engine/Shaders/Private/Lumen/LumenHairTracing.ush" 2936
"../../../Engine/Shaders/Private/Lumen/LumenVisualize.usf" 2937
"../../../Engine/Shaders/Private/Lumen/LumenSoftwareRayTracing.ush" 2938
"../../../Engine/Shaders/Private/DistanceField/GlobalDistanceFieldObjectGrid.ush" 2939
"../../../Engine/Shaders/Private/DistanceFieldLightingShared.ush" 2940
"../../../Engine/Shaders/Private/Lumen/LumenVisualizeTraces.ush" 2941
"../../../Engine/Shaders/Private/Lumen/LumenTranslucencyVolumeLighting.usf" 2942
"../../../Engine/Shaders/Private/Lumen/LumenRadianceCacheMarkCommon.ush" 2943
"../../../Engine/Shaders/Private/Lumen/LumenTranslucencyVolumeLightingShared.ush" 2944
"../../../Engine/Shaders/Private/Lumen/LumenScreenProbeCommon.ush" 2945
"../../../Engine/Shaders/Private/RayTracing/RayGenUtils.ush" 2946
"../../../Engine/Shaders/Private/Lumen/LumenRadianceCacheTracingCommon.ush" 2947
"../../../Engine/Shaders/Private/Lumen/LumenTranslucencyVolumeHardwareRayTracing.usf" 2948
"../../../Engine/Shaders/Private/Lumen/LumenTranslucencyRadianceCacheMarkShaders.usf" 2949
"../../../Engine/Shaders/Private/Lumen/SurfaceCache/LumenSurfaceCache.usf" 2950
"../../../Engine/Shaders/Private/Lumen/LumenShortRangeAOHardwareRayTracing.usf" 2951
"../../../Engine/Shaders/Private/Lumen/LumenScreenSpaceBentNormal.ush" 2952
"../../../Engine/Shaders/Private/Lumen/LumenScreenSpaceBentNormal.usf" 2953
"../../../Engine/Shaders/Private/Lumen/LumenScreenProbeTracing.usf" 2954
"../../../Engine/Shaders/Private/Lumen/LumenScreenProbeTracingCommon.ush" 2955
"../../../Engine/Shaders/Private/Lumen/LumenFloatQuantization.ush" 2956
"../../../Engine/Shaders/Private/Lumen/LumenScreenProbeImportanceSampling.usf" 2957
"../../../Engine/Shaders/Private/Lumen/LumenScreenProbeImportanceSamplingShared.ush" 2958
"../../../Engine/Shaders/Private/Lumen/LumenScreenProbeHardwareRayTracing.usf" 2959
"../../../Engine/Shaders/Private/Lumen/LumenScreenProbeDebug.usf" 2960
"../../../Engine/Shaders/Private/Lumen/LumenScreenProbeGather.usf" 2961
"../../../Engine/Shaders/Private/Lumen/LumenScreenProbeGatherTemporal.usf" 2962
"../../../Engine/Shaders/Private/Lumen/LumenScreenProbeFiltering.usf" 2963
"../../../Engine/Shaders/Private/Lumen/LumenSceneLighting.usf" 2964
"../../../Engine/Shaders/Private/Lumen/LumenCardTile.ush" 2965
"../../../Engine/Shaders/Private/Lumen/LumenSceneLighting.ush" 2966
"../../../Engine/Shaders/Private/Lumen/Radiosity/LumenRadiosity.ush" 2967
"../../../Engine/Shaders/Private/Lumen/LumenSceneLightingDebug.usf" 2968
"../../../Engine/Shaders/Private/Lumen/LumenScene.usf" 2969
"../../../Engine/Shaders/Private/Lumen/LumenSceneDirectLightingHardwareRayTracing.usf" 2970
"../../../Engine/Shaders/Private/Lumen/LumenSceneDirectLightingStochastic.ush" 2971
"../../../Engine/Shaders/Private/Lumen/LumenReflectionCommon.ush" 2972
"../../../Engine/Shaders/Private/Lumen/LumenSceneDirectLighting.ush" 2973
"../../../Engine/Shaders/Private/Lumen/LumenSceneDebugHardwareRayTracing.usf" 2974
"../../../Engine/Shaders/Private/Lumen/LumenSceneDirectLightingStochastic.usf" 2975
"../../../Engine/Shaders/Private/Lumen/LumenSceneDirectLightingSoftwareRayTracing.usf" 2976
"../../../Engine/Shaders/Private/DistanceFieldShadowingShared.ush" 2977
"../../../Engine/Shaders/Private/Lumen/LumenSceneDirectLightingPerLightShadowCommon.ush" 2978
"../../../Engine/Shaders/Private/Lumen/LumenSceneDirectLightingShadowMask.usf" 2979
"../../../Engine/Shaders/Private/Lumen/LumenSceneDirectLighting.usf" 2980
"../../../Engine/Shaders/Private/Lumen/LumenSceneDirectLightingCulling.usf" 2981
"../../../Engine/Shaders/Private/Lumen/LumenCardComputeShader.usf" 2982
"../../../Engine/Shaders/Private/Lumen/LumenCardBasePass.ush" 2983
"../../../Engine/Shaders/Private/Lumen/LumenCardPixelShader.usf" 2984
"../../../Engine/Shaders/Private/Lumen/LumenCardVertexShader.usf" 2985
"../../../Engine/Shaders/Private/Lumen/LumenReSTIRGather.usf" 2986
"../../../Engine/Shaders/Private/Lumen/LumenReflectionTracing.usf" 2987
"../../../Engine/Shaders/Private/Lumen/LumenReflectionDenoiserSpatial.usf" 2988
"../../../Engine/Shaders/Private/Lumen/LumenReflectionDenoiserClear.usf" 2989
"../../../Engine/Shaders/Private/Lumen/LumenReflectionDenoiserTemporal.usf" 2990
"../../../Engine/Shaders/Private/Lumen/LumenReflectionResolve.usf" 2991
"../../../Engine/Shaders/Private/Lumen/LumenReflections.usf" 2992
"../../../Engine/Shaders/Private/Lumen/RayTracedTranslucency.usf" 2993
"../../../Engine/Shaders/Private/Lumen/LumenReflectionHardwareRayTracing.usf" 2994
"../../../Engine/Shaders/Private/Lumen/Radiosity/LumenVisualizeRadiosityProbes.usf" 2995
"../../../Engine/Shaders/Private/Lumen/Radiosity/LumenRadiosity.usf" 2996
"../../../Engine/Shaders/Private/Lumen/Radiosity/LumenRadiosityHardwareRayTracing.usf" 2997
"../../../Engine/Shaders/Private/Lumen/Radiosity/LumenRadiosityCulling.usf" 2998
"../../../Engine/Shaders/Private/Lumen/LumenRadianceCacheHardwareRayTracing.usf" 2999
"../../../Engine/Shaders/Private/Lumen/LumenRadianceCache.usf" 3000
"../../../Engine/Shaders/Private/Lumen/LumenRadianceCacheUpdate.ush" 3001
"../../../Engine/Shaders/Private/Lumen/LumenRadianceCacheDebug.usf" 3002
"../../../Engine/Shaders/Private/Lumen/LumenRadianceCacheUpdate.usf" 3003
"../../../Engine/Shaders/Private/Lumen/LumenMeshSDFCulling.usf" 3004
"../../../Engine/Shaders/Private/HybridIndirectLighting.ush" 3005
"../../../Engine/Shaders/Private/MeshDistanceFieldCommon.ush" 3006
"../../../Engine/Shaders/Private/Lumen/LumenIrradianceFieldGather.usf" 3007
"../../../Engine/Shaders/Private/Lumen/LumenHardwareRayTracingMaterials.usf" 3008
"../../../Engine/Shaders/Private/Lumen/LumenFrontLayerTranslucency.usf" 3009
"../../../Engine/Shaders/Private/LocalFogVolumes/LocalFogVolumeSplat.usf" 3010
"../../../Engine/Shaders/Private/LocalFogVolumes/LocalFogVolumeTiledCulling.usf" 3011
"../../../Engine/Shaders/Private/LightShaftShader.usf" 3012
"../../../Engine/Shaders/Private/StationaryLightOverlapShaders.usf" 3013
"../../../Engine/Shaders/Private/DeferredLightPixelShaders.usf" 3014
"../../../Engine/Shaders/Private/DeferredLightVertexShaders.usf" 3015
"../../../Engine/Shaders/Private/LightMapDensityShader.usf" 3016
"../../../Engine/Shaders/Private/LightGridInjection.usf" 3017
"../../../Engine/Shaders/Shared/LightGridDefinitions.h" 3018
"../../../Engine/Shaders/Private/LightFunctionPixelShader.usf" 3019
"../../../Engine/Shaders/Private/LightFunctionVertexShader.usf" 3020
"../../../Engine/Shaders/Private/LightFunctionAtlas/LightFunctionAtlasRender.usf" 3021
"../../../Engine/Shaders/Private/InstanceCulling/InstanceCullingOcclusionQuery.usf" 3022
"../../../Engine/Shaders/Private/InstanceCulling/InstanceCullingSetup.ush" 3023
"../../../Engine/Shaders/Private/InstanceCulling/BuildInstanceDrawCommands.usf" 3024
"../../../Engine/Shaders/Private/InstanceCulling/InstanceCompactionCommon.ush" 3025
"../../../Engine/Shaders/Private/SceneDataMobileWriter.ush" 3026
"../../../Engine/Shaders/Private/InstanceCulling/CompactVisibleInstances.usf" 3027
"../../../Engine/Shaders/Private/ReflectionEnvironmentPixelShader.usf" 3028
"../../../Engine/Shaders/Private/AmbientCubemapComposite.usf" 3029
"../../../Engine/Shaders/Private/DiffuseIndirectComposite.usf" 3030
"../../../Engine/Shaders/Private/IESAtlas.usf" 3031
"../../../Engine/Shaders/Private/HeterogeneousVolumes/HeterogeneousVolumesVoxelGridShadows.usf" 3032
"../../../Engine/Shaders/Private/HeterogeneousVolumes/HeterogeneousVolumesStochasticFiltering.ush" 3033
"../../../Engine/Shaders/Private/HeterogeneousVolumes/HeterogeneousVolumesVoxelGridRenderingUtils.ush" 3034
"../../../Engine/Shaders/Private/HeterogeneousVolumes/HeterogeneousVolumesLightingUtils.ush" 3035
"../../../Engine/Shaders/Private/HeterogeneousVolumes/HeterogeneousVolumesVoxelGridRendering.usf" 3036
"../../../Engine/Shaders/Private/HeterogeneousVolumes/HeterogeneousVolumesVoxelGridPipeline.usf" 3037
"../../../Engine/Shaders/Private/HeterogeneousVolumes/HeterogeneousVolumesMaterialBakingPipeline.usf" 3038
"../../../Engine/Shaders/Private/HeterogeneousVolumes/HeterogeneousVolumesLiveShadingUtils.ush" 3039
"../../../Engine/Shaders/Private/HeterogeneousVolumes/HeterogeneousVolumesFrustumVoxelGrid.usf" 3040
"../../../Engine/Shaders/Private/HeterogeneousVolumes/HeterogeneousVolumesSparseVoxelPipeline.usf" 3041
"../../../Engine/Shaders/Private/HeterogeneousVolumes/HeterogeneousVolumesSparseVoxelUtils.ush" 3042
"../../../Engine/Shaders/Private/HeterogeneousVolumes/HeterogeneousVolumesSparseVoxelUniformBufferUtils.ush" 3043
"../../../Engine/Shaders/Private/HeterogeneousVolumes/HeterogeneousVolumesPreshadingPipeline.usf" 3044
"../../../Engine/Shaders/Private/HeterogeneousVolumes/HeterogeneousVolumesLiveShadingShadows.usf" 3045
"../../../Engine/Shaders/Private/HeterogeneousVolumes/HeterogeneousVolumesLiveShadingGlobalPipeline.usf" 3046
"../../../Engine/Shaders/Private/HeterogeneousVolumes/HeterogeneousVolumesLiveShadingPipeline.usf" 3047
"../../../Engine/Shaders/Private/HeterogeneousVolumes/HeterogeneousVolumesHardwareRayTracing.usf" 3048
"../../../Engine/Shaders/Private/HeterogeneousVolumes/HeterogeneousVolumesAmbientOcclusionPipeline.usf" 3049
"../../../Engine/Shaders/Private/HeterogeneousVolumes/HeterogeneousVolumesComposite.usf" 3050
"../../../Engine/Shaders/Private/HdrCustomResolveShaders.usf" 3051
"../../../Engine/Shaders/Private/HairStrands/RenderCurveRaster.usf" 3052
"../../../Engine/Shaders/Private/HairStrands/HairStrandsVoxelRasterCompute.usf" 3053
"../../../Engine/Shaders/Private/HairStrands/HairStrandsHitProxy.usf" 3054
"../../../Engine/Shaders/Private/HairStrands/HairStrandsVisibilityRasterComputeNaive.usf" 3055
"../../../Engine/Shaders/Private/HairStrands/HairStrandsVisibilityRasterHW.usf" 3056
"../../../Engine/Shaders/Private/HairStrands/HairStrandsVisibilityRasterCompute.usf" 3057
"../../../Engine/Shaders/Private/HairStrands/HairStrandsVisibilityRasterClassification.usf" 3058
"../../../Engine/Shaders/Private/HairStrands/HairStrandsCoverage.usf" 3059
"../../../Engine/Shaders/Private/HairStrands/HairStrandsVisibilityDepthPS.usf" 3060
"../../../Engine/Shaders/Private/HairStrands/HairStrandsVisibilityTransmittanceDepthPS.usf" 3061
"../../../Engine/Shaders/Private/HairStrands/HairStrandsVisibilityFillOpaqueDepthPS.usf" 3062
"../../../Engine/Shaders/Private/HairStrands/HairStrandsVisibilityCompactionComputeRaster.usf" 3063
"../../../Engine/Shaders/Private/HairStrands/HairStrandsVisibilityCompaction.usf" 3064
"../../../Engine/Shaders/Private/HairStrands/HairStrandsVisibilityCopyIndirectArg.usf" 3065
"../../../Engine/Shaders/Private/HairStrands/HairStrandsVisibilityClearPS.usf" 3066
"../../../Engine/Shaders/Private/HairStrands/HairStrandsVisibilityPS.usf" 3067
"../../../Engine/Shaders/Private/HairStrands/HairStrandsVisibilityVS.usf" 3068
"../../../Engine/Shaders/Private/HairStrands/HairStrandsVelocity.usf" 3069
"../../../Engine/Shaders/Private/HairStrands/HairStrandsVisibilityComputeSampleCoverage.usf" 3070
"../../../Engine/Shaders/Private/HairStrands/HairStrandsMaterialPS.usf" 3071
"../../../Engine/Shaders/Private/HairStrands/HairStrandsMaterialCommon.ush" 3072
"../../../Engine/Shaders/Private/HairStrands/HairStrandsMaterialVS.usf" 3073
"../../../Engine/Shaders/Private/HairStrands/HairStrandsLightSample.usf" 3074
"../../../Engine/Shaders/Private/HairStrands/HairStrandsDeepShadowMask.usf" 3075
"../../../Engine/Shaders/Private/HairStrands/HairStrandsDeepTransmittanceMask.usf" 3076
"../../../Engine/Shaders/Private/HairStrands/HairStrandsVisibilityTile.usf" 3077
"../../../Engine/Shaders/Private/HairStrands/HairStrandsDeepShadowPS.usf" 3078
"../../../Engine/Shaders/Private/HairStrands/HairStrandsDeepShadowVS.usf" 3079
"../../../Engine/Shaders/Private/HairStrands/HairStrandsAABB.usf" 3080
"../../../Engine/Shaders/Private/HairStrands/HairStrandsLUT.usf" 3081
"../../../Engine/Shaders/Private/HairStrands/HairStrandsForwardRaster.usf" 3082
"../../../Engine/Shaders/Private/HairStrands/HairStrandsForwardCulling.usf" 3083
"../../../Engine/Shaders/Private/HairStrands/HairStrandsEnvironmentLighting.usf" 3084
"../../../Engine/Shaders/Private/HairStrands/HairStrandsEnvironmentAO.usf" 3085
"../../../Engine/Shaders/Private/HairStrands/HairStrandsDeepShadowAllocation.usf" 3086
"../../../Engine/Shaders/Private/HairStrands/HairStrandsVoxelDebug.usf" 3087
"../../../Engine/Shaders/Private/HairStrands/HairStrandsComposition.usf" 3088
"../../../Engine/Shaders/Private/HairStrands/HairStrandsGBufferCommon.ush" 3089
"../../../Engine/Shaders/Private/GPUScene/GPUSceneDataManagement.usf" 3090
"../../../Engine/Shaders/Private/GPUSceneDebugRender.usf" 3091
"../../../Engine/Shaders/Private/GPUFeedbackCompaction.usf" 3092
"../../../Engine/Shaders/Private/GPUFastFourierTransform.usf" 3093
"../../../Engine/Shaders/Private/GPUFastFourierTransform2DCore.ush" 3094
"../../../Engine/Shaders/Private/GPUFastFourierTransformCore.ush" 3095
"../../../Engine/Shaders/Private/GPUBenchmark.usf" 3096
"../../../Engine/Shaders/Private/DistanceField/GlobalDistanceFieldDebug.usf" 3097
"../../../Engine/Shaders/Private/DistanceField/GlobalDistanceFieldUpdate.ush" 3098
"../../../Engine/Shaders/Private/DistanceField/GlobalDistanceFieldMip.usf" 3099
"../../../Engine/Shaders/Private/DistanceField/GlobalDistanceField.usf" 3100
"../../../Engine/Shaders/Private/DistanceField/GlobalDistanceFieldCompositeObjects.usf" 3101
"../../../Engine/Shaders/Private/DistanceField/GlobalDistanceFieldHeightfields.usf" 3102
"../../../Engine/Shaders/Private/HeightfieldLightingShared.ush" 3103
"../../../Engine/Shaders/Private/GenerateConservativeDepth.usf" 3104
"../../../Engine/Shaders/Private/HeightFogPixelShader.usf" 3105
"../../../Engine/Shaders/Private/HeightFogVertexShader.usf" 3106
"../../../Engine/Shaders/Private/DistortFiltering.usf" 3107
"../../../Engine/Shaders/Private/DistortAccumulatePS.usf" 3108
"../../../Engine/Shaders/Private/DistortAccumulateVS.usf" 3109
"../../../Engine/Shaders/Private/DistanceFieldVisualization.usf" 3110
"../../../Engine/Shaders/Private/DistanceFieldStreaming.usf" 3111
"../../../Engine/Shaders/Private/DistanceFieldShadowing.usf" 3112
"../../../Engine/Shaders/Private/DistanceFieldScreenGridLighting.usf" 3113
"../../../Engine/Shaders/Private/DistanceFieldObjectCulling.usf" 3114
"../../../Engine/Shaders/Private/DistanceFieldLightingPost.usf" 3115
"../../../Engine/Shaders/Private/DitheredTransitionStencil.usf" 3116
"../../../Engine/Shaders/Private/CopyDepthTexture.usf" 3117
"../../../Engine/Shaders/Private/CopyDepthTextureCS.usf" 3118
"../../../Engine/Shaders/Private/DeferredDecal.usf" 3119
"../../../Engine/Shaders/Private/DecalCommon.ush" 3120
"../../../Engine/Shaders/Private/DebugViewModeVertexShader.usf" 3121
"../../../Engine/Shaders/Private/DebugViewModeCommon.ush" 3122
"../../../Engine/Shaders/Private/DebugViewModePixelShader.usf" 3123
"../../../Engine/Shaders/Private/DebugProbes.usf" 3124
"../../../Engine/Shaders/Private/MeshDecals.usf" 3125
"../../../Engine/Shaders/Private/PostProcessAmbientOcclusion.usf" 3126
"../../../Engine/Shaders/Private/ClusteredDeferredShadingPixelShader.usf" 3127
"../../../Engine/Shaders/Private/ClusteredDeferredShadingVertexShader.usf" 3128
"../../../Engine/Shaders/Private/CapsuleShadowShaders.usf" 3129
"../../../Engine/Shaders/Private/BasePassPixelShader.usf" 3130
"../../../Engine/Shaders/Private/ForwardLightingCommon.ush" 3131
"../../../Engine/Shaders/Private/Substrate/SubstrateForwardLighting.ush" 3132
"../../../Engine/Shaders/Private/ComputeShaderOutputCommon.ush" 3133
"../../../Engine/Shaders/Private/BasePassVertexShader.usf" 3134
"../../../Engine/Shaders/Private/BasePassVertexCommon.ush" 3135
"../../../Engine/Shaders/Private/SimpleElementVolumeTexturePreviewPixelShader.usf" 3136
"../../../Engine/Shaders/Private/SimpleElementTexture2DPreviewPixelShader.usf" 3137
"../../../Engine/Shaders/Private/meshpaintdilatepixelshader.usf" 3138
"../../../Engine/Shaders/Private/meshpaintdilatevertexshader.usf" 3139
"../../../Engine/Shaders/Private/MeshPaintPixelShader.usf" 3140
"../../../Engine/Shaders/Private/MeshPaintVertexShader.usf" 3141
"../../../Engine/Shaders/Private/SlateElementPixelShader.usf" 3142
"../../../Engine/Shaders/Private/SlateShaderCommon.ush" 3143
"../../../Engine/Shaders/Private/SlateMaskingShader.usf" 3144
"../../../Engine/Shaders/Private/SlateVertexShader.usf" 3145
"../../../Engine/Shaders/Private/CompositeUIPixelShader.usf" 3146
"../../../Engine/Shaders/Private/ColorDeficiency.ush" 3147
"../../../Engine/Shaders/Private/SlatePostProcessColorDeficiencyPixelShader.usf" 3148
"../../../Engine/Shaders/Private/SlatePostProcessPixelShader.usf" 3149
"../../../Engine/Shaders/Private/Tools/VisualizeTexture.usf" 3150
"../../../Engine/Shaders/Private/UpdateDescriptorHandle.usf" 3151
"../../../Engine/Shaders/Private/ByteBuffer.usf" 3152
"../../../Engine/Shaders/Private/ShaderBundleWorkGraphDispatch.usf" 3153
"../../../Engine/Shaders/Private/ShaderBundleDispatch.usf" 3154
"../../../Engine/Shaders/Private/ResolveVertexShader.usf" 3155
"../../../Engine/Shaders/Private/ResolvePixelShader.usf" 3156
"../../../Engine/Shaders/Private/Tools/SetupIndirectArgs.usf" 3157
"../../../Engine/Shaders/Private/ClearReplacementShaders.usf" 3158
"../../../Engine/Shaders/Private/Tools/DrawTexture.usf" 3159
"../../../Engine/Shaders/Private/RayTracing/RayTracingValidation.usf" 3160
"../../../Engine/Shaders/Private/RenderGraphUtilities.usf" 3161
"../../../Engine/Shaders/Private/OneColorShader.usf" 3162
"../../../Engine/Shaders/Private/OculusShaders.usf" 3163
"../../../Engine/Shaders/Private/MediaShaders.usf" 3164
"../../../Engine/Shaders/Private/GPUMessaging.usf" 3165
"../../../Engine/Shaders/Private/Tools/GPUDebugCrashUtils.usf" 3166
"../../../Engine/Shaders/Private/NullPixelShader.usf" 3167
"../../../Engine/Shaders/Private/ComputeGenerateMips.usf" 3168
"../../../Engine/Shaders/Private/Tools/DumpTexture.usf" 3169
"../../../Engine/Shaders/Private/CopyTextureShaders.usf" 3170
"../../../Engine/Shaders/Private/Tools/FullscreenVertexShader.usf" 3171
"../../../Engine/Shaders/Private/RayTracing/RayTracingDispatchDesc.usf" 3172
"../../../Engine/Shaders/Private/Bink.usf" 3173
"../../../Engine/Shaders/Private/VelocityShader.usf" 3174
"../../../Engine/Shaders/Private/DepthOnlyPixelShader.usf" 3175
"../../../Engine/Shaders/Private/PositionOnlyDepthVertexShader.usf" 3176
"../../../Engine/Shaders/Private/DepthOnlyVertexShader.usf" 3177
"../../../Engine/Shaders/Private/AnisotropyPassShader.usf" 3178
"C:/Users/rexge/Documents/Unreal Projects/JR_PRJ4/Content/gum1.uasset" 3179
"C:/Users/rexge/Documents/Unreal Projects/JR_PRJ4/Content/NewMaterial.uasset" 3180
"C:/Users/rexge/Documents/Unreal Projects/JR_PRJ4/Content/gum1/texture_Mat.uasset" 3181
"C:/Users/rexge/Documents/Unreal Projects/JR_PRJ4/Content/VRTemplate/Maps/VRTemplateMap_BuiltData.uasset" 3182
"C:/Users/rexge/Documents/Unreal Projects/JR_PRJ4/Content/VRTemplate/Maps/VRTemplateMap.umap" 3183
"C:/Users/rexge/Documents/Unreal Projects/JR_PRJ4/Content/gum1/room/texture_Mat.uasset" 3184
"/Engine/EngineResources/WhiteSquareTexture" 3185
"../../../Engine/Content/EngineResources/WhiteSquareTexture.uasset" 3186
"/Engine/EngineResources/GradientTexture0" 3187
"../../../Engine/Content/EngineResources/GradientTexture0.uasset" 3188
"/Engine/EngineResources/Black" 3189
"../../../Engine/Content/EngineResources/Black.uasset" 3190
"/Engine/EditorResources/S_Actor" 3191
"../../../Engine/Content/EditorResources/S_Actor.uasset" 3192
"/Engine/EngineFonts/RobotoDistanceField" 3193
"../../../Engine/Content/EngineFonts/RobotoDistanceField.uasset" 3194
"/Engine/EngineMaterials/DefaultTextMaterialOpaque" 3195
"../../../Engine/Content/EngineMaterials/DefaultTextMaterialOpaque.uasset" 3196
"/Engine/Functions/Engine_MaterialFunctions01/Shading/PowerToRoughness" 3197
"../../../Engine/Content/Functions/Engine_MaterialFunctions01/Shading/PowerToRoughness.uasset" 3198
"/Engine/Functions/Engine_MaterialFunctions01/Shading/ConvertFromDiffSpec" 3199
"../../../Engine/Content/Functions/Engine_MaterialFunctions01/Shading/ConvertFromDiffSpec.uasset" 3200
"/Engine/EngineMaterials/WorldGridMaterial" 3201
"../../../Engine/Content/EngineMaterials/WorldGridMaterial.uasset" 3202
"../../../Engine/Content/Functions/Engine_MaterialFunctions01/Opacity/CameraDepthFade.uasset" 3203
"../../../Engine/Content/EngineMaterials/T_Default_Material_Grid_M.uasset" 3204
"../../../Engine/Content/EngineMaterials/T_Default_Material_Grid_N.uasset" 3205
"/Engine/EngineMaterials/DefaultDeferredDecalMaterial" 3206
"../../../Engine/Content/EngineMaterials/DefaultDeferredDecalMaterial.uasset" 3207
"../../../Engine/Content/EngineMaterials/DefaultDiffuse.uasset" 3208
"/Engine/EngineMaterials/DefaultLightFunctionMaterial" 3209
"../../../Engine/Content/EngineMaterials/DefaultLightFunctionMaterial.uasset" 3210
"/Engine/EngineMaterials/DefaultPostProcessMaterial" 3211
"../../../Engine/Content/EngineMaterials/DefaultPostProcessMaterial.uasset" 3212
"../../../Engine/Content/Functions/Engine_MaterialFunctions02/Utility/BreakOutFloat2Components.uasset" 3213
"/Engine/EditorResources/S_Trigger" 3214
"../../../Engine/Content/EditorResources/S_Trigger.uasset" 3215
"/Engine/EditorResources/S_BoxReflectionCapture" 3216
"../../../Engine/Content/EditorResources/S_BoxReflectionCapture.uasset" 3217
"/Engine/EngineResources/DefaultTexture" 3218
"../../../Engine/Content/EngineResources/DefaultTexture.uasset" 3219
"/Engine/EditorResources/S_TriggerBox" 3220
"../../../Engine/Content/EditorResources/S_TriggerBox.uasset" 3221
"/Engine/EditorResources/S_TriggerCapsule" 3222
"../../../Engine/Content/EditorResources/S_TriggerCapsule.uasset" 3223
"/Engine/EditorResources/S_TriggerSphere" 3224
"../../../Engine/Content/EditorResources/S_TriggerSphere.uasset" 3225
"/Engine/EngineDamageTypes/DmgTypeBP_Environmental" 3226
"../../../Engine/Content/EngineDamageTypes/DmgTypeBP_Environmental.uasset" 3227
"/Engine/EngineMeshes/Sphere" 3228
"../../../Engine/Content/EngineMeshes/Sphere.uasset" 3229
"/Engine/EngineResources/DefaultTextureCube" 3230
"../../../Engine/Content/EngineResources/DefaultTextureCube.uasset" 3231
"/Engine/EngineResources/DefaultVolumeTexture" 3232
"../../../Engine/Content/EngineResources/DefaultVolumeTexture.uasset" 3233
"../../../Engine/Content/EngineResources/DefaultVolumeTexture2D.uasset" 3234
"C:/Users/rexge/Documents/Unreal Projects/JR_PRJ4/Config/DefaultEngine.ini" 3235
"/OculusXR/Materials/PokeAHoleMaterial" 3236
"../../Plugins/Marketplace/UnrealMetaXRPlugin.83.0/MetaXR/Content/Materials/PokeAHoleMaterial.uasset" 3237
"/Engine/VREditor/TransformGizmo/SM_Sequencer_Node" 3238
"../../../Engine/Content/VREditor/TransformGizmo/SM_Sequencer_Node.uasset" 3239
"../../../Engine/Content/VREditor/TransformGizmo/Main.uasset" 3240
"../../../Engine/Content/VREditor/TransformGizmo/Xray.uasset" 3241
"/Engine/EditorResources/S_Solver" 3242
"../../../Engine/Content/EditorResources/S_Solver.uasset" 3243
"/Engine/EngineDebugMaterials/VolumeToRender" 3244
"../../../Engine/Content/EngineDebugMaterials/VolumeToRender.uasset" 3245
"/Engine/EngineDebugMaterials/M_VolumeRenderSphereTracePP" 3246
"../../../Engine/Content/EngineDebugMaterials/M_VolumeRenderSphereTracePP.uasset" 3247
"../../../Engine/Content/Functions/Engine_MaterialFunctions02/Utility/CameraDirectionVector.uasset" 3248
"/Engine/EditorMeshes/Camera/SM_CraneRig_Base" 3249
"../../../Engine/Content/EditorMeshes/Camera/SM_CraneRig_Base.uasset" 3250
"../../../Engine/Content/EditorMaterials/Camera/MI_CineMat_Rig.uasset" 3251
"../../../Engine/Content/EditorMaterials/Camera/CineMat.uasset" 3252
"/Engine/EditorMeshes/Camera/SM_CraneRig_Arm" 3253
"../../../Engine/Content/EditorMeshes/Camera/SM_CraneRig_Arm.uasset" 3254
"/Engine/EditorMeshes/Camera/SM_CraneRig_Mount" 3255
"../../../Engine/Content/EditorMeshes/Camera/SM_CraneRig_Mount.uasset" 3256
"/Engine/EditorMeshes/Camera/SM_CraneRig_Body" 3257
"../../../Engine/Content/EditorMeshes/Camera/SM_CraneRig_Body.uasset" 3258
"/Engine/EditorMeshes/Camera/SM_RailRig_Track" 3259
"../../../Engine/Content/EditorMeshes/Camera/SM_RailRig_Track.uasset" 3260
"/Engine/EditorMeshes/Camera/SM_RailRig_Mount" 3261
"../../../Engine/Content/EditorMeshes/Camera/SM_RailRig_Mount.uasset" 3262
"/Engine/EditorLandscapeResources/SplineEditorMesh" 3263
"../../../Engine/Content/EditorLandscapeResources/SplineEditorMesh.uasset" 3264
"../../../Engine/Content/EditorLandscapeResources/SplineEditorMeshMat.uasset" 3265
"/HairStrands/Materials/HairDebugMaterial" 3266
"../../Plugins/Runtime/HairStrands/Content/Materials/HairDebugMaterial.uasset" 3267
"../../../Engine/Content/Functions/Engine_MaterialFunctions02/Utility/MakeFloat2.uasset" 3268
"../../../Engine/Content/Functions/Engine_MaterialFunctions02/Utility/MakeFloat3.uasset" 3269
"../../../Engine/Content/EngineMaterials/HairColorMap.uasset" 3270
"../../../Engine/Content/EngineMaterials/HairDebugColor.uasset" 3271
"../../Plugins/Runtime/HairStrands/Content/Materials/HairGroupColors.uasset" 3272
"/HairStrands/Materials/HairDefaultMaterial" 3273
"../../Plugins/Runtime/HairStrands/Content/Materials/HairDefaultMaterial.uasset" 3274
"/HairStrands/Materials/HairCardsDefaultMaterial" 3275
"../../Plugins/Runtime/HairStrands/Content/Materials/HairCardsDefaultMaterial.uasset" 3276
"/HairStrands/Materials/HairMeshesDefaultMaterial" 3277
"../../Plugins/Runtime/HairStrands/Content/Materials/HairMeshesDefaultMaterial.uasset" 3278
"/Engine/BasicShapes/Cube" 3279
"../../../Engine/Content/BasicShapes/Cube.uasset" 3280
"/CameraCalibrationCore/Materials/M_DefaultOddSquare" 3281
"../../Plugins/VirtualProduction/CameraCalibrationCore/Content/Materials/M_DefaultOddSquare.uasset" 3282
"/CameraCalibrationCore/Materials/M_DefaultEvenSquare" 3283
"../../Plugins/VirtualProduction/CameraCalibrationCore/Content/Materials/M_DefaultEvenSquare.uasset" 3284
"/OculusXR/Textures/CRT_JumpFlood1" 3285
"../../Plugins/Marketplace/UnrealMetaXRPlugin.83.0/MetaXR/Content/Textures/CRT_JumpFlood1.uasset" 3286
"/OculusXR/Textures/CRT_JumpFlood2" 3287
"../../Plugins/Marketplace/UnrealMetaXRPlugin.83.0/MetaXR/Content/Textures/CRT_JumpFlood2.uasset" 3288
"/OculusXR/Textures/CRT_Mask" 3289
"../../Plugins/Marketplace/UnrealMetaXRPlugin.83.0/MetaXR/Content/Textures/CRT_Mask.uasset" 3290
"/OculusXR/Textures/CRT_DistanceMap" 3291
"../../Plugins/Marketplace/UnrealMetaXRPlugin.83.0/MetaXR/Content/Textures/CRT_DistanceMap.uasset" 3292
"/OculusXR/Materials/M_CreateMask" 3293
"../../Plugins/Marketplace/UnrealMetaXRPlugin.83.0/MetaXR/Content/Materials/M_CreateMask.uasset" 3294
"../../../Engine/Content/Functions/Engine_MaterialFunctions01/Texturing/PointSampledUVs.uasset" 3295
"../../../Engine/Content/Functions/Engine_MaterialFunctions02/Utility/BreakOutFloat4Components.uasset" 3296
"../../../Engine/Content/Functions/Engine_MaterialFunctions02/Utility/MakeFloat4.uasset" 3297
"/OculusXR/Materials/M_JFAPass" 3298
"../../Plugins/Marketplace/UnrealMetaXRPlugin.83.0/MetaXR/Content/Materials/M_JFAPass.uasset" 3299
"/OculusXR/Materials/M_SceneObjectMask" 3300
"../../Plugins/Marketplace/UnrealMetaXRPlugin.83.0/MetaXR/Content/Materials/M_SceneObjectMask.uasset" 3301
"/OculusXR/Materials/M_FloorMask" 3302
"../../Plugins/Marketplace/UnrealMetaXRPlugin.83.0/MetaXR/Content/Materials/M_FloorMask.uasset" 3303
"/OculusXR/Materials/M_DistanceMapFree" 3304
"../../Plugins/Marketplace/UnrealMetaXRPlugin.83.0/MetaXR/Content/Materials/M_DistanceMapFree.uasset" 3305
"/OculusXR/Materials/M_DistanceMapOccupied" 3306
"../../Plugins/Marketplace/UnrealMetaXRPlugin.83.0/MetaXR/Content/Materials/M_DistanceMapOccupied.uasset" 3307
"/OculusXR/Materials/M_DistanceMapAll" 3308
"../../Plugins/Marketplace/UnrealMetaXRPlugin.83.0/MetaXR/Content/Materials/M_DistanceMapAll.uasset" 3309
"/OculusXR/Materials/MPC_Highlights" 3310
"../../Plugins/Marketplace/UnrealMetaXRPlugin.83.0/MetaXR/Content/Materials/MPC_Highlights.uasset" 3311
"/OculusXR/Meshes/SM_Bevelcube" 3312
"../../Plugins/Marketplace/UnrealMetaXRPlugin.83.0/MetaXR/Content/Meshes/SM_Bevelcube.uasset" 3313
"/Engine/EngineMaterials/Widget3DPassThrough_Translucent" 3314
"../../../Engine/Content/EngineMaterials/Widget3DPassThrough_Translucent.uasset" 3315
"../../../Engine/Content/EngineMaterials/Widget3DPassThrough.uasset" 3316
"/Engine/EngineMaterials/Widget3DPassThrough_Translucent_OneSided" 3317
"../../../Engine/Content/EngineMaterials/Widget3DPassThrough_Translucent_OneSided.uasset" 3318
"/Engine/EngineMaterials/Widget3DPassThrough_Opaque" 3319
"../../../Engine/Content/EngineMaterials/Widget3DPassThrough_Opaque.uasset" 3320
"/Engine/EngineMaterials/Widget3DPassThrough_Opaque_OneSided" 3321
"../../../Engine/Content/EngineMaterials/Widget3DPassThrough_Opaque_OneSided.uasset" 3322
"/Engine/EngineMaterials/Widget3DPassThrough_Masked" 3323
"../../../Engine/Content/EngineMaterials/Widget3DPassThrough_Masked.uasset" 3324
"/Engine/EngineMaterials/Widget3DPassThrough_Masked_OneSided" 3325
"../../../Engine/Content/EngineMaterials/Widget3DPassThrough_Masked_OneSided.uasset" 3326
"/Engine/VREditor/ViewportInteractionAssetContainerData" 3327
"../../../Engine/Content/VREditor/ViewportInteractionAssetContainerData.uasset" 3328
"../../../Engine/Content/VREditor/SnapGrid/SnapGridMaterial.uasset" 3329
"../../../Engine/Content/VREditor/TransformGizmo/TransformGizmoMaterial_Inst.uasset" 3330
"../../../Engine/Content/VREditor/TransformGizmo/TranslucentTransformGizmoMaterial_Inst.uasset" 3331
"../../../Engine/Content/VREditor/SnapGrid/SnapGridPlaneMesh.uasset" 3332
"../../../Engine/Content/VREditor/Sounds/UI/Drop_Item_From_ContentBrowser.uasset" 3333
"../../../Engine/Content/VREditor/Sounds/UI/Gizmo_Handle_Clicked.uasset" 3334
"../../../Engine/Content/VREditor/Sounds/UI/Object_PickUp.uasset" 3335
"../../../Engine/Content/VREditor/Sounds/UI/Object_Snaps_To_Another_Actor.uasset" 3336
"../../../Engine/Content/VREditor/Sounds/UI/Object_Snaps_To_Grid.uasset" 3337
"../../../Engine/Content/VREditor/Sounds/UI/Scaling_Down.uasset" 3338
"../../../Engine/Content/VREditor/Sounds/UI/Scaling_Up.uasset" 3339
"../../../Engine/Content/VREditor/Sounds/UI/Selection_Changes.uasset" 3340
"../../../Engine/Content/VREditor/TransformGizmo/PlaneTranslationHandle.uasset" 3341
"../../../Engine/Content/VREditor/TransformGizmo/RotationHandleFull.uasset" 3342
"../../../Engine/Content/VREditor/TransformGizmo/RotationHandleIndicator.uasset" 3343
"../../../Engine/Content/VREditor/TransformGizmo/RotationHandleQuarter.uasset" 3344
"../../../Engine/Content/VREditor/TransformGizmo/StartRotationHandleIndicator.uasset" 3345
"../../../Engine/Content/VREditor/TransformGizmo/TransformGizmoFreeRotation.uasset" 3346
"../../../Engine/Content/VREditor/TransformGizmo/TranslateArrowHandle.uasset" 3347
"../../../Engine/Content/VREditor/TransformGizmo/UniformScaleHandle.uasset" 3348
"../../../Engine/Content/Functions/Engine_MaterialFunctions02/Math/Transform3x3Matrix.uasset" 3349
"../../../Engine/Content/Functions/Engine_MaterialFunctions02/SplitComponents.uasset" 3350
"../../../Engine/Content/VREditor/TransformGizmo/TransformGizmoMaterial.uasset" 3351
"../../../Engine/Content/VREditor/TransformGizmo/TranslucentTransformGizmoMaterial.uasset" 3352
"../../../Engine/Content/Functions/Engine_MaterialFunctions02/Utility/BreakOutFloat3Components.uasset" 3353
"../../../Engine/Content/VREditor/LaserPointer/VR_LaserPower_01.uasset" 3354
"/Engine/VREditor/TransformGizmo/BoundingBoxCorner" 3355
"../../../Engine/Content/VREditor/TransformGizmo/BoundingBoxCorner.uasset" 3356
"/Engine/VREditor/TransformGizmo/BoundingBoxEdge" 3357
"../../../Engine/Content/VREditor/TransformGizmo/BoundingBoxEdge.uasset" 3358
"/Engine/ArtTools/RenderToTexture/Meshes/S_1_Unit_Plane" 3359
"../../../Engine/Content/ArtTools/RenderToTexture/Meshes/S_1_Unit_Plane.uasset" 3360
"/Engine/EngineDebugMaterials/M_SimpleUnlitTranslucent" 3361
"../../../Engine/Content/EngineDebugMaterials/M_SimpleUnlitTranslucent.uasset" 3362
"/Engine/EngineFonts/Roboto" 3363
"../../../Engine/Content/EngineFonts/Roboto.uasset" 3364
"../../../Engine/Content/EngineFonts/Faces/DroidSansFallback.uasset" 3365
"../../../Engine/Content/EngineFonts/Faces/RobotoBold.uasset" 3366
"../../../Engine/Content/EngineFonts/Faces/RobotoBoldItalic.uasset" 3367
"../../../Engine/Content/EngineFonts/Faces/RobotoItalic.uasset" 3368
"../../../Engine/Content/EngineFonts/Faces/RobotoLight.uasset" 3369
"../../../Engine/Content/EngineFonts/Faces/RobotoRegular.uasset" 3370
"/Engine/EditorMaterials/ParticleSystems/PSysThumbnail_NoImage" 3371
"../../../Engine/Content/EditorMaterials/ParticleSystems/PSysThumbnail_NoImage.uasset" 3372
"/Engine/EditorMaterials/ParticleSystems/PSysThumbnail_OOD" 3373
"../../../Engine/Content/EditorMaterials/ParticleSystems/PSysThumbnail_OOD.uasset" 3374
"/Engine/EngineResources/LandscapeVisibilityLayerInfo" 3375
"../../../Engine/Content/EngineResources/LandscapeVisibilityLayerInfo.uasset" 3376
"/OculusXR/Materials/OculusMR_OpaqueColoredMaterial" 3377
"../../Plugins/Marketplace/UnrealMetaXRPlugin.83.0/MetaXR/Content/Materials/OculusMR_OpaqueColoredMaterial.uasset" 3378
"/Engine/BasicShapes/Plane" 3379
"../../../Engine/Content/BasicShapes/Plane.uasset" 3380
"/OculusXR/Materials/MI_BlobShadow" 3381
"../../Plugins/Marketplace/UnrealMetaXRPlugin.83.0/MetaXR/Content/Materials/MI_BlobShadow.uasset" 3382
"../../Plugins/Marketplace/UnrealMetaXRPlugin.83.0/MetaXR/Content/Materials/M_BlobShadow.uasset" 3383
"../../../Engine/Content/Functions/Engine_MaterialFunctions02/Utility/VectorLength.uasset" 3384
"../../../Engine/Content/Functions/Engine_MaterialFunctions02/WorldPositionOffset/V2/ObjectScale.uasset" 3385
"../../Plugins/Marketplace/UnrealMetaXRPlugin.83.0/MetaXR/Content/Textures/T_BlobShadow.uasset" 3386
"/ACLPlugin/ACLAnimBoneCompressionSettings" 3387
"../../Plugins/Animation/ACLPlugin/Content/ACLAnimBoneCompressionSettings.uasset" 3388
"/Engine/Animation/DefaultRecorderBoneCompression" 3389
"../../../Engine/Content/Animation/DefaultRecorderBoneCompression.uasset" 3390
"/ACLPlugin/ACLAnimCurveCompressionSettings" 3391
"../../Plugins/Animation/ACLPlugin/Content/ACLAnimCurveCompressionSettings.uasset" 3392
"/Engine/Animation/DefaultVariableFrameStrippingSettings" 3393
"../../../Engine/Content/Animation/DefaultVariableFrameStrippingSettings.uasset" 3394
"/ControlRig/Controls/ControlRigXRayMaterial" 3395
"../../Plugins/Animation/ControlRig/Content/Controls/ControlRigXRayMaterial.uasset" 3396
"/ControlRig/Controls/DefaultGizmoLibraryNormalized" 3397
"../../Plugins/Animation/ControlRig/Content/Controls/DefaultGizmoLibraryNormalized.uasset" 3398
"/AudioWidgets/Resources/ScrubHandleDown_Clamped" 3399
"../../Plugins/Runtime/AudioWidgets/Content/Resources/ScrubHandleDown_Clamped.uasset" 3400
"/Paper2D/MaskedUnlitSpriteMaterial" 3401
"../../Plugins/2D/Paper2D/Content/MaskedUnlitSpriteMaterial.uasset" 3402
"../../Plugins/2D/Paper2D/Content/DefaultSpriteMaterial.uasset" 3403
"../../Plugins/2D/Paper2D/Content/PlaceholderTextures/DummySpriteTexture.uasset" 3404
"/Paper2D/OpaqueUnlitSpriteMaterial" 3405
"../../Plugins/2D/Paper2D/Content/OpaqueUnlitSpriteMaterial.uasset" 3406
"/Paper2D/DefaultPaperTerrainMaterial" 3407
"../../Plugins/2D/Paper2D/Content/DefaultPaperTerrainMaterial.uasset" 3408
"../../Plugins/2D/Paper2D/Content/DummySprite.uasset" 3409
"/ControlRig/M_Manip" 3410
"../../Plugins/Animation/ControlRig/Content/M_Manip.uasset" 3411
"../../../Engine/Content/Functions/Engine_MaterialFunctions02/WorldPositionOffset/CameraOffset.uasset" 3412
"/MediaPlate/SM_MediaPlateScreen" 3413
"../../Plugins/Media/MediaPlate/Content/SM_MediaPlateScreen.uasset" 3414
"/OpenXR/Devices/HTCVive/HTCViveController" 3415
"../../Plugins/Runtime/OpenXR/Content/Devices/HTCVive/HTCViveController.uasset" 3416
"../../Plugins/Runtime/OpenXR/Content/Devices/HTCVive/MI_HTCVive.uasset" 3417
"../../Plugins/Runtime/OpenXR/Content/Devices/M_XRController.uasset" 3418
"../../../Engine/Content/EngineMaterials/BaseFlattenNormalMap.uasset" 3419
"../../Plugins/Runtime/OpenXR/Content/Devices/HTCVive/BaseTexture.uasset" 3420
"/OpenXR/Devices/MicrosoftMixedReality/Left/left_MicrosoftMixedRealityController" 3421
"../../Plugins/Runtime/OpenXR/Content/Devices/MicrosoftMixedReality/Left/left_MicrosoftMixedRealityController.uasset" 3422
"../../Plugins/Runtime/OpenXR/Content/Devices/MicrosoftMixedReality/MI_MicrosoftMixedReality.uasset" 3423
"../../Plugins/Runtime/OpenXR/Content/Devices/MicrosoftMixedReality/BaseTexture.uasset" 3424
"../../Plugins/Runtime/OpenXR/Content/Devices/MicrosoftMixedReality/EmissiveTexture.uasset" 3425
"../../Plugins/Runtime/OpenXR/Content/Devices/MicrosoftMixedReality/MRTexture.uasset" 3426
"../../Plugins/Runtime/OpenXR/Content/Devices/MicrosoftMixedReality/NormalTexture.uasset" 3427
"/OpenXR/Devices/MicrosoftMixedReality/Right/right_MicrosoftMixedRealityController" 3428
"../../Plugins/Runtime/OpenXR/Content/Devices/MicrosoftMixedReality/Right/right_MicrosoftMixedRealityController.uasset" 3429
"/OpenXR/Devices/OculusGo/OculusGoController" 3430
"../../Plugins/Runtime/OpenXR/Content/Devices/OculusGo/OculusGoController.uasset" 3431
"../../Plugins/Runtime/OpenXR/Content/Devices/OculusGo/MI_OculusGo.uasset" 3432
"../../Plugins/Runtime/OpenXR/Content/Devices/OculusGo/BaseTexture.uasset" 3433
"/OpenXR/Devices/OculusTouch/Left/left_OculusTouchController" 3434
"../../Plugins/Runtime/OpenXR/Content/Devices/OculusTouch/Left/left_OculusTouchController.uasset" 3435
"../../Plugins/Runtime/OpenXR/Content/Devices/OculusTouch/MI_OculusTouch.uasset" 3436
"../../Plugins/Runtime/OpenXR/Content/Devices/OculusTouch/BaseTexture.uasset" 3437
"../../Plugins/Runtime/OpenXR/Content/Devices/OculusTouch/MRTexture.uasset" 3438
"/OpenXR/Devices/OculusTouch/Right/right_OculusTouchController" 3439
"../../Plugins/Runtime/OpenXR/Content/Devices/OculusTouch/Right/right_OculusTouchController.uasset" 3440
"/OpenXR/Devices/ValveIndex/Left/left_ValveIndexController" 3441
"../../Plugins/Runtime/OpenXR/Content/Devices/ValveIndex/Left/left_ValveIndexController.uasset" 3442
"../../Plugins/Runtime/OpenXR/Content/Devices/ValveIndex/Left/MI_left_ValveIndex.uasset" 3443
"../../Plugins/Runtime/OpenXR/Content/Devices/ValveIndex/BaseTexture.uasset" 3444
"../../Plugins/Runtime/OpenXR/Content/Devices/ValveIndex/MRTexture.uasset" 3445
"/OpenXR/Devices/ValveIndex/Right/right_ValveIndexController" 3446
"../../Plugins/Runtime/OpenXR/Content/Devices/ValveIndex/Right/right_ValveIndexController.uasset" 3447
"../../Plugins/Runtime/OpenXR/Content/Devices/ValveIndex/Right/MI_right_ValveIndex.uasset" 3448
"/OculusXR/Meshes/LeftTouchForQuestRiftSController" 3449
"../../Plugins/Marketplace/UnrealMetaXRPlugin.83.0/MetaXR/Content/Meshes/LeftTouchForQuestRiftSController.uasset" 3450
"../../Plugins/Marketplace/UnrealMetaXRPlugin.83.0/MetaXR/Content/Materials/TouchForQuestRiftSControllerMaterial.uasset" 3451
"../../Plugins/Marketplace/UnrealMetaXRPlugin.83.0/MetaXR/Content/Textures/TouchForQuestRiftSController_albedo.uasset" 3452
"/OculusXR/Meshes/RightTouchForQuestRiftSController" 3453
"../../Plugins/Marketplace/UnrealMetaXRPlugin.83.0/MetaXR/Content/Meshes/RightTouchForQuestRiftSController.uasset" 3454
"/OculusXR/Meshes/LeftTouchForQuest2" 3455
"../../Plugins/Marketplace/UnrealMetaXRPlugin.83.0/MetaXR/Content/Meshes/LeftTouchForQuest2.uasset" 3456
"../../Plugins/Marketplace/UnrealMetaXRPlugin.83.0/MetaXR/Content/Materials/TouchForQuest2Material.uasset" 3457
"../../Plugins/Marketplace/UnrealMetaXRPlugin.83.0/MetaXR/Content/Textures/TouchForQuest2_Color.uasset" 3458
"../../Plugins/Marketplace/UnrealMetaXRPlugin.83.0/MetaXR/Content/Textures/TouchForQuest2Material_Roughness.uasset" 3459
"/OculusXR/Meshes/RightTouchForQuest2" 3460
"../../Plugins/Marketplace/UnrealMetaXRPlugin.83.0/MetaXR/Content/Meshes/RightTouchForQuest2.uasset" 3461
"/OculusXR/Meshes/LeftMetaQuestTouchPro" 3462
"../../Plugins/Marketplace/UnrealMetaXRPlugin.83.0/MetaXR/Content/Meshes/LeftMetaQuestTouchPro.uasset" 3463
"../../Plugins/Marketplace/UnrealMetaXRPlugin.83.0/MetaXR/Content/Materials/LeftMetaQuestTouchProMaterial.uasset" 3464
"../../Plugins/Marketplace/UnrealMetaXRPlugin.83.0/MetaXR/Content/Textures/LeftMetaQuestTouchPro_Color.uasset" 3465
"../../Plugins/Marketplace/UnrealMetaXRPlugin.83.0/MetaXR/Content/Textures/LeftMetaQuestTouchPro_Normal.uasset" 3466
"/OculusXR/Meshes/RightMetaQuestTouchPro" 3467
"../../Plugins/Marketplace/UnrealMetaXRPlugin.83.0/MetaXR/Content/Meshes/RightMetaQuestTouchPro.uasset" 3468
"../../Plugins/Marketplace/UnrealMetaXRPlugin.83.0/MetaXR/Content/Materials/RightMetaQuestTouchProMaterial.uasset" 3469
"../../Plugins/Marketplace/UnrealMetaXRPlugin.83.0/MetaXR/Content/Textures/RightMetaQuestTouchPro_Color.uasset" 3470
"../../Plugins/Marketplace/UnrealMetaXRPlugin.83.0/MetaXR/Content/Textures/RightMetaQuestTouchPro_Normal.uasset" 3471
"/OculusXR/Meshes/LeftMetaQuestTouchPlus" 3472
"../../Plugins/Marketplace/UnrealMetaXRPlugin.83.0/MetaXR/Content/Meshes/LeftMetaQuestTouchPlus.uasset" 3473
"../../Plugins/Marketplace/UnrealMetaXRPlugin.83.0/MetaXR/Content/Materials/LeftMetaQuestTouchPlusMaterial.uasset" 3474
"../../Plugins/Marketplace/UnrealMetaXRPlugin.83.0/MetaXR/Content/Textures/LeftMetaQuestTouchPlus_Color.uasset" 3475
"/OculusXR/Meshes/RightMetaQuestTouchPlus" 3476
"../../Plugins/Marketplace/UnrealMetaXRPlugin.83.0/MetaXR/Content/Meshes/RightMetaQuestTouchPlus.uasset" 3477
"../../Plugins/Marketplace/UnrealMetaXRPlugin.83.0/MetaXR/Content/Materials/RightMetaQuestTouchPlusMaterial.uasset" 3478
"../../Plugins/Marketplace/UnrealMetaXRPlugin.83.0/MetaXR/Content/Textures/RightMetaQuestTouchPlus_Color.uasset" 3479
"/OpenXR/Devices/OculusTouch_v2/Left/left_OculusTouch_v2Controller" 3480
"../../Plugins/Runtime/OpenXR/Content/Devices/OculusTouch_v2/Left/left_OculusTouch_v2Controller.uasset" 3481
"../../Plugins/Runtime/OpenXR/Content/Devices/OculusTouch_v2/MI_OculusTouch_v2.uasset" 3482
"../../Plugins/Runtime/OpenXR/Content/Devices/OculusTouch_v2/BaseTexture.uasset" 3483
"../../Plugins/Runtime/OpenXR/Content/Devices/OculusTouch_v2/MRTexture.uasset" 3484
"/OpenXR/Devices/OculusTouch_v2/Right/right_OculusTouch_v2Controller" 3485
"../../Plugins/Runtime/OpenXR/Content/Devices/OculusTouch_v2/Right/right_OculusTouch_v2Controller.uasset" 3486
"/OpenXR/Devices/OculusTouch_v3/Left/left_OculusTouch_v3Controller" 3487
"../../Plugins/Runtime/OpenXR/Content/Devices/OculusTouch_v3/Left/left_OculusTouch_v3Controller.uasset" 3488
"../../Plugins/Runtime/OpenXR/Content/Devices/OculusTouch_v3/MI_OculusTouch_v3.uasset" 3489
"../../Plugins/Runtime/OpenXR/Content/Devices/OculusTouch_v3/BaseTexture.uasset" 3490
"../../Plugins/Runtime/OpenXR/Content/Devices/OculusTouch_v3/MRTexture.uasset" 3491
"/OpenXR/Devices/OculusTouch_v3/Right/right_OculusTouch_v3Controller" 3492
"../../Plugins/Runtime/OpenXR/Content/Devices/OculusTouch_v3/Right/right_OculusTouch_v3Controller.uasset" 3493
"/SpeedTreeImporter/SpeedTree9/SpeedTreeMaster" 3494
"../../Plugins/Editor/SpeedTreeImporter/Content/SpeedTree9/SpeedTreeMaster.uasset" 3495
"../../../Engine/Content/Functions/Engine_MaterialFunctions02/ObjectLocalBounds.uasset" 3496
"../../../Engine/Content/Functions/Engine_MaterialFunctions02/SafeNormalize.uasset" 3497
"../../../Engine/Content/Functions/Engine_MaterialFunctions02/UVs/BoundingBoxBased_0-1_UVW.uasset" 3498
"../../../Engine/Content/Functions/Engine_MaterialFunctions02/WorldPositionOffset/ObjectScale.uasset" 3499
"../../Plugins/Editor/SpeedTreeImporter/Content/SpeedTree9/SpeedTreeBranchMotion.uasset" 3500
"../../Plugins/Editor/SpeedTreeImporter/Content/SpeedTree9/SpeedTreeCameraFacing.uasset" 3501
"../../Plugins/Editor/SpeedTreeImporter/Content/SpeedTree9/SpeedTreeWind.uasset" 3502
"../../Plugins/Editor/SpeedTreeImporter/Content/SpeedTree9/SpeedTreeWindMotion.uasset" 3503
"../../Plugins/Editor/SpeedTreeImporter/Content/SpeedTree9/UnpackDirection.uasset" 3504
"../../Plugins/Editor/SpeedTreeImporter/Content/SpeedTree9/UnpackInteger3.uasset" 3505
"../../Plugins/Editor/SpeedTreeImporter/Content/SpeedTree9/Empty.uasset" 3506
"../../Plugins/Editor/SpeedTreeImporter/Content/SpeedTree9/EmptyNormal.uasset" 3507
"../../Plugins/Editor/SpeedTreeImporter/Content/SpeedTree9/game_wind_noise.uasset" 3508
"/SpeedTreeImporter/SpeedTree9/SpeedTreeBillboardMaster" 3509
"../../Plugins/Editor/SpeedTreeImporter/Content/SpeedTree9/SpeedTreeBillboardMaster.uasset" 3510
"../../Plugins/Editor/SpeedTreeImporter/Content/SpeedTree9/SpeedTreeBillboard.uasset" 3511
"/Engine/BasicShapes/BasicShapeMaterial" 3512
"../../../Engine/Content/BasicShapes/BasicShapeMaterial.uasset" 3513
"/Engine/EditorMaterials/Dataflow/DataflowVertexMaterial" 3514
"../../../Engine/Content/EditorMaterials/Dataflow/DataflowVertexMaterial.uasset" 3515
"/Engine/EditorMaterials/Dataflow/DataflowTwoSidedVertexMaterial" 3516
"../../../Engine/Content/EditorMaterials/Dataflow/DataflowTwoSidedVertexMaterial.uasset" 3517
"/Engine/EditorLandscapeResources/LayerVisMaterial" 3518
"../../../Engine/Content/EditorLandscapeResources/LayerVisMaterial.uasset" 3519
"../../../Engine/Content/EditorLandscapeResources/WhiteSquareTexture.uasset" 3520
"/Engine/EditorLandscapeResources/SelectBrushMaterial_Selected" 3521
"../../../Engine/Content/EditorLandscapeResources/SelectBrushMaterial_Selected.uasset" 3522
"../../../Engine/Content/EditorLandscapeResources/SelectBrushMaterial.uasset" 3523
"../../../Engine/Content/Functions/Engine_MaterialFunctions03/Math/WithinRangeFloat2.uasset" 3524
"../../../Engine/Content/EditorLandscapeResources/DefaultAlphaTexture.uasset" 3525
"/Engine/EditorLandscapeResources/SelectBrushMaterial_SelectedRegion" 3526
"../../../Engine/Content/EditorLandscapeResources/SelectBrushMaterial_SelectedRegion.uasset" 3527
"/Engine/EditorLandscapeResources/MaskBrushMaterial_MaskedRegion" 3528
"../../../Engine/Content/EditorLandscapeResources/MaskBrushMaterial_MaskedRegion.uasset" 3529
"../../../Engine/Content/EditorLandscapeResources/MaskBrushMaterial.uasset" 3530
"/Engine/EditorLandscapeResources/ColorMaskBrushMaterial_MaskedRegion" 3531
"../../../Engine/Content/EditorLandscapeResources/ColorMaskBrushMaterial_MaskedRegion.uasset" 3532
"../../../Engine/Content/EditorLandscapeResources/ColorMaskBrushMaterial.uasset" 3533
"/Engine/EditorLandscapeResources/LandscapeDirtyMaterial" 3534
"../../../Engine/Content/EditorLandscapeResources/LandscapeDirtyMaterial.uasset" 3535
"/Engine/EditorLandscapeResources/LandscapeLayerUsageMaterial" 3536
"../../../Engine/Content/EditorLandscapeResources/LandscapeLayerUsageMaterial.uasset" 3537
"../../../Engine/Content/Functions/Engine_MaterialFunctions01/Debug/DebugIntValues.uasset" 3538
"../../../Engine/Content/Functions/Engine_MaterialFunctions01/Texturing/ScaleUVsByCenter.uasset" 3539
"../../../Engine/Content/Functions/Engine_MaterialFunctions02/WorldPositionOffset/LocalPosition.uasset" 3540
"../../../Engine/Content/Functions/Engine_MaterialFunctions01/Texturing/TextureCropping.uasset" 3541
"../../../Engine/Content/Functions/Engine_MaterialFunctions02/ExampleContent/DebugNumberStrip.uasset" 3542
"C:/Users/rexge/AppData/Local/UnrealEngine/Editor/UInteractiveToolsPresetCollectionAsset_DefaultCollection.json" 3543
"/Engine/EngineMaterials/NaniteHiddenSectionMaterial" 3544
"../../../Engine/Content/EngineMaterials/NaniteHiddenSectionMaterial.uasset" 3545
"/Engine/EngineMaterials/RemoveSurfaceMaterial" 3546
"../../../Engine/Content/EngineMaterials/RemoveSurfaceMaterial.uasset" 3547
"/Engine/EngineDebugMaterials/DebugMeshMaterial" 3548
"../../../Engine/Content/EngineDebugMaterials/DebugMeshMaterial.uasset" 3549
"/Engine/EngineMaterials/EmissiveMeshMaterial" 3550
"../../../Engine/Content/EngineMaterials/EmissiveMeshMaterial.uasset" 3551
"../../../Engine/Content/EngineMaterials/DefaultWhiteGrid_Low.uasset" 3552
"/Engine/EngineMaterials/M_InvalidLightmapSettings" 3553
"../../../Engine/Content/EngineMaterials/M_InvalidLightmapSettings.uasset" 3554
"../../../Engine/Content/EngineMaterials/InvalidLightmapSettings.uasset" 3555
"/Engine/EngineMaterials/GizmoMaterial" 3556
"../../../Engine/Content/EngineMaterials/GizmoMaterial.uasset" 3557
"/Engine/EngineMaterials/PhAT_JointLimitMaterial" 3558
"../../../Engine/Content/EngineMaterials/PhAT_JointLimitMaterial.uasset" 3559
"/Engine/EngineMaterials/FlattenMaterial" 3560
"../../../Engine/Content/EngineMaterials/FlattenMaterial.uasset" 3561
"../../../Engine/Content/EngineMaterials/BaseFlattenDiffuseMap.uasset" 3562
"../../../Engine/Content/EngineMaterials/BaseFlattenEmissiveMap.uasset" 3563
"../../../Engine/Content/EngineMaterials/BaseFlattenGrayscaleMap.uasset" 3564
"../../../Engine/Content/EngineMaterials/BaseFlattenLinearColor.uasset" 3565
"../../../Engine/Content/Functions/Engine_MaterialFunctions02/PivotPainter2/Black_1x1_EXR_Texture.uasset" 3566
"/Engine/EngineMaterials/FlattenMaterial_VT" 3567
"../../../Engine/Content/EngineMaterials/FlattenMaterial_VT.uasset" 3568
"../../../Engine/Content/EngineMaterials/BaseFlattenDiffuseMap_VT.uasset" 3569
"../../../Engine/Content/EngineMaterials/BaseFlattenEmissiveMap_VT.uasset" 3570
"../../../Engine/Content/EngineMaterials/BaseFlattenGrayscaleMap_VT.uasset" 3571
"../../../Engine/Content/EngineMaterials/BaseFlattenLinearColor_VT.uasset" 3572
"../../../Engine/Content/EngineMaterials/BaseFlattenNormalMap_VT.uasset" 3573
"../../../Engine/Content/EngineMaterials/Black_1x1_EXR_Texture_VT.uasset" 3574
"/Engine/EngineMaterials/FlattenMaterial_WS_Normal_VT" 3575
"../../../Engine/Content/EngineMaterials/FlattenMaterial_WS_Normal_VT.uasset" 3576
"/Engine/EngineMaterials/Good64x64TilingNoiseHighFreq" 3577
"../../../Engine/Content/EngineMaterials/Good64x64TilingNoiseHighFreq.uasset" 3578
"/Engine/EngineMaterials/DefaultBokeh" 3579
"../../../Engine/Content/EngineMaterials/DefaultBokeh.uasset" 3580
"/Engine/EngineMaterials/MiniFont" 3581
"../../../Engine/Content/EngineMaterials/MiniFont.uasset" 3582
"/Engine/EngineMaterials/WeightMapPlaceholderTexture" 3583
"../../../Engine/Content/EngineMaterials/WeightMapPlaceholderTexture.uasset" 3584
"/Engine/EngineMaterials/WeightMapArrayPlaceholderTexture" 3585
"../../../Engine/Content/EngineMaterials/WeightMapArrayPlaceholderTexture.uasset" 3586
"/Engine/EngineMaterials/DefaultWhiteGrid" 3587
"../../../Engine/Content/EngineMaterials/DefaultWhiteGrid.uasset" 3588
"/Engine/EngineMaterials/PreintegratedSkinBRDF" 3589
"../../../Engine/Content/EngineMaterials/PreintegratedSkinBRDF.uasset" 3590
"/Engine/EngineMaterials/LTC/GGX_LTCAmp" 3591
"../../../Engine/Content/EngineMaterials/LTC/GGX_LTCAmp.uasset" 3592
"/Engine/EngineMaterials/LTC/GGX_LTCMat" 3593
"../../../Engine/Content/EngineMaterials/LTC/GGX_LTCMat.uasset" 3594
"/Engine/EngineMaterials/EnergyConservation/GGX_ReflectionEnergy" 3595
"../../../Engine/Content/EngineMaterials/EnergyConservation/GGX_ReflectionEnergy.uasset" 3596
"/Engine/EngineMaterials/EnergyConservation/GGX_TransmissionEnergyArray" 3597
"../../../Engine/Content/EngineMaterials/EnergyConservation/GGX_TransmissionEnergyArray.uasset" 3598
"/Engine/EngineMaterials/EnergyConservation/SheenLegacy_Energy" 3599
"../../../Engine/Content/EngineMaterials/EnergyConservation/SheenLegacy_Energy.uasset" 3600
"/Engine/EngineMaterials/DefaultPhysicalMaterial" 3601
"../../../Engine/Content/EngineMaterials/DefaultPhysicalMaterial.uasset" 3602
"/Engine/EngineMaterials/DefaultDestructiblePhysicalMaterial" 3603
"../../../Engine/Content/EngineMaterials/DefaultDestructiblePhysicalMaterial.uasset" 3604
"C:/Users/rexge/AppData/Local/UnrealEngine/Editor/ProjectEditorRecords.json" 3605
"/Niagara/ParameterDefinitions/SpriteRenderer" 3606
"../../Plugins/FX/Niagara/Content/ParameterDefinitions/SpriteRenderer.uasset" 3607
"/Niagara/ParameterDefinitions/RibbonRenderer" 3608
"../../Plugins/FX/Niagara/Content/ParameterDefinitions/RibbonRenderer.uasset" 3609
"/Niagara/ParameterDefinitions/MeshRenderer" 3610
"../../Plugins/FX/Niagara/Content/ParameterDefinitions/MeshRenderer.uasset" 3611
"/Niagara/ParameterDefinitions/LightRenderer" 3612
"../../Plugins/FX/Niagara/Content/ParameterDefinitions/LightRenderer.uasset" 3613
"/Niagara/ParameterDefinitions/DecalRenderer" 3614
"../../Plugins/FX/Niagara/Content/ParameterDefinitions/DecalRenderer.uasset" 3615
"/Niagara/ParameterDefinitions/CoreParameters" 3616
"../../Plugins/FX/Niagara/Content/ParameterDefinitions/CoreParameters.uasset" 3617
"/DeformerGraph/Deformers/DG_LinearBlendSkin_Morph_Cloth" 3618
"../../Plugins/Animation/DeformerGraph/Content/Deformers/DG_LinearBlendSkin_Morph_Cloth.uasset" 3619
"../../Plugins/Animation/DeformerGraph/Content/DeformerFunctions/DG_Function_LinearBlendSkin_Morph_Cloth.uasset" 3620
"/DeformerGraph/Deformers/DG_LinearBlendSkin_Morph_Cloth_RecomputeNormals" 3621
"../../Plugins/Animation/DeformerGraph/Content/Deformers/DG_LinearBlendSkin_Morph_Cloth_RecomputeNormals.uasset" 3622
"../../Plugins/Animation/DeformerGraph/Content/DeformerFunctions/DG_Function_ComputeNormalsTangents.uasset" 3623
"../../Plugins/Animation/DeformerGraph/Content/DeformerFunctions/DG_Function_LinearBlendSkin_Morph_Cloth_PositionOnly.uasset" 3624
"/Engine/BasicShapes/Sphere" 3625
"../../../Engine/Content/BasicShapes/Sphere.uasset" 3626
"../../../Engine/Content/EngineMaterials/DefaultMaterial.uasset" 3627
"/Engine/BasicShapes/Cylinder" 3628
"../../../Engine/Content/BasicShapes/Cylinder.uasset" 3629
"/Engine/BasicShapes/Cone" 3630
"../../../Engine/Content/BasicShapes/Cone.uasset" 3631
"/Engine/EditorResources/SequenceRecorder/Countdown" 3632
"../../../Engine/Content/EditorResources/SequenceRecorder/Countdown.uasset" 3633
"/Engine/EditorResources/SequenceRecorder/RecordingIndicator" 3634
"../../../Engine/Content/EditorResources/SequenceRecorder/RecordingIndicator.uasset" 3635
"/Engine/EditorMaterials/PhAT_UnselectedMaterial" 3636
"../../../Engine/Content/EditorMaterials/PhAT_UnselectedMaterial.uasset" 3637
"/Engine/EditorMaterials/PhAT_NoCollisionMaterial" 3638
"../../../Engine/Content/EditorMaterials/PhAT_NoCollisionMaterial.uasset" 3639
"/Engine/EngineFonts/DroidSansMono" 3640
"../../../Engine/Content/EngineFonts/DroidSansMono.uasset" 3641
"../../../Engine/Content/EngineFonts/Faces/DroidSansMono.uasset" 3642
"../../../Engine/Documentation/Source/Shared/Types/ABrush/ABrush.INT.udn" 3643
"../../../Engine/Content/Internationalization/icudt64l/brkitr/en_US.res" 3644
"../../../Engine/Content/Internationalization/icudt64l/brkitr/en.res" 3645
"../../../Engine/Content/Internationalization/icudt64l/brkitr/root.res" 3646
"../../../Engine/Content/Internationalization/icudt64l/brkitr/char.brk" 3647
"../../../Engine/Content/Internationalization/icudt64l/brkitr/word.brk" 3648
"../../../../../../Users/rexge/Documents/Unreal Projects/JR_PRJ4//Build/Android/ManifestRequirementsAdditions.txt" 3649
"/Engine/EditorResources/S_Terrain" 3650
"../../../Engine/Content/EditorResources/S_Terrain.uasset" 3651
"../../../Engine/Plugins/FX/Niagara/Shaders/Private/NiagaraDataInterfaceTexture2DArrayTemplate.ush" 3652
"../../../Engine/Plugins/FX/Niagara/Shaders/Private/NiagaraDataInterfaceActorComponentTemplate.ush" 3653
"../../../Engine/Plugins/FX/Niagara/Shaders/Private/NiagaraDataInterfaceArrayTemplate.ush" 3654
"../../../Engine/Plugins/FX/Niagara/Shaders/Private/NiagaraDataInterfaceArrayRWTemplate.ush" 3655
"../../../Engine/Plugins/FX/Niagara/Shaders/Private/NiagaraDataInterfaceAsyncGpuTrace.ush" 3656
"../../../Engine/Plugins/FX/Niagara/Shaders/Private/NiagaraDataInterfaceAsyncGpuTraceTemplate.ush" 3657
"../../../Engine/Plugins/FX/Niagara/Shaders/Private/NiagaraDataInterfaceCamera.ush" 3658
"../../../Engine/Plugins/Experimental/ChaosNiagara/Shaders/NiagaraDataInterfaceChaosDestruction.ush" 3659
"../../../Engine/Plugins/FX/Niagara/Shaders/Private/NiagaraDataInterfaceCollisionQuery.ush" 3660
"../../../Engine/Plugins/FX/Niagara/Shaders/Private/NiagaraDataInterfaceCollisionQueryTemplate.ush" 3661
"../../../Engine/Plugins/FX/Niagara/Shaders/Private/NiagaraDataInterfaceCurveTemplate.ush" 3662
"../../../Engine/Plugins/FX/Niagara/Shaders/Private/NiagaraDataInterfaceCubeTextureTemplate.ush" 3663
"../../../Engine/Plugins/FX/Niagara/Shaders/Private/DataChannel/NiagaraDataInterfaceDataChannelCommon.ush" 3664
"../../../Engine/Plugins/FX/Niagara/Shaders/Private/DataChannel/NiagaraDataInterfaceDataChannelTemplateCommon.ush" 3665
"../../../Engine/Plugins/FX/Niagara/Shaders/Private/DataChannel/NiagaraDataInterfaceDataChannelTemplateReadCommon.ush" 3666
"../../../Engine/Plugins/FX/Niagara/Shaders/Private/DataChannel/NiagaraDataInterfaceDataChannelTemplate_Read.ush" 3667
"../../../Engine/Plugins/FX/Niagara/Shaders/Private/DataChannel/NiagaraDataInterfaceDataChannelTemplate_Consume.ush" 3668
"../../../Engine/Plugins/FX/Niagara/Shaders/Private/DataChannel/NiagaraDataInterfaceDataChannelTemplateWriteCommon.ush" 3669
"../../../Engine/Plugins/FX/Niagara/Shaders/Private/DataChannel/NiagaraDataInterfaceDataChannelTemplate_Append.ush" 3670
"../../../Engine/Plugins/FX/Niagara/Shaders/Private/NiagaraDataInterfaceDataTableTemplate.ush" 3671
"../../../Engine/Plugins/FX/Niagara/Shaders/Private/NiagaraDataInterfaceDebugDraw.ush" 3672
"../../../Engine/Plugins/FX/Niagara/Shaders/Private/NiagaraDataInterfaceDebugDrawTemplate.ush" 3673
"../../../Engine/Plugins/FX/Niagara/Shaders/Private/NiagaraDataInterfaceDynamicMeshTemplate.ush" 3674
"../../../Engine/Plugins/FX/Niagara/Shaders/Private/NiagaraDataInterfaceEmitterPropertiesTemplate.ush" 3675
"../../../Engine/Plugins/FX/Niagara/Shaders/Private/NiagaraDataInterfaceExportTemplate.ush" 3676
"../../../Engine/Plugins/FX/Niagara/Shaders/Private/NiagaraDataInterfaceGBufferTemplate.ush" 3677
"../../../Engine/Plugins/Experimental/ChaosNiagara/Shaders/NiagaraDataInterfaceGeometryCollection.ush" 3678
"../../../Engine/Plugins/FX/Niagara/Shaders/Private/NiagaraTransformUtils.ush" 3679
"../../../Engine/Plugins/Runtime/HairStrands/Shaders/Private/NiagaraStrandsExternalForce.ush" 3680
"../../../Engine/Plugins/Runtime/HairStrands/Shaders/Private/NiagaraHookeSpringMaterial.ush" 3681
"../../../Engine/Plugins/Runtime/HairStrands/Shaders/Private/NiagaraAngularSpringMaterial.ush" 3682
"../../../Engine/Plugins/Runtime/HairStrands/Shaders/Private/NiagaraConstantVolumeMaterial.ush" 3683
"../../../Engine/Plugins/Runtime/HairStrands/Shaders/Private/NiagaraCosseratRodMaterial.ush" 3684
"../../../Engine/Plugins/Runtime/HairStrands/Shaders/Private/NiagaraStaticCollisionConstraint.ush" 3685
"../../../Engine/Plugins/Runtime/HairStrands/Shaders/Private/NiagaraDataInterfaceHairStrands.ush" 3686
"../../../Engine/Plugins/Runtime/HairStrands/Shaders/Private/NiagaraDataInterfaceHairStrandsTemplate.ush" 3687
"../../../Engine/Plugins/FX/Niagara/Shaders/Private/NiagaraDataInterfaceIntRenderTarget2D.ush" 3688
"../../../Engine/Plugins/FX/Niagara/Shaders/Private/NiagaraDataInterfaceLandscape.ush" 3689
"../../../Engine/Plugins/FX/Niagara/Shaders/Private/NiagaraDataInterfaceMemoryBufferTemplate.ush" 3690
"../../../Engine/Plugins/FX/Niagara/Shaders/Private/NiagaraDataInterfaceMeshRendererInfoTemplate.ush" 3691
"../../../Engine/Plugins/FX/Niagara/Shaders/Private/NiagaraDataInterfaceOcclusion.ush" 3692
"../../../Engine/Plugins/FX/Niagara/Shaders/Private/NiagaraDataInterfacePhysicsAsset.ush" 3693
"../../../Engine/Plugins/Experimental/ChaosNiagara/Shaders/NiagaraDataInterfacePhysicsField.ush" 3694
"../../../Engine/Plugins/FX/Niagara/Shaders/Private/NiagaraDataInterfacePlatformSetTemplate.ush" 3695
"../../../Engine/Plugins/Runtime/HairStrands/Shaders/Private/NiagaraDataInterfaceVelocityGrid.ush" 3696
"../../../Engine/Plugins/Runtime/HairStrands/Shaders/Private/NiagaraDataInterfaceVelocityGridTemplate.ush" 3697
"../../../Engine/Plugins/Runtime/HairStrands/Shaders/Private/NiagaraDataInterfacePressureGrid.ush" 3698
"../../../Engine/Plugins/Runtime/HairStrands/Shaders/Private/NiagaraDataInterfacePressureGridTemplate.ush" 3699
"../../../Engine/Plugins/FX/Niagara/Shaders/Private/NiagaraDataInterfaceRenderTarget2DTemplate.ush" 3700
"../../../Engine/Plugins/FX/Niagara/Shaders/Private/NiagaraDataInterfaceRenderTarget2DArrayTemplate.ush" 3701
"../../../Engine/Plugins/FX/Niagara/Shaders/Private/NiagaraDataInterfaceRenderTargetCubeTemplate.ush" 3702
"../../../Engine/Plugins/FX/Niagara/Shaders/Private/NiagaraDataInterfaceRenderTargetVolumeTemplate.ush" 3703
"../../../Engine/Plugins/FX/Niagara/Shaders/Private/NiagaraDataInterfaceRigidMeshCollisionQuery.ush" 3704
"../../../Engine/Plugins/FX/Niagara/Shaders/Private/NiagaraDistanceFieldQueries.ush" 3705
"../../../Engine/Plugins/FX/Niagara/Shaders/Private/NiagaraDataInterfaceSceneCapture2DTemplate.ush" 3706
"../../../Engine/Plugins/FX/Niagara/Shaders/Private/NiagaraDataInterfaceSimCacheReaderTemplate.ush" 3707
"../../../Engine/Plugins/FX/Niagara/Shaders/Private/NiagaraDataInterfaceSimpleCounterTemplate.ush" 3708
"../../../Engine/Plugins/FX/Niagara/Shaders/Private/NiagaraDataInterfaceSkeletalMesh.ush" 3709
"../../../Engine/Plugins/FX/Niagara/Shaders/Private/NiagaraBaryCentricUtils.ush" 3710
"../../../Engine/Plugins/FX/Niagara/Shaders/Private/NiagaraDataInterfaceSkeletalMeshTemplate.ush" 3711
"../../../Engine/Plugins/FX/Niagara/Shaders/Private/NiagaraDataInterfaceSocketReaderTemplate.ush" 3712
"../../../Engine/Plugins/FX/Niagara/Shaders/Private/NiagaraDataInterfaceSparseVolumeTextureTemplate.ush" 3713
"../../../Engine/Plugins/FX/Niagara/Shaders/Private/NiagaraDataInterfaceSplineTemplate.ush" 3714
"../../../Engine/Plugins/FX/Niagara/Shaders/Private/NiagaraDataInterfaceSpriteRendererInfoTemplate.ush" 3715
"../../../Engine/Plugins/FX/Niagara/Shaders/Private/NiagaraDataInterfaceStaticMeshTemplate.ush" 3716
"../../../Engine/Plugins/FX/Niagara/Shaders/Private/NiagaraDataInterfaceTextureTemplate.ush" 3717
"../../../Engine/Plugins/FX/Niagara/Shaders/Private/NiagaraDataInterfaceVirtualTexture.ush" 3718
"../../../Engine/Plugins/FX/Niagara/Shaders/Private/NiagaraDataInterfaceVirtualTextureTemplate.ush" 3719
"../../../Engine/Plugins/FX/Niagara/Shaders/Private/NiagaraDataInterfaceVolumeCache.ush" 3720
"../../../Engine/Plugins/FX/Niagara/Shaders/Private/NiagaraDataInterfaceVolumeTextureTemplate.ush" 3721
"/Game/VRTemplate/VFX/NPC_VRTemplate" 3722
"../../../../../../Users/rexge/Documents/Unreal Projects/JR_PRJ4/Content/VRTemplate/VFX/NPC_VRTemplate.uasset" 3723
"../../../Engine/Shaders/Public/Platform/Vulkan/VulkanCommon.ush" 3724
"../../../Engine/Shaders/Public/Platform/Vulkan/VulkanSubpassSupport.ush" 3725
"C:/Users/rexge/Documents/Unreal Projects/JR_PRJ4/Content/Weapons/Pistol/Textures/T_Pistol_N.uasset" 3726
"C:/Users/rexge/Documents/Unreal Projects/JR_PRJ4/Content/Weapons/Pistol/Textures/T_Pistol_D.uasset" 3727
"../../../Engine/Content/Engine_MI_Shaders/T_Normal.uasset" 3728
"C:/Users/rexge/Documents/Unreal Projects/JR_PRJ4/Content/Weapons/Pistol/Textures/T_Pistol_AORM.uasset" 3729
"C:/Users/rexge/Documents/Unreal Projects/JR_PRJ4/Content/VRTemplate/Haptics/PistolFireHapticEffect.uasset" 3730
"C:/Users/rexge/Documents/Unreal Projects/JR_PRJ4/Content/Weapons/Pistol/Textures/T_Pistol_Masks.uasset" 3731
"C:/Users/rexge/Documents/Unreal Projects/JR_PRJ4/Content/VRTemplate/Input/IMC_Weapon_Right.uasset" 3732
"C:/Users/rexge/Documents/Unreal Projects/JR_PRJ4/Content/VRTemplate/Blueprints/Pistol.uasset" 3733
"C:/Users/rexge/Documents/Unreal Projects/JR_PRJ4/Content/VRTemplate/Input/Actions/IA_Shoot_Right.uasset" 3734
"C:/Users/rexge/Documents/Unreal Projects/JR_PRJ4/Content/Weapons/Pistol/Meshes/SM_Pistol.uasset" 3735
"/Game/Weapons/Pistol/Textures/T_Pistol_D" 3736
"C:/Users/rexge/Documents/Unreal Projects/JR_PRJ4/Content/SoundEffects/spinopel-air-gun-toy-364843.uasset" 3737
"C:/Users/rexge/Documents/Unreal Projects/JR_PRJ4/Content/VRTemplate/Materials/MI_Grid_Accent.uasset" 3738
"C:/Users/rexge/Documents/Unreal Projects/JR_PRJ4/Content/gum1/room/texture.uasset" 3739
"C:/Users/rexge/Documents/Unreal Projects/JR_PRJ4/Content/Weapons/Rifle/Materials/M_Weapon.uasset" 3740
"C:/Users/rexge/Documents/Unreal Projects/JR_PRJ4/Content/SoundEffects/bithuh-vine-boom-392646.uasset" 3741
"C:/Users/rexge/Documents/Unreal Projects/JR_PRJ4/Content/LevelPrototyping/Textures/T_GridChecker_A.uasset" 3742
"../../../Engine/Content/Functions/Engine_MaterialFunctions01/Gradient/LinearGradient.uasset" 3743
"C:/Users/rexge/Documents/Unreal Projects/JR_PRJ4/Content/VRTemplate/Input/Actions/IA_Shoot_Left.uasset" 3744
"C:/Users/rexge/Documents/Unreal Projects/JR_PRJ4/Content/VRTemplate/Materials/M_GridRotation.uasset" 3745
"../../../Engine/Content/Functions/Engine_MaterialFunctions01/Texturing/WorldAlignedTexture.uasset" 3746
"../../../Engine/Content/Functions/Engine_MaterialFunctions01/ImageAdjustment/CheapContrast.uasset" 3747
"C:/Users/rexge/Documents/Unreal Projects/JR_PRJ4/Content/VRTemplate/Input/IMC_Weapon_Left.uasset" 3748
"../../../Engine/Content/Functions/Engine_MaterialFunctions02/Utility/AppendMany.uasset" 3749
"C:/Users/rexge/Documents/Unreal Projects/JR_PRJ4/Content/LevelPrototyping/Materials/M_PrototypeGrid.uasset" 3750
"C:/Users/rexge/Documents/Unreal Projects/JR_PRJ4/Content/LevelPrototyping/Materials/MI_PrototypeGrid_Gray.uasset" 3751
"C:/Users/rexge/Documents/Unreal Projects/JR_PRJ4/Content/VRTemplate/Textures/T_Grid.uasset" 3752
"C:/Users/rexge/Documents/Unreal Projects/JR_PRJ4/Content/Weapons/Pistol/Materials/MI_Weapon_Pistol.uasset" 3753
"C:/Users/rexge/Documents/Unreal Projects/JR_PRJ4/Content/VRTemplate/Materials/MI_Grid_Default.uasset" 3754
"C:/Users/rexge/Documents/Unreal Projects/JR_PRJ4/Content/LevelPrototyping/Materials/MF_ProcGrid.uasset" 3755
"C:/Users/rexge/Documents/Unreal Projects/JR_PRJ4/Content/Weapons/Rifle/M_Weapon.uasset" 3756
"../../../Engine/Content/MaterialTemplates/LayerBlends/T_DefaultMaskTexture.uasset" 3757
"/Game/Weapons/Pistol/Textures/T_Pistol_N" 3758
"/Engine/Engine_MI_Shaders/T_Normal" 3759
"/Game/VRTemplate/Haptics/PistolFireHapticEffect" 3760
"C:/Users/rexge/Documents/Unreal Projects/JR_PRJ4/Content/LevelPrototyping/Meshes/SM_Cube.uasset" 3761
"C:/Users/rexge/Documents/Unreal Projects/JR_PRJ4/Content/VRTemplate/Materials/M_Projectile.uasset" 3762
"C:/Users/rexge/Documents/Unreal Projects/JR_PRJ4/Content/VRTemplate/Blueprints/Projectile.uasset" 3763
"/Game/Weapons/Pistol/Textures/T_Pistol_AORM" 3764
"C:/Users/rexge/Documents/Unreal Projects/JR_PRJ4/Content/VRTemplate/Materials/MI_Projectile.uasset" 3765
"/Game/Weapons/Pistol/Textures/T_Pistol_Masks" 3766
"/Engine/MaterialTemplates/LayerBlends/T_DefaultMaskTexture" 3767
"/Game/Weapons/Rifle/Materials/M_Weapon" 3768
"/Game/Weapons/Rifle/M_Weapon" 3769
"/Game/Weapons/Pistol/Materials/MI_Weapon_Pistol" 3770
"/Game/Weapons/Pistol/Meshes/SM_Pistol" 3771
"/Game/VRTemplate/Input/Actions/IA_Shoot_Left" 3772
"/Game/VRTemplate/Input/IMC_Weapon_Left" 3773
"/Game/VRTemplate/Input/Actions/IA_Shoot_Right" 3774
"/Game/VRTemplate/Input/IMC_Weapon_Right" 3775
"/Game/SoundEffects/bithuh-vine-boom-392646" 3776
"/Game/SoundEffects/spinopel-air-gun-toy-364843" 3777
"/Game/VRTemplate/Materials/MI_Grid_Accent" 3778
"/Game/VRTemplate/Materials/MI_Grid_Default" 3779
"/Game/gum1/room/texture" 3780
"/Game/gum1/room/texture_Mat" 3781
"/Game/LevelPrototyping/Materials/MF_ProcGrid" 3782
"/Game/LevelPrototyping/Materials/M_PrototypeGrid" 3783
"/Game/LevelPrototyping/Materials/MI_PrototypeGrid_Gray" 3784
"C:/Users/rexge/Documents/Unreal Projects/JR_PRJ4/Content/Characters/MannequinsXR/Meshes/SKM_MannyXR_right.uasset" 3785
"C:/Users/rexge/Documents/Unreal Projects/JR_PRJ4/Content/Characters/MannequinsXR/Materials/Functions/CA_Mannequin.uasset" 3786
"C:/Users/rexge/Documents/Unreal Projects/JR_PRJ4/Content/Characters/MannequinsXR/Materials/Functions/MF_Diffraction.uasset" 3787
"C:/Users/rexge/Documents/Unreal Projects/JR_PRJ4/Content/Characters/MannequinsXR/Textures/Shared/T_UE_Logo_M.uasset" 3788
"C:/Users/rexge/Documents/Unreal Projects/JR_PRJ4/Content/Characters/MannequinsXR/Textures/Manny/T_Manny_01_CCRCCPlastic_MSK.uasset" 3789
"/Game/VRTemplate/Blueprints/Projectile" 3790
"C:/Users/rexge/Documents/Unreal Projects/JR_PRJ4/Content/Characters/MannequinsXR/Textures/Manny/T_Manny_01_ASAOPMASK_MSK.uasset" 3791
"C:/Users/rexge/Documents/Unreal Projects/JR_PRJ4/Content/Characters/MannequinsXR/Materials/Functions/ML_BaseColorFallOff.uasset" 3792
"C:/Users/rexge/Documents/Unreal Projects/JR_PRJ4/Content/Characters/MannequinsXR/Textures/Manny/T_Manny_01_N.uasset" 3793
"C:/Users/rexge/Documents/Unreal Projects/JR_PRJ4/Content/Characters/MannequinsXR/Textures/Manny/T_Manny_01_Tan.uasset" 3794
"C:/Users/rexge/Documents/Unreal Projects/JR_PRJ4/Content/Characters/MannequinsXR/Textures/Manny/T_Manny_02_MSR_MSK.uasset" 3795
"C:/Users/rexge/Documents/Unreal Projects/JR_PRJ4/Content/Characters/MannequinsXR/Textures/Manny/T_Manny_02_BN.uasset" 3796
"C:/Users/rexge/Documents/Unreal Projects/JR_PRJ4/Content/Characters/MannequinsXR/Textures/Manny/T_Manny_02_ASAOPMASK_MSK.uasset" 3797
"C:/Users/rexge/Documents/Unreal Projects/JR_PRJ4/Content/Characters/MannequinsXR/Textures/Manny/T_Manny_01_BN.uasset" 3798
"C:/Users/rexge/Documents/Unreal Projects/JR_PRJ4/Content/Characters/MannequinsXR/Textures/Manny/T_Manny_02_CCRCCPlastic_MSK.uasset" 3799
"C:/Users/rexge/Documents/Unreal Projects/JR_PRJ4/Content/Characters/MannequinsXR/Materials/Instances/Manny/MI_Manny_01.uasset" 3800
"C:/Users/rexge/Documents/Unreal Projects/JR_PRJ4/Content/Characters/MannequinsXR/Materials/M_Mannequin.uasset" 3801
"C:/Users/rexge/Documents/Unreal Projects/JR_PRJ4/Content/Characters/MannequinsXR/Textures/Manny/T_Manny_02_D.uasset" 3802
"C:/Users/rexge/Documents/Unreal Projects/JR_PRJ4/Content/Characters/MannequinsXR/Materials/Instances/Manny/MI_Manny_02.uasset" 3803
"C:/Users/rexge/Documents/Unreal Projects/JR_PRJ4/Content/Characters/MannequinsXR/Textures/Manny/T_Manny_01_MSR_MSK.uasset" 3804
"C:/Users/rexge/Documents/Unreal Projects/JR_PRJ4/Content/Characters/MannequinsXR/Meshes/SkeletalMeshLODSettings_MannequinsXR.uasset" 3805
"C:/Users/rexge/Documents/Unreal Projects/JR_PRJ4/Content/Characters/MannequinsXR/Textures/Manny/T_Manny_02_Tan.uasset" 3806
"C:/Users/rexge/Documents/Unreal Projects/JR_PRJ4/Content/Characters/MannequinsXR/Materials/Functions/MF_logo3layers.uasset" 3807
"C:/Users/rexge/Documents/Unreal Projects/JR_PRJ4/Content/Characters/MannequinsXR/Materials/Functions/ChromaticCurve.uasset" 3808
"C:/Users/rexge/Documents/Unreal Projects/JR_PRJ4/Content/Characters/MannequinsXR/Meshes/SKM_MannyXR_left.uasset" 3809
"C:/Users/rexge/Documents/Unreal Projects/JR_PRJ4/Content/Characters/MannequinsXR/Textures/Manny/T_Manny_01_D.uasset" 3810
"C:/Users/rexge/Documents/Unreal Projects/JR_PRJ4/Content/Characters/MannequinsXR/Textures/Manny/T_Manny_02_N.uasset" 3811
"C:/Users/rexge/Documents/Unreal Projects/JR_PRJ4/Content/Characters/MannequinsXR/Animations/A_MannequinsXR_Grasp_Right.uasset" 3812
"/Game/LevelPrototyping/Meshes/SM_Cube" 3813
"/Game/VRTemplate/Blueprints/Pistol" 3814
"../../../../../../Users/rexge/Documents/Unreal Projects/JR_PRJ4/Content/VRTemplate/Blueprints/BPI_PawnAnim.uasset" 3815
"../../../../../../Users/rexge/Documents/Unreal Projects/JR_PRJ4/Content/VRTemplate/Blueprints/GrabComponent.uasset" 3816
"../../../../../../Users/rexge/Documents/Unreal Projects/JR_PRJ4/Content/VRTemplate/Haptics/GrabHapticEffect.uasset" 3817
"../../../../../../Users/rexge/Documents/Unreal Projects/JR_PRJ4/Content/VRTemplate/Blueprints/GrabType.uasset" 3818
"C:/Users/rexge/Documents/Unreal Projects/JR_PRJ4/Content/Characters/MannequinsXR/Animations/A_MannequinsXR_Point_Right.uasset" 3819
"C:/Users/rexge/Documents/Unreal Projects/JR_PRJ4/Content/Characters/MannequinsXR/Animations/A_MannequinsXR_IndexCurl_Right.uasset" 3820
"../../../Engine/Content/Animation/DefaultAnimCurveCompressionSettings.uasset" 3821
"/Game/Characters/MannequinsXR/Meshes/SKM_MannyXR_left" 3822
"C:/Users/rexge/Documents/Unreal Projects/JR_PRJ4/Content/Characters/MannequinsXR/Animations/A_MannequinsXR_ThumbUp_Right.uasset" 3823
"C:/Users/rexge/Documents/Unreal Projects/JR_PRJ4/Content/Characters/MannequinsXR/Animations/A_MannequinsXR_Idle_Right.uasset" 3824
"../../../../../../Users/rexge/Documents/Unreal Projects/JR_PRJ4/Content/Characters/MannequinsXR/Meshes/SK_MannequinsXR.uasset" 3825
"../../../../../../Users/rexge/Documents/Unreal Projects/JR_PRJ4/Content/Characters/MannequinsXR/Meshes/SKM_MannyXR_left.uasset" 3826
"/Game/Characters/MannequinsXR/Meshes/SKM_MannyXR_right" 3827
"../../../../../../Users/rexge/Documents/Unreal Projects/JR_PRJ4/Content/Characters/MannequinsXR/Meshes/SKM_MannyXR_right.uasset" 3828
"C:/Users/rexge/Documents/Unreal Projects/JR_PRJ4/Content/Characters/MannequinsXR/Meshes/ABP_MannequinsXR.uasset" 3829
"C:/Users/rexge/Documents/Unreal Projects/JR_PRJ4/Content/Characters/MannequinsXR/B_MannequinsXR.uasset" 3830
"C:/Users/rexge/Documents/Unreal Projects/JR_PRJ4/Content/VRTemplate/Blueprints/WidgetMenu.uasset" 3831
"C:/Users/rexge/Documents/Unreal Projects/JR_PRJ4/Content/Characters/MannequinsXR/Animations/MDT_MannequinsXR.uasset" 3832
"C:/Users/rexge/Documents/Unreal Projects/JR_PRJ4/Content/VRTemplate/Blueprints/B_AssetGuideline.uasset" 3833
"C:/Users/rexge/Documents/Unreal Projects/JR_PRJ4/Content/VRTemplate/Input/Actions/IA_Menu_Interact_Left_Pressed.uasset" 3834
"C:/Users/rexge/Documents/Unreal Projects/JR_PRJ4/Content/VRTemplate/Input/Actions/IA_Menu_Cursor_Right.uasset" 3835
"C:/Users/rexge/Documents/Unreal Projects/JR_PRJ4/Content/VRTemplate/Input/IMC_Menu.uasset" 3836
"C:/Users/rexge/Documents/Unreal Projects/JR_PRJ4/Content/VRTemplate/Input/Actions/IA_Menu_Interact_Left.uasset" 3837
"../../../Engine/Plugins/FX/Niagara/Content/Modules/Spawn/Initialization/InitializeParticle.uasset" 3838
"C:/Users/rexge/Documents/Unreal Projects/JR_PRJ4/Content/VRTemplate/Materials/M_VRCursor.uasset" 3839
"../../../Engine/Content/EditorResources/AI/S_NavLink.uasset" 3840
"../../../Engine/Plugins/FX/Niagara/Content/Modules/Beams/BeamEmitterSetup.uasset" 3841
"../../../Engine/Plugins/FX/Niagara/Content/DynamicInputs/Helpers/SimulationPosition.uasset" 3842
"C:/Users/rexge/Documents/Unreal Projects/JR_PRJ4/Content/VRTemplate/Materials/DefaultRibbonMaterial_NoGradient.uasset" 3843
"../../../Engine/Plugins/FX/Niagara/Content/Functions/Localspace/TransformPosition.uasset" 3844
"../../../Engine/Plugins/FX/Niagara/Content/Modules/Beams/BeamWidth.uasset" 3845
"C:/Users/rexge/Documents/Unreal Projects/JR_PRJ4/Content/VRTemplate/VFX/NS_MenuLaser.uasset" 3846
"../../../Engine/Plugins/FX/Niagara/Content/DynamicInputs/ValueFromCurve/FloatFromCurve.uasset" 3847
"../../../Engine/Plugins/FX/Niagara/Content/Modules/Update/Color/Color.uasset" 3848
"C:/Users/rexge/Documents/Unreal Projects/JR_PRJ4/Content/VRTemplate/Blueprints/Menu.uasset" 3849
"/Game/Characters/MannequinsXR/Animations/A_MannequinsXR_Grasp_Right" 3850
"C:/Users/rexge/Documents/Unreal Projects/JR_PRJ4/Content/VRTemplate/Input/Actions/IA_Menu_Interact_Right_Pressed.uasset" 3851
"C:/Users/rexge/Documents/Unreal Projects/JR_PRJ4/Content/VRTemplate/Input/Actions/IA_Menu_Cursor_Left.uasset" 3852
"../../../Engine/Plugins/FX/Niagara/Content/Functions/Spline/FindPositionOnBezierSpline.uasset" 3853
"../../../Engine/Plugins/FX/Niagara/Content/Modules/Beams/SpawnBeam.uasset" 3854
"C:/Users/rexge/Documents/Unreal Projects/JR_PRJ4/Content/VRTemplate/Input/Actions/IA_Menu_Interact_Right.uasset" 3855
"/Game/Characters/MannequinsXR/Animations/A_MannequinsXR_ThumbUp_Right" 3856
"/Game/Characters/MannequinsXR/Animations/A_MannequinsXR_Point_Right" 3857
"/Game/Characters/MannequinsXR/Animations/A_MannequinsXR_IndexCurl_Right" 3858
"/Game/Characters/MannequinsXR/Animations/A_MannequinsXR_Idle_Right" 3859
"/Game/VRTemplate/Input/Actions/IA_Menu_Interact_Left_Pressed" 3860
"/Game/VRTemplate/Blueprints/B_AssetGuideline" 3861
"/Game/Characters/MannequinsXR/B_MannequinsXR" 3862
"../../../Engine/Plugins/FX/Niagara/Content/Icons/Modules/T_Icon_Solver_RotationalSolve.uasset" 3863
"../../../Engine/Plugins/FX/Niagara/Content/Modules/Solvers/ApplyRotationVector.uasset" 3864
"../../../Engine/Plugins/FX/Niagara/Content/Icons/Modules/T_Icon_Solver_LimitSpeed.uasset" 3865
"../../../Engine/Plugins/FX/Niagara/Content/Functions/Drag/DragVelocity.uasset" 3866
"../../../Engine/Plugins/FX/Niagara/Content/DynamicInputs/ValueFromCurve/ColorFromCurve.uasset" 3867
"/Niagara/Modules/Beams/SpawnBeam" 3868
"../../../Engine/Plugins/FX/Niagara/Content/DynamicInputs/Execution/ReturnExecIndex.uasset" 3869
"../../../Engine/Plugins/FX/Niagara/Content/Functions/Math/CentimeterMeterConversion.uasset" 3870
"../../../Engine/Plugins/FX/Niagara/Content/Icons/Modules/T_Icon_Solver_LimitAccel.uasset" 3871
"../../../Engine/Plugins/FX/Niagara/Content/Modules/Solvers/SolveForcesAndVelocity.uasset" 3872
"../../../Engine/Plugins/FX/Niagara/Content/DynamicInputs/Arrays/SelectVectorFromArray.uasset" 3873
"C:/Users/rexge/Documents/Unreal Projects/JR_PRJ4/Content/VRTemplate/VFX/NS_TeleportTrace.uasset" 3874
"../../Plugins/FX/Niagara/Content/Functions/NormalizedExecutionIndex.uasset" 3875
"/Niagara/Modules/Beams/BeamWidth" 3876
"/Niagara/Modules/Beams/BeamEmitterSetup" 3877
"../../Plugins/FX/Niagara/Content/DynamicInputs/Multiply/Multiply_VectorByFloat.uasset" 3878
"../../Plugins/FX/Niagara/Content/Functions/DirectionAndLengthSafe.uasset" 3879
"../../Plugins/FX/Niagara/Content/Functions/Localspace/TransformVector.uasset" 3880
"../../Plugins/FX/Niagara/Content/Functions/Localspace/TransformBase.uasset" 3881
"/Game/VRTemplate/Materials/DefaultRibbonMaterial_NoGradient" 3882
"/Niagara/Modules/Spawn/Initialization/InitializeParticle" 3883
"../../Plugins/FX/Niagara/Content/Functions/Localspace/SimulationPosition.uasset" 3884
"../../Plugins/FX/Niagara/Content/Functions/RandomRangeFloat.uasset" 3885
"../../Plugins/FX/Niagara/Content/Modules/Spawn/Initialization/V2/InitializeParticle.uasset" 3886
"../../Plugins/FX/Niagara/Content/Enums/ENiagaraRandomnessMode.uasset" 3887
"../../Plugins/FX/Niagara/Content/Functions/GetRandomInfo.uasset" 3888
"../../Plugins/FX/Niagara/Content/Functions/LinearColor/HueShiftLinearColor.uasset" 3889
"../../Plugins/FX/Niagara/Content/Functions/V2/CalculateRandomBool.uasset" 3890
"../../Plugins/FX/Niagara/Content/Functions/V2/CalculateRandomRange.uasset" 3891
"../../Plugins/FX/Niagara/Content/Functions/V2/CalculateRandomRangeFloat.uasset" 3892
"../../Plugins/FX/Niagara/Content/Functions/V2/CalculateRandomRangeInteger.uasset" 3893
"../../Plugins/FX/Niagara/Content/Enums/ENiagara_ColorInitializationMode.uasset" 3894
"../../Plugins/FX/Niagara/Content/Enums/ENiagara_LifetimeMode.uasset" 3895
"../../Plugins/FX/Niagara/Content/Enums/ENiagara_MassInitializationMode.uasset" 3896
"../../Plugins/FX/Niagara/Content/Enums/ENiagara_PositionInitializationMode.uasset" 3897
"../../Plugins/FX/Niagara/Content/Enums/ENiagara_SizeScaleMode.uasset" 3898
"../../Plugins/FX/Niagara/Content/Enums/ENiagara_SpriteRotationMode.uasset" 3899
"../../Plugins/FX/Niagara/Content/Enums/ENiagara_UVFlippingMode.uasset" 3900
"../../Plugins/FX/Niagara/Content/Enums/ENiagaraChannelCorrelation.uasset" 3901
"../../Plugins/FX/Niagara/Content/Enums/ENiagaraRandomnessEvaluation.uasset" 3902
"../../Plugins/FX/Niagara/Content/Enums/Ribbons/ENiagara_UnsetDirectSet.uasset" 3903
"../../Plugins/FX/Niagara/Content/Enums/Ribbons/ENiagara_UnsetDirectSetRandom.uasset" 3904
"/Game/VRTemplate/Blueprints/Menu" 3905
"../../../Engine/Content/EditorBlueprintResources/StandardMacros.uasset" 3906
"../../Plugins/FX/Niagara/Content/Modules/Emitter/EmitterState.uasset" 3907
"../../Plugins/FX/Niagara/Content/Modules/Emitter/SpawnBurst_Instantaneous.uasset" 3908
"../../Plugins/FX/Niagara/Content/Modules/System/SystemState.uasset" 3909
"../../Plugins/FX/Niagara/Content/Modules/Update/Lifetime/ParticleState.uasset" 3910
"../../Plugins/FX/Niagara/Content/Enums/ENiagara_EmitterStateOptions.uasset" 3911
"../../Plugins/FX/Niagara/Content/Enums/ENiagara_InfiniteLoopDuration.uasset" 3912
"../../Plugins/FX/Niagara/Content/Enums/ENiagaraEmitterLifeCycleMode.uasset" 3913
"../../Plugins/FX/Niagara/Content/Enums/ENiagaraEmitterScalabilityMode_Limited.uasset" 3914
"../../Plugins/FX/Niagara/Content/Enums/ENiagaraInactiveMode.uasset" 3915
"../../Plugins/FX/Niagara/Content/Enums/ENiagaraSystemInactiveMode.uasset" 3916
"../../Plugins/FX/Niagara/Content/Functions/Emitter/EmitterChangeState.uasset" 3917
"../../Plugins/FX/Niagara/Content/Icons/Modules/T_Icon_Scalability_Emitter.uasset" 3918
"../../Plugins/FX/Niagara/Content/Icons/Modules/T_Icon_Scalability_System.uasset" 3919
"../../Plugins/FX/Niagara/Content/Functions/System/SystemChangeState.uasset" 3920
"../../Plugins/FX/Niagara/Content/Functions/Math/SaturateFloat.uasset" 3921
"../../Plugins/FX/Niagara/Content/Icons/Modules/T_Icon_Particle_InfiniteLife.uasset" 3922
"/Niagara/DynamicInputs/ValueFromCurve/FloatFromCurve" 3923
"/Niagara/Modules/Update/Color/Color" 3924
"../../../Engine/Plugins/FX/Niagara/Content/Functions/Rotation/AxisAngleToQuaternion.uasset" 3925
"../../../Engine/Plugins/FX/Niagara/Content/Functions/ParametricTorus.uasset" 3926
"../../../Engine/Plugins/FX/Niagara/Content/Functions/ParametricTorusKnot.uasset" 3927
"../../../Engine/Plugins/FX/Niagara/Content/Functions/PolarToCartesianCoordinates.uasset" 3928
"../../../Engine/Plugins/FX/Niagara/Content/Functions/Localspace/PositionToVector.uasset" 3929
"../../../Engine/Plugins/FX/Niagara/Content/Enums/ENiagaraArraySamplingMode.uasset" 3930
"../../../Engine/Plugins/FX/Niagara/Content/Enums/ENiagaraVector4_Channels.uasset" 3931
"../../../Engine/Plugins/FX/Niagara/Content/Functions/Rotation/MultiplyQuaternion.uasset" 3932
"../../../Engine/Plugins/FX/Niagara/Content/Functions/Rotation/FindQuatBetween.uasset" 3933
"../../../Engine/Plugins/FX/Niagara/Content/Modules/Spawn/Location/TorusLocation.uasset" 3934
"C:/Users/rexge/Documents/Unreal Projects/JR_PRJ4/Content/VRTemplate/Materials/Functions/MF_OccludedPixels.uasset" 3935
"C:/Users/rexge/Documents/Unreal Projects/JR_PRJ4/Content/VRTemplate/Materials/M_TeleportCylinder.uasset" 3936
"../../../Engine/Plugins/FX/Niagara/Content/Functions/ChannelMasks/SelectV4Channel.uasset" 3937
"../../../Engine/Plugins/FX/Niagara/Content/DynamicInputs/Multiply/Multiply_Vector.uasset" 3938
"../../../Engine/Content/Functions/Engine_MaterialFunctions02/Utility/DepthFromWorldPosition.uasset" 3939
"../../../Engine/Plugins/FX/Niagara/Content/Functions/RandomRange.uasset" 3940
"../../../Engine/Plugins/FX/Niagara/Content/Functions/Rotation/MultiplyVectorWithQuaternion.uasset" 3941
"../../../Engine/Plugins/FX/Niagara/Content/Modules/Spawn/Initialization/InitializeRibbon.uasset" 3942
"C:/Users/rexge/Documents/Unreal Projects/JR_PRJ4/Content/VRTemplate/Materials/M_TeleportNoise.uasset" 3943
"C:/Users/rexge/Documents/Unreal Projects/JR_PRJ4/Content/VRTemplate/VFX/NS_PlayAreaBounds.uasset" 3944
"/Niagara/DynamicInputs/Execution/ReturnExecIndex" 3945
"../../../Engine/Plugins/FX/Niagara/Content/Enums/ENiagara_WrapClamp.uasset" 3946
"/Niagara/DynamicInputs/ValueFromCurve/ColorFromCurve" 3947
"/Niagara/Functions/Math/CentimeterMeterConversion" 3948
"/Niagara/Functions/Drag/DragVelocity" 3949
"/Niagara/Icons/Modules/T_Icon_Solver_LimitAccel" 3950
"/Niagara/Icons/Modules/T_Icon_Solver_LimitSpeed" 3951
"/Niagara/Icons/Modules/T_Icon_Solver_RotationalSolve" 3952
"/Niagara/Enums/ENiagaraArraySamplingMode" 3953
"../../../Engine/Plugins/FX/Niagara/Content/DynamicInputs/Execution/ReturnNormalizedExecIndex.uasset" 3954
"C:/Users/rexge/Documents/Unreal Projects/JR_PRJ4/Content/VRTemplate/Input/Actions/IA_Turn.uasset" 3955
"C:/Users/rexge/Documents/Unreal Projects/JR_PRJ4/Content/VRTemplate/Input/B_InputModifier_XAxisPositiveOnly.uasset" 3956
"C:/Users/rexge/Documents/Unreal Projects/JR_PRJ4/Content/VRTemplate/Blueprints/VRTeleportVisualizer.uasset" 3957
"../../../Engine/Plugins/FX/Niagara/Content/Enums/ENiagaraTorusDistributionMode.uasset" 3958
"/Game/VRTemplate/Materials/Functions/MF_OccludedPixels" 3959
"C:/Users/rexge/Documents/Unreal Projects/JR_PRJ4/Content/VRTemplate/VFX/NS_TeleportRing.uasset" 3960
"C:/Users/rexge/Documents/Unreal Projects/JR_PRJ4/Content/VRTemplate/Input/Actions/IA_Move.uasset" 3961
"../../../Engine/Plugins/FX/Niagara/Content/Enums/ENiagaraTorusMode.uasset" 3962
"/Game/VRTemplate/Materials/M_TeleportCylinder" 3963
"/Niagara/Modules/Spawn/Initialization/InitializeRibbon" 3964
"/Niagara/DynamicInputs/Arrays/SelectVectorFromArray" 3965
"/Niagara/Functions/Rotation/MultiplyQuaternion" 3966
"/Niagara/Functions/Rotation/MultiplyVectorWithQuaternion" 3967
"/Game/VRTemplate/VFX/NS_TeleportTrace" 3968
"/Niagara/Functions/Rotation/FindQuatBetween" 3969
"/Niagara/Functions/Localspace/PositionToVector" 3970
"/Niagara/Functions/PolarToCartesianCoordinates" 3971
"/Niagara/Functions/RandomRange" 3972
"/Niagara/Functions/ParametricTorusKnot" 3973
"/Niagara/Functions/ParametricTorus" 3974
"/Niagara/DynamicInputs/Multiply/Multiply_Vector" 3975
"/Game/VRTemplate/Materials/M_TeleportNoise" 3976
"/Niagara/Modules/Spawn/Location/TorusLocation" 3977
"C:/Users/rexge/Documents/Unreal Projects/JR_PRJ4/Content/VRTemplate/Input/Actions/Hands/IA_Hand_Point_Right.uasset" 3978
"C:/Users/rexge/Documents/Unreal Projects/JR_PRJ4/Content/VRTemplate/Input/Actions/Hands/IA_Hand_Point_Left.uasset" 3979
"C:/Users/rexge/Documents/Unreal Projects/JR_PRJ4/Content/VRTemplate/Input/IMC_Default.uasset" 3980
"C:/Users/rexge/Documents/Unreal Projects/JR_PRJ4/Content/VRTemplate/Input/Actions/Hands/IA_Hand_IndexCurl_Right.uasset" 3981
"C:/Users/rexge/Documents/Unreal Projects/JR_PRJ4/Content/VRTemplate/Input/Actions/Hands/IA_Hand_Grasp_Left.uasset" 3982
"C:/Users/rexge/Documents/Unreal Projects/JR_PRJ4/Content/VRTemplate/Input/Actions/Hands/IA_Hand_IndexCurl_Left.uasset" 3983
"C:/Users/rexge/Documents/Unreal Projects/JR_PRJ4/Content/VRTemplate/Input/IMC_Hands.uasset" 3984
"../../../Engine/Content/VREditor/Devices/Generic/GenericHMDMaterial.uasset" 3985
"../../../Engine/Content/VREditor/Devices/Generic/GenericHMD.uasset" 3986
"C:/Users/rexge/Documents/Unreal Projects/JR_PRJ4/Content/VRTemplate/Blueprints/VRPawn.uasset" 3987
"C:/Users/rexge/Documents/Unreal Projects/JR_PRJ4/Content/VRTemplate/Input/Actions/IA_Grab_Right_Pressed.uasset" 3988
"C:/Users/rexge/Documents/Unreal Projects/JR_PRJ4/Content/VRTemplate/Input/Actions/IA_Grab_Right_Released.uasset" 3989
"C:/Users/rexge/Documents/Unreal Projects/JR_PRJ4/Content/VRTemplate/Input/Actions/Hands/IA_Hand_ThumbUp_Right.uasset" 3990
"C:/Users/rexge/Documents/Unreal Projects/JR_PRJ4/Content/VRTemplate/Input/Actions/Hands/IA_Hand_ThumbUp_Left.uasset" 3991
"C:/Users/rexge/Documents/Unreal Projects/JR_PRJ4/Content/VRTemplate/Input/Actions/IA_Grab_Left_Pressed.uasset" 3992
"C:/Users/rexge/Documents/Unreal Projects/JR_PRJ4/Content/VRTemplate/Input/Actions/IA_Menu_Toggle_Right.uasset" 3993
"C:/Users/rexge/Documents/Unreal Projects/JR_PRJ4/Content/AudioStems/Stem_1__MONO_.uasset" 3994
"C:/Users/rexge/Documents/Unreal Projects/JR_PRJ4/Content/VRTemplate/Blueprints/VRGameMode.uasset" 3995
"C:/Users/rexge/Documents/Unreal Projects/JR_PRJ4/Content/VRTemplate/Input/Actions/IA_Menu_Toggle_Left.uasset" 3996
"C:/Users/rexge/Documents/Unreal Projects/JR_PRJ4/Content/VRTemplate/Input/Actions/Hands/IA_Hand_Grasp_Right.uasset" 3997
"C:/Users/rexge/Documents/Unreal Projects/JR_PRJ4/Content/VRTemplate/Input/Actions/IA_Grab_Left_Released.uasset" 3998
"/Game/VRTemplate/VFX/NS_PlayAreaBounds" 3999
"/Game/AudioStems/Stem_1__MONO_" 4000
"C:/Users/rexge/Documents/Unreal Projects/JR_PRJ4/Content/AudioStems/stem2.uasset" 4001
"C:/Users/rexge/Documents/Unreal Projects/JR_PRJ4/Content/AudioStems/Stem_3__MONO_.uasset" 4002
"C:/Users/rexge/Documents/Unreal Projects/JR_PRJ4/Content/AudioStems/stem3.uasset" 4003
"C:/Users/rexge/Documents/Unreal Projects/JR_PRJ4/Content/AudioStems/stem1.uasset" 4004
"C:/Users/rexge/Documents/Unreal Projects/JR_PRJ4/Content/AudioStems/Stem_2__MONO_.uasset" 4005
"/Game/VRTemplate/Maps/VRTemplateMap_BuiltData" 4006
"/Game/VRTemplate/VFX/NS_TeleportRing" 4007
"/Game/VRTemplate/Blueprints/VRGameMode" 4008
"C:/Users/rexge/Documents/Unreal Projects/JR_PRJ4/Content/AudioStems/stem4.uasset" 4009
"C:/Users/rexge/Documents/Unreal Projects/JR_PRJ4/Content/material_1004.uasset" 4010
"C:/Users/rexge/Documents/Unreal Projects/JR_PRJ4/Content/material_1002.uasset" 4011
"C:/Users/rexge/Documents/Unreal Projects/JR_PRJ4/Content/material_1003.uasset" 4012
"C:/Users/rexge/Documents/Unreal Projects/JR_PRJ4/Content/material_1005.uasset" 4013
"/Game/AudioStems/Stem_2__MONO_" 4014
"C:/Users/rexge/Documents/Unreal Projects/JR_PRJ4/Content/AudioStems/Stem_4__MONO_.uasset" 4015
"C:/Users/rexge/Documents/Unreal Projects/JR_PRJ4/Content/VRSpectator/Input/Actions/IA_VRSpectator_Move.uasset" 4016
"C:/Users/rexge/Documents/Unreal Projects/JR_PRJ4/Content/VRSpectator/Input/Actions/IA_VRSpectator_Look.uasset" 4017
"C:/Users/rexge/Documents/Unreal Projects/JR_PRJ4/Content/gum1/texture.uasset" 4018
"C:/Users/rexge/Documents/Unreal Projects/JR_PRJ4/Content/VRSpectator/EVRSpectatorMode.uasset" 4019
"C:/Users/rexge/Documents/Unreal Projects/JR_PRJ4/Content/VRSpectator/Input/Actions/IA_VRSpectator_ResetRotation.uasset" 4020
"C:/Users/rexge/Documents/Unreal Projects/JR_PRJ4/Content/VRSpectator/Input/Actions/IA_VRSpectator_FOV_Reset.uasset" 4021
"C:/Users/rexge/Documents/Unreal Projects/JR_PRJ4/Content/material_1001.uasset" 4022
"../../../Engine/Content/EditorMeshes/MatineeCam_SM.uasset" 4023
"C:/Users/rexge/Documents/Unreal Projects/JR_PRJ4/Content/VRSpectator/Input/Actions/IA_VRSpectator_FadeInOut.uasset" 4024
"C:/Users/rexge/Documents/Unreal Projects/JR_PRJ4/Content/VRSpectator/VRSpectator.uasset" 4025
"C:/Users/rexge/Documents/Unreal Projects/JR_PRJ4/Content/SoundEffects/11325622-orchestra-hit-240475.uasset" 4026
"../../../Engine/Content/EditorResources/MatineeCam_D.uasset" 4027
"C:/Users/rexge/Documents/Unreal Projects/JR_PRJ4/Content/SoundEffects/freesound_community-success-1-6297.uasset" 4028
"../../../Engine/Content/EngineSky/C_Sky_Cloud_Color.uasset" 4029
"C:/Users/rexge/Documents/Unreal Projects/JR_PRJ4/Content/VRSpectator/Input/Actions/IA_VRSpectator_FOV.uasset" 4030
"C:/Users/rexge/Documents/Unreal Projects/JR_PRJ4/Content/gum1/room.uasset" 4031
"C:/Users/rexge/Documents/Unreal Projects/JR_PRJ4/Content/VRSpectator/Input/IMC_VRSpectator.uasset" 4032
"C:/Users/rexge/Documents/Unreal Projects/JR_PRJ4/Content/VRSpectator/RT_VRSpectator.uasset" 4033
"../../../Engine/Content/EditorMaterials/MatineeCam_mat.uasset" 4034
"C:/Users/rexge/Documents/Unreal Projects/JR_PRJ4/Content/VRSpectator/Input/Actions/IA_VRSpectator_Toggle.uasset" 4035
"/Game/AudioStems/stem1" 4036
"/Game/AudioStems/stem3" 4037
"/Game/AudioStems/stem2" 4038
"../../../Engine/Content/EngineSky/C_Sky_Zenith_Color.uasset" 4039
"../../../Engine/Content/EngineSky/T_Sky_Blue.uasset" 4040
"../../../Engine/Content/EngineSky/C_Sky_Horizon_Color.uasset" 4041
"../../../Engine/Content/EngineSky/T_Sky_Clouds_M.uasset" 4042
"../../../Engine/Content/EngineSky/T_Sky_Stars.uasset" 4043
"/Engine/EngineSky/C_Sky_Cloud_Color" 4044
"/Game/VRSpectator/VRSpectator" 4045
"/Game/SoundEffects/freesound_community-success-1-6297" 4046
"/Game/SoundEffects/11325622-orchestra-hit-240475" 4047
"/Game/gum1/texture_Mat" 4048
"/Game/gum1/room" 4049
"../../Plugins/Interchange/Assets/Content/Functions/MF_PhongToMetalRoughness.uasset" 4050
"/Game/AudioStems/stem4" 4051
"../../../Engine/Content/EngineSky/SM_SkySphere.uasset" 4052
"../../../Engine/Content/EngineSky/M_Sky_Panning_Clouds2.uasset" 4053
"../../../Engine/Content/EngineSky/BP_Sky_Sphere.uasset" 4054
"C:/Users/rexge/Documents/Unreal Projects/JR_PRJ4/Content/material_1001_001.uasset" 4055
"C:/Users/rexge/Documents/Unreal Projects/JR_PRJ4/Content/material_1002_001.uasset" 4056
"../../../Engine/Content/EngineSounds/Submixes/MasterEQEffectPreset.uasset" 4057
"../../../Engine/Content/EngineSounds/Submixes/MasterSubmixDefault.uasset" 4058
"../../../Engine/Plugins/Interchange/Assets/Content/gltf/MaterialBodies/MF_ClearCoat_Body.uasset" 4059
"C:/Users/rexge/Documents/Unreal Projects/JR_PRJ4/Content/material_1003_001.uasset" 4060
"../../../Engine/Content/EngineSounds/Submixes/MasterReverbSubmixDefault.uasset" 4061
"../../../Engine/Plugins/Interchange/Assets/Content/gltf/MaterialFunctions/MF_Emissive.uasset" 4062
"../../../Engine/Plugins/Interchange/Assets/Content/gltf/MaterialFunctions/MF_Clearcoat.uasset" 4063
"../../../Engine/Content/EngineSounds/Submixes/MasterEQSubmixDefault.uasset" 4064
"../../../Engine/Content/Functions/Engine_MaterialFunctions01/Texturing/FlattenNormal.uasset" 4065
"../../../Engine/Content/EngineSounds/Submixes/MasterReverbEffectPreset.uasset" 4066
"../../../Engine/Plugins/Interchange/Assets/Content/gltf/MaterialFunctions/MF_Specular.uasset" 4067
"../../../Engine/Plugins/Interchange/Assets/Content/gltf/MaterialFunctions/MF_SpecularAnisotropy.uasset" 4068
"../../../Engine/Plugins/Interchange/Assets/Content/gltf/Textures/T_Generic_N.uasset" 4069
"../../../Engine/Plugins/Interchange/Assets/Content/gltf/Textures/T_Anisotropy_Direction_Linear.uasset" 4070
"../../../Engine/Plugins/Interchange/Assets/Content/gltf/MaterialFunctions/MF_Normals.uasset" 4071
"../../../Engine/Plugins/Interchange/Assets/Content/gltf/Textures/T_White_Linear.uasset" 4072
"../../../Engine/Plugins/Interchange/Assets/Content/gltf/MaterialFunctions/MF_MetallicRoughness.uasset" 4073
"../../../Engine/Plugins/Interchange/Assets/Content/gltf/MaterialFunctions/MF_Occlusion.uasset" 4074
"../../../Engine/Plugins/Interchange/Assets/Content/gltf/MaterialFunctions/MF_ScaleNormal.uasset" 4075
"../../../Engine/Plugins/Interchange/Assets/Content/gltf/MaterialFunctions/MF_RotateNormals_TS.uasset" 4076
"/Engine/EngineSky/T_Sky_Stars" 4077
"/Engine/EngineSky/T_Sky_Clouds_M" 4078
"/Engine/EngineSky/T_Sky_Blue" 4079
"/Engine/EngineSky/C_Sky_Zenith_Color" 4080
"/Engine/EngineSky/C_Sky_Horizon_Color" 4081
"/InterchangeAssets/gltf/MaterialFunctions/MF_Emissive" 4082
"../../Plugins/Interchange/Assets/Content/gltf/Textures/T_White_srgb.uasset" 4083
"/Engine/Functions/Engine_MaterialFunctions01/Texturing/FlattenNormal" 4084
"/Engine/EngineSounds/Submixes/MasterReverbSubmixDefault" 4085
"/Game/VRTemplate/Maps/VRTemplateMap" 4086
"../../../../../../Users/rexge/Documents/Unreal Projects/JR_PRJ4/Content/VRTemplate/Maps/VRTemplateMap.umap" 4087
"../../../Engine/Plugins/Interchange/Assets/Content/Functions/MF_IridescenceNoLUT.uasset" 4088
"../../../Engine/Plugins/Interchange/Assets/Content/Functions/MF_Iridescence.uasset" 4089
"../../../Engine/Plugins/Interchange/Assets/Content/gltf/MaterialInstances/MI_ClearCoat_Mask.uasset" 4090
"../../../Engine/Plugins/Interchange/Assets/Content/gltf/MaterialFunctions/MF_IOR.uasset" 4091
"/InterchangeAssets/gltf/MaterialFunctions/MF_MetallicRoughness" 4092
"../../../Engine/Plugins/Interchange/Assets/Content/gltf/MaterialInstances/MI_ClearCoat_Blend.uasset" 4093
"../../../Engine/Plugins/Interchange/Assets/Content/Utilities/New_LUT.uasset" 4094
"../../../Engine/Plugins/Interchange/Assets/Content/gltf/M_Default.uasset" 4095
"../../../Engine/Plugins/Interchange/Assets/Content/gltf/MaterialFunctions/MF_Iridescence.uasset" 4096
"../../../Engine/Plugins/Interchange/Assets/Content/gltf/MaterialBodies/MF_Default_Body.uasset" 4097
"../../../Engine/Plugins/Interchange/Assets/Content/gltf/MaterialInstances/MI_ClearCoat_Opaque.uasset" 4098
"../../../Engine/Plugins/Interchange/Assets/Content/gltf/MaterialFunctions/MF_TransformUVs.uasset" 4099
"../../../Engine/Plugins/Interchange/Assets/Content/gltf/MaterialInstances/MI_Default_Opaque.uasset" 4100
"../../../Engine/Plugins/Interchange/Assets/Content/gltf/MaterialInstances/MI_ClearCoat_Blend_DS.uasset" 4101
"../../../Engine/Plugins/Interchange/Assets/Content/gltf/MaterialInstances/MI_Default_Mask.uasset" 4102
"../../../Engine/Plugins/Interchange/Assets/Content/gltf/MaterialInstances/MI_ClearCoat_Opaque_DS.uasset" 4103
"../../../Engine/Plugins/Interchange/Assets/Content/gltf/MaterialFunctions/MF_RotateV2.uasset" 4104
"../../../Engine/Plugins/Interchange/Assets/Content/gltf/MaterialFunctions/MF_BaseColor.uasset" 4105
"../../../Engine/Content/Functions/Engine_MaterialFunctions03/Math/RemapValueRange.uasset" 4106
"../../../Engine/Plugins/Interchange/Assets/Content/gltf/MaterialInstances/MI_ClearCoat_Mask_DS.uasset" 4107
"../../../Engine/Plugins/Interchange/Assets/Content/gltf/M_ClearCoat.uasset" 4108
"/InterchangeAssets/gltf/MaterialFunctions/MF_Normals" 4109
"/InterchangeAssets/gltf/MaterialFunctions/MF_Occlusion" 4110
"/InterchangeAssets/gltf/MaterialFunctions/MF_Specular" 4111
"/InterchangeAssets/gltf/MaterialFunctions/MF_SpecularAnisotropy" 4112
"/InterchangeAssets/gltf/MaterialFunctions/MF_Clearcoat" 4113
"../../../Engine/Plugins/Interchange/Assets/Content/gltf/MaterialInstances/MI_Default_Blend.uasset" 4114
"../../../Engine/Plugins/Interchange/Assets/Content/gltf/MaterialInstances/MI_Default_Opaque_DS.uasset" 4115
"../../../Engine/Plugins/Interchange/Assets/Content/gltf/MaterialInstances/MI_Default_Mask_DS.uasset" 4116
"../../../Engine/Plugins/Interchange/Assets/Content/gltf/MaterialInstances/MI_Default_Blend_DS.uasset" 4117
"../../../Engine/Plugins/Interchange/Assets/Content/gltf/MaterialFunctions/MF_Sheen.uasset" 4118
"../../../Engine/Plugins/Interchange/Assets/Content/gltf/MaterialInstances/MI_Sheen_Mask.uasset" 4119
"../../../Engine/Plugins/Interchange/Assets/Content/gltf/M_Sheen.uasset" 4120
"../../../Engine/Plugins/Interchange/Assets/Content/gltf/MaterialInstances/MI_Sheen_Opaque.uasset" 4121
"../../../Engine/Plugins/Interchange/Assets/Content/gltf/MaterialInstances/MI_Sheen_Blend.uasset" 4122
"../../../Engine/Plugins/Interchange/Assets/Content/gltf/MaterialBodies/MF_Sheen_Body.uasset" 4123
"../../../Engine/Plugins/Interchange/Assets/Content/gltf/MaterialInstances/MI_Sheen_Opaque_DS.uasset" 4124
"/InterchangeAssets/gltf/MaterialInstances/MI_Default_Mask" 4125
"/InterchangeAssets/gltf/MaterialInstances/MI_Default_Opaque" 4126
"/InterchangeAssets/gltf/MaterialInstances/MI_ClearCoat_Blend_DS" 4127
"/InterchangeAssets/gltf/MaterialInstances/MI_ClearCoat_Mask_DS" 4128
"/InterchangeAssets/gltf/MaterialInstances/MI_ClearCoat_Opaque_DS" 4129
"../../../Engine/Plugins/Interchange/Assets/Shaders/ThinFilmFunctions.usf" 4130
"/Engine/EditorResources/EmptyActor" 4131
"../../../Engine/Content/EditorResources/EmptyActor.uasset" 4132
"/Engine/EditorResources/AudioIcons/S_AudioComponent_AutoActivate" 4133
"../../../Engine/Content/EditorResources/AudioIcons/S_AudioComponent_AutoActivate.uasset" 4134
"/InterchangeAssets/gltf/MaterialInstances/MI_ClearCoat_Blend" 4135
"/InterchangeAssets/gltf/MaterialInstances/MI_ClearCoat_Mask" 4136
"/InterchangeAssets/gltf/MaterialInstances/MI_ClearCoat_Opaque" 4137
"/InterchangeAssets/gltf/MaterialInstances/MI_Default_Blend" 4138
"../../../Engine/Plugins/Interchange/Assets/Content/gltf/MaterialInstances/MI_Sheen_Mask_DS.uasset" 4139
"../../../Engine/Plugins/Interchange/Assets/Content/gltf/MaterialInstances/MI_Sheen_Blend_DS.uasset" 4140
"../../../Engine/Plugins/Interchange/Assets/Content/gltf/MaterialFunctions/MF_Transmission.uasset" 4141
"../../../Engine/Plugins/Interchange/Assets/Content/gltf/MaterialFunctions/MF_Temporal_Blur.uasset" 4142
"../../../Engine/Plugins/Interchange/Assets/Content/gltf/MaterialFunctions/MF_Fresnel_DS.uasset" 4143
"../../../Engine/Plugins/Interchange/Assets/Content/gltf/MaterialBodies/MF_Transmission_Body.uasset" 4144
"../../../Engine/Content/Functions/Engine_MaterialFunctions02/Texturing/ScreenAlignedPixelToPixelUVs.uasset" 4145
"../../../Engine/Plugins/Interchange/Assets/Content/gltf/MaterialFunctions/MF_PerceivedBrightness.uasset" 4146
"../../../Engine/Plugins/Interchange/Assets/Content/gltf/MaterialFunctions/MF_SpecGlossToMetalRoughness.uasset" 4147
"../../../Engine/Plugins/Interchange/Assets/Content/gltf/MaterialInstances/MI_SpecularGlossiness_Opaque.uasset" 4148
"../../../Engine/Plugins/Interchange/Assets/Content/gltf/MaterialInstances/MI_SpecularGlossiness_Mask_DS.uasset" 4149
"../../../Engine/Plugins/Interchange/Assets/Content/gltf/MaterialInstances/MI_SpecularGlossiness_Blend.uasset" 4150
"../../../Engine/Plugins/Interchange/Assets/Content/gltf/MaterialInstances/MI_Transmission.uasset" 4151
"../../../Engine/Plugins/Interchange/Assets/Content/gltf/MaterialInstances/MI_Transmission_DS.uasset" 4152
"../../../Engine/Plugins/Interchange/Assets/Content/gltf/M_Transmission.uasset" 4153
"../../../Engine/Plugins/Interchange/Assets/Content/gltf/MaterialInstances/MI_SpecularGlossiness_Mask.uasset" 4154
"../../../Engine/Plugins/Interchange/Assets/Content/gltf/MaterialFunctions/MF_MaxComponentValue.uasset" 4155
"../../../Engine/Content/Functions/Engine_MaterialFunctions02/Math/AddComponents.uasset" 4156
"../../../Engine/Plugins/Interchange/Assets/Content/gltf/MaterialFunctions/MF_DiffuseSpecGloss.uasset" 4157
"../../../Engine/Plugins/Interchange/Assets/Content/gltf/MaterialInstances/MI_SpecularGlossiness_Opaque_DS.uasset" 4158
"../../../Engine/Plugins/Interchange/Assets/Content/gltf/M_SpecularGlossiness.uasset" 4159
"../../../Engine/Plugins/Interchange/Assets/Content/gltf/MaterialBodies/MF_SpecularGlossiness_Body.uasset" 4160
"/InterchangeAssets/gltf/MaterialInstances/MI_Sheen_Opaque_DS" 4161
"/InterchangeAssets/gltf/MaterialInstances/MI_Sheen_Blend" 4162
"/InterchangeAssets/gltf/MaterialInstances/MI_Sheen_Mask" 4163
"/InterchangeAssets/gltf/MaterialInstances/MI_Sheen_Opaque" 4164
"/InterchangeAssets/gltf/MaterialInstances/MI_Default_Blend_DS" 4165
"/InterchangeAssets/gltf/MaterialInstances/MI_Default_Mask_DS" 4166
"/InterchangeAssets/gltf/MaterialInstances/MI_Default_Opaque_DS" 4167
"/InterchangeAssets/gltf/MaterialInstances/MI_Sheen_Blend_DS" 4168
"/InterchangeAssets/gltf/MaterialInstances/MI_Sheen_Mask_DS" 4169
"../../../Engine/Plugins/Interchange/Assets/Content/gltf/MaterialInstances/MI_SpecularGlossiness_Blend_DS.uasset" 4170
"../../../Engine/Plugins/Interchange/Assets/Content/Functions/MF_OrenNayerView.uasset" 4171
"../../../Engine/Plugins/Interchange/Assets/Content/Functions/MX_TransmissionSurface.uasset" 4172
"../../../Engine/Content/Functions/Engine_MaterialFunctions01/Volumetrics/BeersLaw.uasset" 4173
"../../../Engine/Plugins/Interchange/Assets/Content/Functions/MX_StandardSurface.uasset" 4174
"../../../Engine/Plugins/Interchange/Assets/Content/Functions/MX_OpenPBR_Translucent.uasset" 4175
"../../../Engine/Plugins/Interchange/Assets/Content/Functions/MX_Transmission.uasset" 4176
"../../../Engine/Content/Functions/Substrate/MF_SchlickInternal.uasset" 4177
"/InterchangeAssets/gltf/MaterialInstances/MI_SpecularGlossiness_Mask_DS" 4178
"../../../Engine/Plugins/Interchange/Assets/Content/gltf/MaterialBodies/MF_Unlit_Body.uasset" 4179
"../../../Engine/Plugins/Interchange/Assets/Content/gltf/M_Unlit.uasset" 4180
"../../../Engine/Plugins/Interchange/Assets/Content/gltf/MaterialInstances/MI_Unlit_Opaque.uasset" 4181
"../../../Engine/Plugins/Interchange/Assets/Content/gltf/MaterialInstances/MI_Unlit_Mask.uasset" 4182
"/InterchangeAssets/gltf/MaterialInstances/MI_SpecularGlossiness_Opaque_DS" 4183
"/InterchangeAssets/gltf/MaterialInstances/MI_SpecularGlossiness_Blend" 4184
"/InterchangeAssets/gltf/MaterialInstances/MI_SpecularGlossiness_Mask" 4185
"/InterchangeAssets/gltf/MaterialInstances/MI_SpecularGlossiness_Opaque" 4186
"/InterchangeAssets/gltf/MaterialInstances/MI_Transmission_DS" 4187
"/InterchangeAssets/gltf/MaterialInstances/MI_Transmission" 4188
"/InterchangeAssets/gltf/MaterialInstances/MI_Unlit_Mask" 4189
"../../../Engine/Plugins/Interchange/Assets/Content/gltf/MaterialInstances/MI_Unlit_Blend.uasset" 4190
"../../../Engine/Plugins/Interchange/Assets/Content/gltf/MaterialInstances/MI_Unlit_Opaque_DS.uasset" 4191
"../../../Engine/Plugins/Interchange/Assets/Content/gltf/MaterialInstances/MI_Unlit_Mask_DS.uasset" 4192
"../../../Engine/Plugins/Interchange/Assets/Content/gltf/MaterialInstances/MI_Unlit_Blend_DS.uasset" 4193
"/InterchangeAssets/gltf/MaterialInstances/MI_Unlit_Opaque" 4194
"/InterchangeAssets/Functions/MX_OpenPBR_Translucent" 4195
"/InterchangeAssets/gltf/MaterialInstances/MI_SpecularGlossiness_Blend_DS" 4196
"../../../Engine/Plugins/Interchange/Assets/Content/Functions/MX_OpenPBR_Opaque.uasset" 4197
"/InterchangeAssets/gltf/MaterialInstances/MI_Unlit_Blend_DS" 4198
"/InterchangeAssets/gltf/MaterialInstances/MI_Unlit_Mask_DS" 4199
"/InterchangeAssets/gltf/MaterialInstances/MI_Unlit_Opaque_DS" 4200
"/InterchangeAssets/gltf/MaterialInstances/MI_Unlit_Blend" 4201
"../../../Engine/Plugins/Animation/ControlRig/Content/Controls/ControlRig_Sphere_solid.uasset" 4202
"../../../Engine/Plugins/Animation/ControlRig/Content/Controls/ControlRig_Arrow2_1mm.uasset" 4203
"../../../Engine/Plugins/Animation/ControlRig/Content/Controls/ControlRig_Arrow4_1mm.uasset" 4204
"../../../Engine/Plugins/Animation/ControlRig/Content/Controls/ControlRig_Arrow2_3mm.uasset" 4205
"../../../Engine/Plugins/Animation/ControlRig/Content/Controls/ControlRig_Arrow4_solid.uasset" 4206
"../../../Engine/Plugins/Animation/ControlRig/Content/Controls/ControlRig_Arrow_solid.uasset" 4207
"../../../Engine/Plugins/Animation/ControlRig/Content/Controls/ControlRig_Arrow4_3mm.uasset" 4208
"../../../Engine/Plugins/Animation/ControlRig/Content/Controls/ControlRig_Box_3mm.uasset" 4209
"/InterchangeAssets/Functions/MX_OpenPBR_Opaque" 4210
"../../../Engine/Plugins/Animation/ControlRig/Content/Controls/ControlRig_Circle_1mm.uasset" 4211
"../../../Engine/Plugins/Animation/ControlRig/Content/Controls/ControlRig_Box_1mm.uasset" 4212
"../../../Engine/Plugins/Animation/ControlRig/Content/Controls/ControlRig_Box_solid.uasset" 4213
"../../../Engine/Plugins/Animation/ControlRig/Content/Controls/ControlRig_Circle_3mm.uasset" 4214
"../../../Engine/Plugins/Animation/ControlRig/Content/Controls/ControlRig_Arrow2_solid.uasset" 4215
"../../../Engine/Plugins/Animation/ControlRig/Content/Controls/ControlRig_Circle_solid.uasset" 4216
"../../../Engine/Plugins/Animation/ControlRig/Content/Controls/ControlRig_Arrow_3mm.uasset" 4217
"../../../Engine/Plugins/Animation/ControlRig/Content/Controls/ControlRig_Diamond_3mm.uasset" 4218
"../../../Engine/Plugins/Animation/ControlRig/Content/Controls/ControlRig_HalfCircle_solid.uasset" 4219
"../../../Engine/Plugins/Animation/ControlRig/Content/Controls/ControlRig_Diamond_solid.uasset" 4220
"../../../Engine/Plugins/Animation/ControlRig/Content/Controls/ControlRig_HalfCircle_1mm.uasset" 4221
"../../../Engine/Plugins/Animation/ControlRig/Content/Controls/ControlRig_Diamond_1mm.uasset" 4222
"../../../Engine/Plugins/Animation/ControlRig/Content/Controls/ControlRig_Hexagon_1mm.uasset" 4223
"../../../Engine/Plugins/Animation/ControlRig/Content/Controls/ControlRig_Hexagon_3mm.uasset" 4224
"../../../Engine/Plugins/Animation/ControlRig/Content/Controls/ControlRig_Octagon_3mm.uasset" 4225
"../../../Engine/Plugins/Animation/ControlRig/Content/Controls/ControlRig_Hexagon_solid.uasset" 4226
"../../../Engine/Plugins/Animation/ControlRig/Content/Controls/ControlRig_HalfCircle_3mm.uasset" 4227
"../../../Engine/Plugins/Animation/ControlRig/Content/Controls/ControlRig_Octagon_solid.uasset" 4228
"../../../Engine/Plugins/Animation/ControlRig/Content/Controls/ControlRig_Octagon_1mm.uasset" 4229
"../../../Engine/Plugins/Animation/ControlRig/Content/Controls/ControlRig_Arrow_1mm.uasset" 4230
"/ControlRig/Controls/ControlRig_Octagon_solid" 4231
"/ControlRig/Controls/ControlRig_Circle_3mm" 4232
"/ControlRig/Controls/ControlRig_Circle_1mm" 4233
"/ControlRig/Controls/ControlRig_Box_solid" 4234
"/ControlRig/Controls/ControlRig_Box_3mm" 4235
"/ControlRig/Controls/ControlRig_Box_1mm" 4236
"/ControlRig/Controls/ControlRig_Arrow_solid" 4237
"/ControlRig/Controls/ControlRig_Arrow_3mm" 4238
"/ControlRig/Controls/ControlRig_Arrow_1mm" 4239
"/ControlRig/Controls/ControlRig_Arrow4_solid" 4240
"/ControlRig/Controls/ControlRig_Octagon_3mm" 4241
"/ControlRig/Controls/ControlRig_Octagon_1mm" 4242
"/ControlRig/Controls/ControlRig_Arrow4_3mm" 4243
"/ControlRig/Controls/ControlRig_Hexagon_solid" 4244
"/ControlRig/Controls/ControlRig_Hexagon_3mm" 4245
"/ControlRig/Controls/ControlRig_Hexagon_1mm" 4246
"/ControlRig/Controls/ControlRig_HalfCircle_solid" 4247
"/ControlRig/Controls/ControlRig_HalfCircle_3mm" 4248
"/ControlRig/Controls/ControlRig_HalfCircle_1mm" 4249
"/ControlRig/Controls/ControlRig_Diamond_solid" 4250
"/ControlRig/Controls/ControlRig_Diamond_3mm" 4251
"/ControlRig/Controls/ControlRig_Diamond_1mm" 4252
"/ControlRig/Controls/ControlRig_Circle_solid" 4253
"/ControlRig/Controls/ControlRig_Arrow2_solid" 4254
"/ControlRig/Controls/ControlRig_Arrow2_3mm" 4255
"/ControlRig/Controls/ControlRig_Arrow2_1mm" 4256
"/ControlRig/Controls/ControlRig_Sphere_solid" 4257
"/ControlRig/Controls/ControlRig_Arrow4_1mm" 4258
"../../../Engine/Plugins/Animation/ControlRig/Content/Controls/ControlRig_Pyramid_1mm.uasset" 4259
"../../../Engine/Plugins/Animation/ControlRig/Content/Controls/ControlRig_QuarterCircle_1mm.uasset" 4260
"../../../Engine/Plugins/Animation/ControlRig/Content/Controls/ControlRig_QuarterCircle_3mm.uasset" 4261
"../../../Engine/Plugins/Animation/ControlRig/Content/Controls/ControlRig_Pyramid_3mm.uasset" 4262
"../../../Engine/Plugins/Animation/ControlRig/Content/Controls/ControlRig_RoundedSquare_1mm.uasset" 4263
"../../../Engine/Plugins/Animation/ControlRig/Content/Controls/ControlRig_Pyramid_solid.uasset" 4264
"../../../Engine/Plugins/Animation/ControlRig/Content/Controls/ControlRig_RoundedTriangle_solid.uasset" 4265
"../../../Engine/Plugins/Animation/ControlRig/Content/Controls/ControlRig_RoundedSquare_solid.uasset" 4266
"../../../Engine/Plugins/Animation/ControlRig/Content/Controls/ControlRig_RoundedTriangle_1mm.uasset" 4267
"../../../Engine/Plugins/Animation/ControlRig/Content/Controls/ControlRig_Square_1mm.uasset" 4268
"../../../Engine/Plugins/Animation/ControlRig/Content/Controls/ControlRig_Sphere_3mm.uasset" 4269
"../../../Engine/Plugins/Animation/ControlRig/Content/Controls/ControlRig_Sphere_1mm.uasset" 4270
"../../../Engine/Plugins/Animation/ControlRig/Content/Controls/ControlRig_QuarterCircle_solid.uasset" 4271
"../../../Engine/Plugins/Animation/ControlRig/Content/Controls/ControlRig_RoundedSquare_3mm.uasset" 4272
"../../../Engine/Plugins/Animation/ControlRig/Content/Controls/ControlRig_RoundedTriangle_3mm.uasset" 4273
"../../../Engine/Plugins/Animation/ControlRig/Content/Controls/ControlRig_Square_3mm.uasset" 4274
"../../../Engine/Plugins/Animation/ControlRig/Content/Controls/ControlRig_Star4_1mm.uasset" 4275
"../../../Engine/Plugins/Animation/ControlRig/Content/Controls/ControlRig_Triangle_1mm.uasset" 4276
"../../../Engine/Plugins/Animation/ControlRig/Content/Controls/ControlRig_Star4_solid.uasset" 4277
"../../../Engine/Plugins/Animation/ControlRig/Content/Controls/ControlRig_Square_solid.uasset" 4278
"../../../Engine/Plugins/Animation/ControlRig/Content/Controls/ControlRig_Triangle_3mm.uasset" 4279
"../../../Engine/Plugins/Animation/ControlRig/Content/Controls/ControlRig_Star4_3mm.uasset" 4280
"../../../Engine/Content/Maps/Entry_BuiltData.uasset" 4281
"../../../Engine/Plugins/Animation/ControlRig/Content/Controls/ControlRig_Wedge_3mm.uasset" 4282
"../../../Engine/Plugins/Animation/ControlRig/Content/Controls/ControlRig_Triangle_solid.uasset" 4283
"../../../Engine/Content/Maps/Entry.umap" 4284
"../../../Engine/Plugins/Animation/ControlRig/Content/Controls/ControlRig_Wedge_1mm.uasset" 4285
"../../../Engine/Plugins/Animation/ControlRig/Content/Controls/ControlRig_Wedge_solid.uasset" 4286
"/ControlRig/Controls/ControlRig_Square_1mm" 4287
"/ControlRig/Controls/ControlRig_Sphere_3mm" 4288
"/ControlRig/Controls/ControlRig_Sphere_1mm" 4289
"/ControlRig/Controls/ControlRig_RoundedTriangle_solid" 4290
"/ControlRig/Controls/ControlRig_RoundedTriangle_3mm" 4291
"/ControlRig/Controls/ControlRig_RoundedTriangle_1mm" 4292
"/ControlRig/Controls/ControlRig_RoundedSquare_solid" 4293
"/ControlRig/Controls/ControlRig_RoundedSquare_3mm" 4294
"/ControlRig/Controls/ControlRig_RoundedSquare_1mm" 4295
"/ControlRig/Controls/ControlRig_QuarterCircle_solid" 4296
"/ControlRig/Controls/ControlRig_QuarterCircle_3mm" 4297
"/ControlRig/Controls/ControlRig_QuarterCircle_1mm" 4298
"/ControlRig/Controls/ControlRig_Pyramid_solid" 4299
"/ControlRig/Controls/ControlRig_Pyramid_3mm" 4300
"/ControlRig/Controls/ControlRig_Pyramid_1mm" 4301
"/Engine/Maps/Entry" 4302
"/ControlRig/Controls/ControlRig_Wedge_solid" 4303
"/ControlRig/Controls/ControlRig_Wedge_3mm" 4304
"/ControlRig/Controls/ControlRig_Wedge_1mm" 4305
"/ControlRig/Controls/ControlRig_Triangle_solid" 4306
"/ControlRig/Controls/ControlRig_Triangle_3mm" 4307
"/ControlRig/Controls/ControlRig_Triangle_1mm" 4308
"/ControlRig/Controls/ControlRig_Star4_solid" 4309
"/ControlRig/Controls/ControlRig_Star4_3mm" 4310
"/ControlRig/Controls/ControlRig_Star4_1mm" 4311
"/ControlRig/Controls/ControlRig_Square_solid" 4312
"/ControlRig/Controls/ControlRig_Square_3mm" 4313
"../../../Engine/Content/EngineMaterials/Substrate/GLints/dict_16_192_64_0p5_0p02_0000_0001.uasset" 4314
"../../../Engine/Content/EngineMaterials/Substrate/GLints/dict_16_192_64_0p5_0p02_0000_0007.uasset" 4315
"../../../Engine/Content/EngineMaterials/Substrate/GLints/dict_16_192_64_0p5_0p02_0000_0010.uasset" 4316
"../../../Engine/Content/EngineMaterials/Substrate/GLints/dict_16_192_64_0p5_0p02_0000_0014.uasset" 4317
"../../../Engine/Content/EngineMaterials/Substrate/GLints/dict_16_192_64_0p5_0p02_0000_0008.uasset" 4318
"../../../Engine/Content/EngineMaterials/Substrate/GLints/dict_16_192_64_0p5_0p02_0000_0000.uasset" 4319
"../../../Engine/Content/EngineMaterials/Substrate/GLints/dict_16_192_64_0p5_0p02_0001_0000.uasset" 4320
"../../../Engine/Content/EngineMaterials/Substrate/GLints/dict_16_192_64_0p5_0p02_0001_0001.uasset" 4321
"../../../Engine/Content/EngineMaterials/Substrate/GLints/dict_16_192_64_0p5_0p02_0001_0002.uasset" 4322
"../../../Engine/Content/EngineMaterials/Substrate/GLints/dict_16_192_64_0p5_0p02_0000_0002.uasset" 4323
"../../../Engine/Content/EngineMaterials/Substrate/GLints/dict_16_192_64_0p5_0p02_0000_0013.uasset" 4324
"../../../Engine/Content/EngineMaterials/Substrate/GLints/dict_16_192_64_0p5_0p02_0001_0003.uasset" 4325
"../../../Engine/Content/EngineMaterials/Substrate/GLints/dict_16_192_64_0p5_0p02_0001_0006.uasset" 4326
"../../../Engine/Content/EngineMaterials/Substrate/GLints/dict_16_192_64_0p5_0p02_0001_0005.uasset" 4327
"../../../Engine/Content/EngineMaterials/Substrate/GLints/dict_16_192_64_0p5_0p02_0001_0007.uasset" 4328
"../../../Engine/Content/EngineMaterials/Substrate/GLints/dict_16_192_64_0p5_0p02_0001_0008.uasset" 4329
"../../../Engine/Content/EngineMaterials/Substrate/GLints/dict_16_192_64_0p5_0p02_0001_0004.uasset" 4330
"../../../Engine/Content/EngineMaterials/Substrate/GLints/dict_16_192_64_0p5_0p02_0001_0009.uasset" 4331
"../../../Engine/Content/EngineMaterials/Substrate/GLints/dict_16_192_64_0p5_0p02_0001_0010.uasset" 4332
"../../../Engine/Content/EngineMaterials/Substrate/GLints/dict_16_192_64_0p5_0p02_0001_0011.uasset" 4333
"../../../Engine/Content/EngineMaterials/Substrate/GLints/dict_16_192_64_0p5_0p02_0001_0012.uasset" 4334
"../../../Engine/Content/EngineMaterials/Substrate/GLints/dict_16_192_64_0p5_0p02_0000_0004.uasset" 4335
"../../../Engine/Content/EngineMaterials/Substrate/GLints/dict_16_192_64_0p5_0p02_0001_0013.uasset" 4336
"../../../Engine/Content/EngineMaterials/Substrate/GLints/dict_16_192_64_0p5_0p02_0000_0005.uasset" 4337
"../../../Engine/Content/EditorMaterials/PreviewShadowIndicator.uasset" 4338
"../../../Engine/Content/EngineMaterials/Substrate/GLints/dict_16_192_64_0p5_0p02_0000_0011.uasset" 4339
"../../../Engine/Content/EngineMaterials/Substrate/GLints/dict_16_192_64_0p5_0p02_0000_0006.uasset" 4340
"../../../Engine/Content/EngineMaterials/Substrate/GLints/dict_16_192_64_0p5_0p02_0000_0012.uasset" 4341
"../../../Engine/Content/EditorMaterials/PreviewShadowIndicatorMaterial.uasset" 4342
"../../../Engine/Content/EngineMaterials/Substrate/GLints/dict_16_192_64_0p5_0p02_0000_0009.uasset" 4343
"../../../Engine/Content/EngineMaterials/Substrate/GLints/dict_16_192_64_0p5_0p02_0000_0003.uasset" 4344
"../../../Engine/Content/EngineMaterials/Substrate/GLints/dict_16_192_64_0p5_0p02_0000_0015.uasset" 4345
"/Engine/EngineMaterials/Substrate/GLints/dict_16_192_64_0p5_0p02_0001_0013" 4346
"/Engine/EngineMaterials/Substrate/GLints/dict_16_192_64_0p5_0p02_0001_0012" 4347
"/Engine/EngineMaterials/Substrate/GLints/dict_16_192_64_0p5_0p02_0001_0011" 4348
"/Engine/EngineMaterials/Substrate/GLints/dict_16_192_64_0p5_0p02_0000_0010" 4349
"/Engine/EngineMaterials/Substrate/GLints/dict_16_192_64_0p5_0p02_0000_0009" 4350
"/Engine/EngineMaterials/Substrate/GLints/dict_16_192_64_0p5_0p02_0000_0008" 4351
"/Engine/EngineMaterials/Substrate/GLints/dict_16_192_64_0p5_0p02_0000_0007" 4352
"/Engine/EngineMaterials/Substrate/GLints/dict_16_192_64_0p5_0p02_0000_0006" 4353
"/Engine/EngineMaterials/Substrate/GLints/dict_16_192_64_0p5_0p02_0000_0005" 4354
"/Engine/EngineMaterials/Substrate/GLints/dict_16_192_64_0p5_0p02_0000_0004" 4355
"/Engine/EngineMaterials/Substrate/GLints/dict_16_192_64_0p5_0p02_0000_0003" 4356
"/Engine/EngineMaterials/Substrate/GLints/dict_16_192_64_0p5_0p02_0000_0002" 4357
"/Engine/EngineMaterials/Substrate/GLints/dict_16_192_64_0p5_0p02_0000_0001" 4358
"/Engine/EngineMaterials/Substrate/GLints/dict_16_192_64_0p5_0p02_0000_0000" 4359
"/Engine/EditorMaterials/PreviewShadowIndicatorMaterial" 4360
"../../../Engine/Plugins/Marketplace/UnrealMetaXRPlugin.83.0/MetaXR/Shaders/JumpFlood.ush" 4361
"/Engine/EngineMaterials/Substrate/GLints/dict_16_192_64_0p5_0p02_0001_0009" 4362
"/Engine/EngineMaterials/Substrate/GLints/dict_16_192_64_0p5_0p02_0001_0008" 4363
"/Engine/EngineMaterials/Substrate/GLints/dict_16_192_64_0p5_0p02_0001_0007" 4364
"/Engine/EngineMaterials/Substrate/GLints/dict_16_192_64_0p5_0p02_0001_0006" 4365
"/Engine/EngineMaterials/Substrate/GLints/dict_16_192_64_0p5_0p02_0001_0005" 4366
"/Engine/EngineMaterials/Substrate/GLints/dict_16_192_64_0p5_0p02_0001_0004" 4367
"/Engine/EngineMaterials/Substrate/GLints/dict_16_192_64_0p5_0p02_0001_0003" 4368
"/Engine/EngineMaterials/Substrate/GLints/dict_16_192_64_0p5_0p02_0001_0002" 4369
"/Engine/EngineMaterials/Substrate/GLints/dict_16_192_64_0p5_0p02_0001_0001" 4370
"/Engine/EngineMaterials/Substrate/GLints/dict_16_192_64_0p5_0p02_0001_0000" 4371
"/Engine/EngineMaterials/Substrate/GLints/dict_16_192_64_0p5_0p02_0000_0015" 4372
"/Engine/EngineMaterials/Substrate/GLints/dict_16_192_64_0p5_0p02_0000_0014" 4373
"/Engine/EngineMaterials/Substrate/GLints/dict_16_192_64_0p5_0p02_0000_0013" 4374
"/Engine/EngineMaterials/Substrate/GLints/dict_16_192_64_0p5_0p02_0000_0012" 4375
"/Engine/EngineMaterials/Substrate/GLints/dict_16_192_64_0p5_0p02_0000_0011" 4376
"/Engine/EngineMaterials/Substrate/GLints/dict_16_192_64_0p5_0p02_0001_0010" 4377
"../../../Engine/Content/EngineMaterials/Substrate/GLints/dict_16_192_64_0p5_0p02_0002_0006.uasset" 4378
"../../../Engine/Content/EngineMaterials/Substrate/GLints/dict_16_192_64_0p5_0p02_0002_0008.uasset" 4379
"../../../Engine/Content/EngineMaterials/Substrate/GLints/dict_16_192_64_0p5_0p02_0002_0004.uasset" 4380
"../../../Engine/Content/EngineMaterials/Substrate/GLints/dict_16_192_64_0p5_0p02_0002_0002.uasset" 4381
"../../../Engine/Content/EngineMaterials/Substrate/GLints/dict_16_192_64_0p5_0p02_0002_0001.uasset" 4382
"../../../Engine/Content/EngineMaterials/Substrate/GLints/dict_16_192_64_0p5_0p02_0002_0014.uasset" 4383
"../../../Engine/Content/EngineMaterials/Substrate/GLints/dict_16_192_64_0p5_0p02_0001_0015.uasset" 4384
"../../../Engine/Content/EngineMaterials/Substrate/GLints/dict_16_192_64_0p5_0p02_0002_0009.uasset" 4385
"../../../Engine/Content/EngineMaterials/Substrate/GLints/dict_16_192_64_0p5_0p02_0003_0000.uasset" 4386
"../../../Engine/Content/EngineMaterials/Substrate/GLints/dict_16_192_64_0p5_0p02_0002_0005.uasset" 4387
"../../../Engine/Content/EngineMaterials/Substrate/GLints/dict_16_192_64_0p5_0p02_0003_0001.uasset" 4388
"../../../Engine/Content/EngineMaterials/Substrate/GLints/dict_16_192_64_0p5_0p02_0002_0012.uasset" 4389
"../../../Engine/Content/EngineMaterials/Substrate/GLints/dict_16_192_64_0p5_0p02_0003_0002.uasset" 4390
"../../../Engine/Content/EngineMaterials/Substrate/GLints/dict_16_192_64_0p5_0p02_0001_0014.uasset" 4391
"../../../Engine/Content/EngineMaterials/Substrate/GLints/dict_16_192_64_0p5_0p02_0002_0015.uasset" 4392
"../../../Engine/Content/EngineMaterials/Substrate/GLints/dict_16_192_64_0p5_0p02_0003_0003.uasset" 4393
"../../../Engine/Content/EngineMaterials/Substrate/GLints/dict_16_192_64_0p5_0p02_0003_0006.uasset" 4394
"../../../Engine/Content/EngineMaterials/Substrate/GLints/dict_16_192_64_0p5_0p02_0002_0000.uasset" 4395
"../../../Engine/Content/EngineMaterials/Substrate/GLints/dict_16_192_64_0p5_0p02_0003_0007.uasset" 4396
"../../../Engine/Content/EngineMaterials/Substrate/GLints/dict_16_192_64_0p5_0p02_0002_0010.uasset" 4397
"../../../Engine/Content/EngineMaterials/Substrate/GLints/dict_16_192_64_0p5_0p02_0003_0008.uasset" 4398
"../../../Engine/Content/EngineMaterials/Substrate/GLints/dict_16_192_64_0p5_0p02_0002_0007.uasset" 4399
"../../../Engine/Content/EngineMaterials/Substrate/GLints/dict_16_192_64_0p5_0p02_0003_0009.uasset" 4400
"../../../Engine/Content/EngineMaterials/Substrate/GLints/dict_16_192_64_0p5_0p02_0002_0011.uasset" 4401
"../../../Engine/Content/EngineMaterials/Substrate/GLints/dict_16_192_64_0p5_0p02_0003_0005.uasset" 4402
"../../../Engine/Content/EngineMaterials/Substrate/GLints/dict_16_192_64_0p5_0p02_0003_0011.uasset" 4403
"../../../Engine/Content/EngineMaterials/Substrate/GLints/dict_16_192_64_0p5_0p02_0003_0013.uasset" 4404
"../../../Engine/Content/EngineMaterials/Substrate/GLints/dict_16_192_64_0p5_0p02_0002_0013.uasset" 4405
"../../../Engine/Content/EngineMaterials/Substrate/GLints/dict_16_192_64_0p5_0p02_0003_0012.uasset" 4406
"../../../Engine/Content/EngineMaterials/Substrate/GLints/dict_16_192_64_0p5_0p02_0003_0004.uasset" 4407
"../../../Engine/Content/EngineMaterials/Substrate/GLints/dict_16_192_64_0p5_0p02_0002_0003.uasset" 4408
"../../../Engine/Content/EngineMaterials/Substrate/GLints/dict_16_192_64_0p5_0p02_0003_0010.uasset" 4409
"../../../Engine/Plugins/Animation/DeformerGraph/Shaders/Private/DataInterfaceCustomComputeKernel.ush" 4410
"../../../Engine/Plugins/Animation/DeformerGraph/Shaders/Private/DataInterfaceCloth.ush" 4411
"../../../Engine/Plugins/Animation/DeformerGraph/Shaders/Private/DataInterfaceSkinnedMeshRead.ush" 4412
"../../../Engine/Plugins/Animation/DeformerGraph/Shaders/Private/DataInterfaceSkeleton.ush" 4413
"../../../Engine/Plugins/Animation/DeformerGraph/Shaders/Private/DataInterfaceSkeletonCommon.ush" 4414
"../../../Engine/Plugins/Animation/DeformerGraph/Shaders/Private/DataInterfaceMorphTarget.ush" 4415
"../../../Engine/Plugins/Animation/DeformerGraph/Shaders/Private/DataInterfaceSkinnedMeshWrite.ush" 4416
"../../../Engine/Plugins/Animation/DeformerGraph/Shaders/Private/DataInterfaceRawBuffer.ush" 4417
"../../../Engine/Plugins/Runtime/ComputeFramework/Shaders/Private/BufferAlias.ush" 4418
"../../../Engine/Plugins/Animation/DeformerGraph/Shaders/Private/DataInterfaceSkinnedMesh.ush" 4419
"../../../Engine/Plugins/Animation/DeformerGraph/Shaders/Private/DataInterfaceHalfEdge.ush" 4420
"/Engine/EngineMaterials/Substrate/GLints/dict_16_192_64_0p5_0p02_0003_0000" 4421
"/Engine/EngineMaterials/Substrate/GLints/dict_16_192_64_0p5_0p02_0002_0014" 4422
"/Engine/EngineMaterials/Substrate/GLints/dict_16_192_64_0p5_0p02_0002_0009" 4423
"/Engine/EngineMaterials/Substrate/GLints/dict_16_192_64_0p5_0p02_0002_0008" 4424
"/Engine/EngineMaterials/Substrate/GLints/dict_16_192_64_0p5_0p02_0002_0006" 4425
"/Engine/EngineMaterials/Substrate/GLints/dict_16_192_64_0p5_0p02_0002_0004" 4426
"/Engine/EngineMaterials/Substrate/GLints/dict_16_192_64_0p5_0p02_0002_0002" 4427
"/Engine/EngineMaterials/Substrate/GLints/dict_16_192_64_0p5_0p02_0002_0001" 4428
"../../../Engine/Content/EngineMaterials/Substrate/GLints/dict_16_192_64_0p5_0p02_0003_0014.uasset" 4429
"../../../Engine/Content/EngineMaterials/Substrate/GLints/dict_16_192_64_0p5_0p02_0004_0003.uasset" 4430
"../../../Engine/Content/EngineMaterials/Substrate/GLints/dict_16_192_64_0p5_0p02_0004_0002.uasset" 4431
"../../../Engine/Content/EngineMaterials/Substrate/GLints/dict_16_192_64_0p5_0p02_0004_0005.uasset" 4432
"../../../Engine/Content/EngineMaterials/Substrate/GLints/dict_16_192_64_0p5_0p02_0004_0000.uasset" 4433
"../../../Engine/Content/EngineMaterials/Substrate/GLints/dict_16_192_64_0p5_0p02_0004_0004.uasset" 4434
"../../../Engine/Content/EngineMaterials/Substrate/GLints/dict_16_192_64_0p5_0p02_0004_0001.uasset" 4435
"../../../Engine/Content/EngineMaterials/Substrate/GLints/dict_16_192_64_0p5_0p02_0003_0015.uasset" 4436
"/Engine/EngineMaterials/Substrate/GLints/dict_16_192_64_0p5_0p02_0003_0013" 4437
"/Engine/EngineMaterials/Substrate/GLints/dict_16_192_64_0p5_0p02_0003_0012" 4438
"/Engine/EngineMaterials/Substrate/GLints/dict_16_192_64_0p5_0p02_0003_0011" 4439
"/Engine/EngineMaterials/Substrate/GLints/dict_16_192_64_0p5_0p02_0003_0010" 4440
"/Engine/EngineMaterials/Substrate/GLints/dict_16_192_64_0p5_0p02_0003_0009" 4441
"/Engine/EngineMaterials/Substrate/GLints/dict_16_192_64_0p5_0p02_0003_0008" 4442
"/Engine/EngineMaterials/Substrate/GLints/dict_16_192_64_0p5_0p02_0003_0007" 4443
"/Engine/EngineMaterials/Substrate/GLints/dict_16_192_64_0p5_0p02_0003_0006" 4444
"/Engine/EngineMaterials/Substrate/GLints/dict_16_192_64_0p5_0p02_0003_0005" 4445
"/Engine/EngineMaterials/Substrate/GLints/dict_16_192_64_0p5_0p02_0003_0004" 4446
"/Engine/EngineMaterials/Substrate/GLints/dict_16_192_64_0p5_0p02_0003_0003" 4447
"/Engine/EngineMaterials/Substrate/GLints/dict_16_192_64_0p5_0p02_0003_0002" 4448
"/Engine/EngineMaterials/Substrate/GLints/dict_16_192_64_0p5_0p02_0003_0001" 4449
"/Engine/EngineMaterials/Substrate/GLints/dict_16_192_64_0p5_0p02_0002_0015" 4450
"/Engine/EngineMaterials/Substrate/GLints/dict_16_192_64_0p5_0p02_0002_0013" 4451
"/Engine/EngineMaterials/Substrate/GLints/dict_16_192_64_0p5_0p02_0002_0012" 4452
"/Engine/EngineMaterials/Substrate/GLints/dict_16_192_64_0p5_0p02_0002_0011" 4453
"/Engine/EngineMaterials/Substrate/GLints/dict_16_192_64_0p5_0p02_0002_0010" 4454
"/Engine/EngineMaterials/Substrate/GLints/dict_16_192_64_0p5_0p02_0002_0007" 4455
"/Engine/EngineMaterials/Substrate/GLints/dict_16_192_64_0p5_0p02_0002_0005" 4456
"/Engine/EngineMaterials/Substrate/GLints/dict_16_192_64_0p5_0p02_0002_0003" 4457
"/Engine/EngineMaterials/Substrate/GLints/dict_16_192_64_0p5_0p02_0002_0000" 4458
"/Engine/EngineMaterials/Substrate/GLints/dict_16_192_64_0p5_0p02_0001_0015" 4459
"/Engine/EngineMaterials/Substrate/GLints/dict_16_192_64_0p5_0p02_0001_0014" 4460
"../../../Engine/Content/EngineMaterials/Substrate/GLints/dict_16_192_64_0p5_0p02_0004_0007.uasset" 4461
"../../../Engine/Content/EngineMaterials/Substrate/GLints/dict_16_192_64_0p5_0p02_0004_0013.uasset" 4462
"../../../Engine/Content/EngineMaterials/Substrate/GLints/dict_16_192_64_0p5_0p02_0004_0009.uasset" 4463
"../../../Engine/Content/EngineMaterials/Substrate/GLints/dict_16_192_64_0p5_0p02_0004_0008.uasset" 4464
"../../../Engine/Content/EngineMaterials/Substrate/GLints/dict_16_192_64_0p5_0p02_0004_0006.uasset" 4465
"../../../Engine/Content/EngineMaterials/Substrate/GLints/dict_16_192_64_0p5_0p02_0005_0004.uasset" 4466
"../../../Engine/Content/EngineMaterials/Substrate/GLints/dict_16_192_64_0p5_0p02_0005_0006.uasset" 4467
"../../../Engine/Content/EngineMaterials/Substrate/GLints/dict_16_192_64_0p5_0p02_0005_0008.uasset" 4468
"../../../Engine/Content/EngineMaterials/Substrate/GLints/dict_16_192_64_0p5_0p02_0005_0010.uasset" 4469
"../../../Engine/Content/EngineMaterials/Substrate/GLints/dict_16_192_64_0p5_0p02_0005_0003.uasset" 4470
"../../../Engine/Content/EngineMaterials/Substrate/GLints/dict_16_192_64_0p5_0p02_0005_0012.uasset" 4471
"../../../Engine/Content/EngineMaterials/Substrate/GLints/dict_16_192_64_0p5_0p02_0005_0011.uasset" 4472
"../../../Engine/Content/EngineMaterials/Substrate/GLints/dict_16_192_64_0p5_0p02_0005_0001.uasset" 4473
"../../../Engine/Content/EngineMaterials/Substrate/GLints/dict_16_192_64_0p5_0p02_0005_0013.uasset" 4474
"../../../Engine/Content/EngineMaterials/Substrate/GLints/dict_16_192_64_0p5_0p02_0005_0005.uasset" 4475
"../../../Engine/Content/EngineMaterials/Substrate/GLints/dict_16_192_64_0p5_0p02_0004_0011.uasset" 4476
"../../../Engine/Content/EngineMaterials/Substrate/GLints/dict_16_192_64_0p5_0p02_0004_0012.uasset" 4477
"../../../Engine/Content/EngineMaterials/Substrate/GLints/dict_16_192_64_0p5_0p02_0005_0000.uasset" 4478
"../../../Engine/Content/EngineMaterials/Substrate/GLints/dict_16_192_64_0p5_0p02_0004_0010.uasset" 4479
"../../../Engine/Content/EngineMaterials/Substrate/GLints/dict_16_192_64_0p5_0p02_0005_0009.uasset" 4480
"../../../Engine/Content/EngineMaterials/Substrate/GLints/dict_16_192_64_0p5_0p02_0004_0015.uasset" 4481
"../../../Engine/Content/EngineMaterials/Substrate/GLints/dict_16_192_64_0p5_0p02_0004_0014.uasset" 4482
"../../../Engine/Content/EngineMaterials/Substrate/GLints/dict_16_192_64_0p5_0p02_0005_0007.uasset" 4483
"../../../Engine/Content/EngineMaterials/Substrate/GLints/dict_16_192_64_0p5_0p02_0005_0002.uasset" 4484
"/Engine/EngineMaterials/Substrate/GLints/dict_16_192_64_0p5_0p02_0004_0005" 4485
"/Engine/EngineMaterials/Substrate/GLints/dict_16_192_64_0p5_0p02_0004_0004" 4486
"/Engine/EngineMaterials/Substrate/GLints/dict_16_192_64_0p5_0p02_0004_0003" 4487
"/Engine/EngineMaterials/Substrate/GLints/dict_16_192_64_0p5_0p02_0004_0002" 4488
"/Engine/EngineMaterials/Substrate/GLints/dict_16_192_64_0p5_0p02_0004_0001" 4489
"/Engine/EngineMaterials/Substrate/GLints/dict_16_192_64_0p5_0p02_0004_0000" 4490
"/Engine/EngineMaterials/Substrate/GLints/dict_16_192_64_0p5_0p02_0003_0015" 4491
"/Engine/EngineMaterials/Substrate/GLints/dict_16_192_64_0p5_0p02_0003_0014" 4492
"/Engine/EngineMaterials/Substrate/GLints/dict_16_192_64_0p5_0p02_0004_0007" 4493
"../../../Engine/Content/EngineMaterials/Substrate/GLints/dict_16_192_64_0p5_0p02_0006_0000.uasset" 4494
"../../../Engine/Content/EngineMaterials/Substrate/GLints/dict_16_192_64_0p5_0p02_0005_0015.uasset" 4495
"../../../Engine/Content/EngineMaterials/Substrate/GLints/dict_16_192_64_0p5_0p02_0006_0003.uasset" 4496
"../../../Engine/Content/EngineMaterials/Substrate/GLints/dict_16_192_64_0p5_0p02_0006_0002.uasset" 4497
"../../../Engine/Content/EngineMaterials/Substrate/GLints/dict_16_192_64_0p5_0p02_0006_0005.uasset" 4498
"../../../Engine/Content/EngineMaterials/Substrate/GLints/dict_16_192_64_0p5_0p02_0006_0006.uasset" 4499
"../../../Engine/Content/EngineMaterials/Substrate/GLints/dict_16_192_64_0p5_0p02_0006_0001.uasset" 4500
"../../../Engine/Content/EngineMaterials/Substrate/GLints/dict_16_192_64_0p5_0p02_0005_0014.uasset" 4501
"../../../Engine/Content/EngineMaterials/Substrate/GLints/dict_16_192_64_0p5_0p02_0006_0004.uasset" 4502
"/Engine/EngineMaterials/Substrate/GLints/dict_16_192_64_0p5_0p02_0005_0013" 4503
"/Engine/EngineMaterials/Substrate/GLints/dict_16_192_64_0p5_0p02_0005_0012" 4504
"/Engine/EngineMaterials/Substrate/GLints/dict_16_192_64_0p5_0p02_0005_0011" 4505
"/Engine/EngineMaterials/Substrate/GLints/dict_16_192_64_0p5_0p02_0005_0010" 4506
"/Engine/EngineMaterials/Substrate/GLints/dict_16_192_64_0p5_0p02_0005_0009" 4507
"/Engine/EngineMaterials/Substrate/GLints/dict_16_192_64_0p5_0p02_0005_0008" 4508
"/Engine/EngineMaterials/Substrate/GLints/dict_16_192_64_0p5_0p02_0005_0007" 4509
"/Engine/EngineMaterials/Substrate/GLints/dict_16_192_64_0p5_0p02_0005_0006" 4510
"/Engine/EngineMaterials/Substrate/GLints/dict_16_192_64_0p5_0p02_0005_0005" 4511
"/Engine/EngineMaterials/Substrate/GLints/dict_16_192_64_0p5_0p02_0005_0004" 4512
"/Engine/EngineMaterials/Substrate/GLints/dict_16_192_64_0p5_0p02_0005_0003" 4513
"/Engine/EngineMaterials/Substrate/GLints/dict_16_192_64_0p5_0p02_0005_0002" 4514
"/Engine/EngineMaterials/Substrate/GLints/dict_16_192_64_0p5_0p02_0005_0001" 4515
"/Engine/EngineMaterials/Substrate/GLints/dict_16_192_64_0p5_0p02_0005_0000" 4516
"/Engine/EngineMaterials/Substrate/GLints/dict_16_192_64_0p5_0p02_0004_0015" 4517
"/Engine/EngineMaterials/Substrate/GLints/dict_16_192_64_0p5_0p02_0004_0014" 4518
"/Engine/EngineMaterials/Substrate/GLints/dict_16_192_64_0p5_0p02_0004_0013" 4519
"/Engine/EngineMaterials/Substrate/GLints/dict_16_192_64_0p5_0p02_0004_0012" 4520
"/Engine/EngineMaterials/Substrate/GLints/dict_16_192_64_0p5_0p02_0004_0011" 4521
"/Engine/EngineMaterials/Substrate/GLints/dict_16_192_64_0p5_0p02_0004_0010" 4522
"/Engine/EngineMaterials/Substrate/GLints/dict_16_192_64_0p5_0p02_0004_0009" 4523
"/Engine/EngineMaterials/Substrate/GLints/dict_16_192_64_0p5_0p02_0004_0008" 4524
"/Engine/EngineMaterials/Substrate/GLints/dict_16_192_64_0p5_0p02_0004_0006" 4525
"../../../Engine/Content/EngineMaterials/Substrate/GLints/dict_16_192_64_0p5_0p02_0006_0012.uasset" 4526
"../../../Engine/Content/EngineMaterials/Substrate/GLints/dict_16_192_64_0p5_0p02_0006_0010.uasset" 4527
"../../../Engine/Content/EngineMaterials/Substrate/GLints/dict_16_192_64_0p5_0p02_0006_0014.uasset" 4528
"../../../Engine/Content/EngineMaterials/Substrate/GLints/dict_16_192_64_0p5_0p02_0007_0001.uasset" 4529
"../../../Engine/Content/EngineMaterials/Substrate/GLints/dict_16_192_64_0p5_0p02_0006_0009.uasset" 4530
"../../../Engine/Content/EngineMaterials/Substrate/GLints/dict_16_192_64_0p5_0p02_0007_0005.uasset" 4531
"/Engine/EngineMaterials/Substrate/GLints/dict_16_192_64_0p5_0p02_0006_0006" 4532
"../../../Engine/Content/EngineMaterials/Substrate/GLints/dict_16_192_64_0p5_0p02_0007_0003.uasset" 4533
"../../../Engine/Content/EngineMaterials/Substrate/GLints/dict_16_192_64_0p5_0p02_0006_0011.uasset" 4534
"../../../Engine/Content/EngineMaterials/Substrate/GLints/dict_16_192_64_0p5_0p02_0006_0015.uasset" 4535
"../../../Engine/Content/EngineMaterials/Substrate/GLints/dict_16_192_64_0p5_0p02_0007_0007.uasset" 4536
"../../../Engine/Content/EngineMaterials/Substrate/GLints/dict_16_192_64_0p5_0p02_0007_0009.uasset" 4537
"../../../Engine/Content/EngineMaterials/Substrate/GLints/dict_16_192_64_0p5_0p02_0007_0008.uasset" 4538
"../../../Engine/Content/EngineMaterials/Substrate/GLints/dict_16_192_64_0p5_0p02_0007_0011.uasset" 4539
"../../../Engine/Content/EngineMaterials/Substrate/GLints/dict_16_192_64_0p5_0p02_0007_0010.uasset" 4540
"../../../Engine/Content/EngineMaterials/Substrate/GLints/dict_16_192_64_0p5_0p02_0007_0000.uasset" 4541
"../../../Engine/Content/EngineMaterials/Substrate/GLints/dict_16_192_64_0p5_0p02_0006_0008.uasset" 4542
"../../../Engine/Content/EngineMaterials/Substrate/GLints/dict_16_192_64_0p5_0p02_0007_0012.uasset" 4543
"../../../Engine/Content/EngineMaterials/Substrate/GLints/dict_16_192_64_0p5_0p02_0006_0007.uasset" 4544
"../../../Engine/Content/EngineMaterials/Substrate/GLints/dict_16_192_64_0p5_0p02_0006_0013.uasset" 4545
"../../../Engine/Content/EngineMaterials/Substrate/GLints/dict_16_192_64_0p5_0p02_0007_0006.uasset" 4546
"../../../Engine/Content/EngineMaterials/Substrate/GLints/dict_16_192_64_0p5_0p02_0007_0002.uasset" 4547
"../../../Engine/Content/EngineMaterials/Substrate/GLints/dict_16_192_64_0p5_0p02_0007_0013.uasset" 4548
"../../../Engine/Content/EngineMaterials/Substrate/GLints/dict_16_192_64_0p5_0p02_0007_0004.uasset" 4549
"/Engine/EngineMaterials/Substrate/GLints/dict_16_192_64_0p5_0p02_0006_0005" 4550
"/Engine/EngineMaterials/Substrate/GLints/dict_16_192_64_0p5_0p02_0006_0004" 4551
"/Engine/EngineMaterials/Substrate/GLints/dict_16_192_64_0p5_0p02_0006_0003" 4552
"/Engine/EngineMaterials/Substrate/GLints/dict_16_192_64_0p5_0p02_0006_0002" 4553
"/Engine/EngineMaterials/Substrate/GLints/dict_16_192_64_0p5_0p02_0006_0001" 4554
"/Engine/EngineMaterials/Substrate/GLints/dict_16_192_64_0p5_0p02_0006_0000" 4555
"/Engine/EngineMaterials/Substrate/GLints/dict_16_192_64_0p5_0p02_0005_0015" 4556
"/Engine/EngineMaterials/Substrate/GLints/dict_16_192_64_0p5_0p02_0005_0014" 4557
"../../../Engine/Content/EngineMaterials/Substrate/GLints/dict_16_192_64_0p5_0p02_0008_0000.uasset" 4558
"../../../Engine/Content/EngineMaterials/Substrate/GLints/dict_16_192_64_0p5_0p02_0008_0002.uasset" 4559
"../../../Engine/Content/EngineMaterials/Substrate/GLints/dict_16_192_64_0p5_0p02_0007_0015.uasset" 4560
"../../../Engine/Content/EngineMaterials/Substrate/GLints/dict_16_192_64_0p5_0p02_0008_0003.uasset" 4561
"../../../Engine/Content/EngineMaterials/Substrate/GLints/dict_16_192_64_0p5_0p02_0007_0014.uasset" 4562
"../../../Engine/Content/EngineMaterials/Substrate/GLints/dict_16_192_64_0p5_0p02_0008_0005.uasset" 4563
"../../../Engine/Content/EngineMaterials/Substrate/GLints/dict_16_192_64_0p5_0p02_0008_0004.uasset" 4564
"/Engine/EngineMaterials/Substrate/GLints/dict_16_192_64_0p5_0p02_0007_0013" 4565
"../../../Engine/Content/EngineMaterials/Substrate/GLints/dict_16_192_64_0p5_0p02_0008_0006.uasset" 4566
"../../../Engine/Content/EngineMaterials/Substrate/GLints/dict_16_192_64_0p5_0p02_0008_0001.uasset" 4567
"/Engine/EngineMaterials/Substrate/GLints/dict_16_192_64_0p5_0p02_0007_0012" 4568
"/Engine/EngineMaterials/Substrate/GLints/dict_16_192_64_0p5_0p02_0007_0011" 4569
"/Engine/EngineMaterials/Substrate/GLints/dict_16_192_64_0p5_0p02_0007_0010" 4570
"/Engine/EngineMaterials/Substrate/GLints/dict_16_192_64_0p5_0p02_0007_0009" 4571
"/Engine/EngineMaterials/Substrate/GLints/dict_16_192_64_0p5_0p02_0007_0008" 4572
"/Engine/EngineMaterials/Substrate/GLints/dict_16_192_64_0p5_0p02_0007_0007" 4573
"/Engine/EngineMaterials/Substrate/GLints/dict_16_192_64_0p5_0p02_0007_0006" 4574
"/Engine/EngineMaterials/Substrate/GLints/dict_16_192_64_0p5_0p02_0007_0005" 4575
"/Engine/EngineMaterials/Substrate/GLints/dict_16_192_64_0p5_0p02_0007_0004" 4576
"/Engine/EngineMaterials/Substrate/GLints/dict_16_192_64_0p5_0p02_0007_0003" 4577
"/Engine/EngineMaterials/Substrate/GLints/dict_16_192_64_0p5_0p02_0007_0002" 4578
"/Engine/EngineMaterials/Substrate/GLints/dict_16_192_64_0p5_0p02_0007_0001" 4579
"/Engine/EngineMaterials/Substrate/GLints/dict_16_192_64_0p5_0p02_0007_0000" 4580
"/Engine/EngineMaterials/Substrate/GLints/dict_16_192_64_0p5_0p02_0006_0015" 4581
"/Engine/EngineMaterials/Substrate/GLints/dict_16_192_64_0p5_0p02_0006_0014" 4582
"/Engine/EngineMaterials/Substrate/GLints/dict_16_192_64_0p5_0p02_0006_0013" 4583
"/Engine/EngineMaterials/Substrate/GLints/dict_16_192_64_0p5_0p02_0006_0012" 4584
"/Engine/EngineMaterials/Substrate/GLints/dict_16_192_64_0p5_0p02_0006_0011" 4585
"/Engine/EngineMaterials/Substrate/GLints/dict_16_192_64_0p5_0p02_0006_0010" 4586
"/Engine/EngineMaterials/Substrate/GLints/dict_16_192_64_0p5_0p02_0006_0009" 4587
"/Engine/EngineMaterials/Substrate/GLints/dict_16_192_64_0p5_0p02_0006_0008" 4588
"/Engine/EngineMaterials/Substrate/GLints/dict_16_192_64_0p5_0p02_0006_0007" 4589
"../../../Engine/Content/EngineMaterials/Substrate/GLints/dict_16_192_64_0p5_0p02_0008_0009.uasset" 4590
"../../../Engine/Content/EngineMaterials/Substrate/GLints/dict_16_192_64_0p5_0p02_0008_0007.uasset" 4591
"../../../Engine/Content/EngineMaterials/Substrate/GLints/dict_16_192_64_0p5_0p02_0008_0015.uasset" 4592
"../../../Engine/Content/EngineMaterials/Substrate/GLints/dict_16_192_64_0p5_0p02_0008_0012.uasset" 4593
"../../../Engine/Content/EngineMaterials/Substrate/GLints/dict_16_192_64_0p5_0p02_0009_0001.uasset" 4594
"../../../Engine/Content/EngineMaterials/Substrate/GLints/dict_16_192_64_0p5_0p02_0008_0013.uasset" 4595
"../../../Engine/Content/EngineMaterials/Substrate/GLints/dict_16_192_64_0p5_0p02_0009_0005.uasset" 4596
"../../../Engine/Content/EngineMaterials/Substrate/GLints/dict_16_192_64_0p5_0p02_0009_0006.uasset" 4597
"../../../Engine/Content/EngineMaterials/Substrate/GLints/dict_16_192_64_0p5_0p02_0009_0002.uasset" 4598
"../../../Engine/Content/EngineMaterials/Substrate/GLints/dict_16_192_64_0p5_0p02_0009_0007.uasset" 4599
"/Engine/EngineMaterials/Substrate/GLints/dict_16_192_64_0p5_0p02_0008_0006" 4600
"../../../Engine/Content/EngineMaterials/Substrate/GLints/dict_16_192_64_0p5_0p02_0008_0011.uasset" 4601
"../../../Engine/Content/EngineMaterials/Substrate/GLints/dict_16_192_64_0p5_0p02_0009_0008.uasset" 4602
"../../../Engine/Content/EngineMaterials/Substrate/GLints/dict_16_192_64_0p5_0p02_0009_0013.uasset" 4603
"../../../Engine/Content/EngineMaterials/Substrate/GLints/dict_16_192_64_0p5_0p02_0009_0012.uasset" 4604
"../../../Engine/Content/EngineMaterials/Substrate/GLints/dict_16_192_64_0p5_0p02_0009_0003.uasset" 4605
"../../../Engine/Content/EngineMaterials/Substrate/GLints/dict_16_192_64_0p5_0p02_0008_0014.uasset" 4606
"../../../Engine/Content/EngineMaterials/Substrate/GLints/dict_16_192_64_0p5_0p02_0009_0011.uasset" 4607
"../../../Engine/Content/EngineMaterials/Substrate/GLints/dict_16_192_64_0p5_0p02_0008_0010.uasset" 4608
"../../../Engine/Content/EngineMaterials/Substrate/GLints/dict_16_192_64_0p5_0p02_0008_0008.uasset" 4609
"../../../Engine/Content/EngineMaterials/Substrate/GLints/dict_16_192_64_0p5_0p02_0009_0010.uasset" 4610
"../../../Engine/Content/EngineMaterials/Substrate/GLints/dict_16_192_64_0p5_0p02_0009_0000.uasset" 4611
"../../../Engine/Content/EngineMaterials/Substrate/GLints/dict_16_192_64_0p5_0p02_0009_0009.uasset" 4612
"../../../Engine/Content/EngineMaterials/Substrate/GLints/dict_16_192_64_0p5_0p02_0009_0004.uasset" 4613
"/Engine/EngineMaterials/Substrate/GLints/dict_16_192_64_0p5_0p02_0008_0005" 4614
"/Engine/EngineMaterials/Substrate/GLints/dict_16_192_64_0p5_0p02_0008_0004" 4615
"/Engine/EngineMaterials/Substrate/GLints/dict_16_192_64_0p5_0p02_0008_0003" 4616
"/Engine/EngineMaterials/Substrate/GLints/dict_16_192_64_0p5_0p02_0008_0002" 4617
"/Engine/EngineMaterials/Substrate/GLints/dict_16_192_64_0p5_0p02_0008_0001" 4618
"/Engine/EngineMaterials/Substrate/GLints/dict_16_192_64_0p5_0p02_0008_0000" 4619
"/Engine/EngineMaterials/Substrate/GLints/dict_16_192_64_0p5_0p02_0007_0015" 4620
"/Engine/EngineMaterials/Substrate/GLints/dict_16_192_64_0p5_0p02_0007_0014" 4621
"/Engine/EngineMaterials/Substrate/GLints/dict_16_192_64_0p5_0p02_0008_0007" 4622
"../../../Engine/Content/EngineMaterials/Substrate/GLints/dict_16_192_64_0p5_0p02_0010_0002.uasset" 4623
"../../../Engine/Content/EngineMaterials/Substrate/GLints/dict_16_192_64_0p5_0p02_0009_0015.uasset" 4624
"../../../Engine/Content/EngineMaterials/Substrate/GLints/dict_16_192_64_0p5_0p02_0010_0007.uasset" 4625
"../../../Engine/Content/EngineMaterials/Substrate/GLints/dict_16_192_64_0p5_0p02_0010_0000.uasset" 4626
"../../../Engine/Content/EngineMaterials/Substrate/GLints/dict_16_192_64_0p5_0p02_0010_0004.uasset" 4627
"../../../Engine/Content/EngineMaterials/Substrate/GLints/dict_16_192_64_0p5_0p02_0010_0001.uasset" 4628
"../../../Engine/Content/EngineMaterials/Substrate/GLints/dict_16_192_64_0p5_0p02_0009_0014.uasset" 4629
"../../../Engine/Content/EngineMaterials/Substrate/GLints/dict_16_192_64_0p5_0p02_0010_0003.uasset" 4630
"/Engine/EngineMaterials/Substrate/GLints/dict_16_192_64_0p5_0p02_0009_0013" 4631
"../../../Engine/Content/EngineMaterials/Substrate/GLints/dict_16_192_64_0p5_0p02_0010_0005.uasset" 4632
"../../../Engine/Content/EngineMaterials/Substrate/GLints/dict_16_192_64_0p5_0p02_0010_0006.uasset" 4633
"/Engine/EngineMaterials/Substrate/GLints/dict_16_192_64_0p5_0p02_0009_0012" 4634
"/Engine/EngineMaterials/Substrate/GLints/dict_16_192_64_0p5_0p02_0009_0011" 4635
"/Engine/EngineMaterials/Substrate/GLints/dict_16_192_64_0p5_0p02_0009_0010" 4636
"/Engine/EngineMaterials/Substrate/GLints/dict_16_192_64_0p5_0p02_0009_0009" 4637
"/Engine/EngineMaterials/Substrate/GLints/dict_16_192_64_0p5_0p02_0009_0008" 4638
"/Engine/EngineMaterials/Substrate/GLints/dict_16_192_64_0p5_0p02_0009_0007" 4639
"/Engine/EngineMaterials/Substrate/GLints/dict_16_192_64_0p5_0p02_0009_0006" 4640
"/Engine/EngineMaterials/Substrate/GLints/dict_16_192_64_0p5_0p02_0009_0005" 4641
"/Engine/EngineMaterials/Substrate/GLints/dict_16_192_64_0p5_0p02_0009_0004" 4642
"/Engine/EngineMaterials/Substrate/GLints/dict_16_192_64_0p5_0p02_0009_0003" 4643
"/Engine/EngineMaterials/Substrate/GLints/dict_16_192_64_0p5_0p02_0009_0002" 4644
"/Engine/EngineMaterials/Substrate/GLints/dict_16_192_64_0p5_0p02_0009_0001" 4645
"/Engine/EngineMaterials/Substrate/GLints/dict_16_192_64_0p5_0p02_0009_0000" 4646
"/Engine/EngineMaterials/Substrate/GLints/dict_16_192_64_0p5_0p02_0008_0015" 4647
"/Engine/EngineMaterials/Substrate/GLints/dict_16_192_64_0p5_0p02_0008_0014" 4648
"/Engine/EngineMaterials/Substrate/GLints/dict_16_192_64_0p5_0p02_0008_0013" 4649
"/Engine/EngineMaterials/Substrate/GLints/dict_16_192_64_0p5_0p02_0008_0012" 4650
"/Engine/EngineMaterials/Substrate/GLints/dict_16_192_64_0p5_0p02_0008_0011" 4651
"/Engine/EngineMaterials/Substrate/GLints/dict_16_192_64_0p5_0p02_0008_0010" 4652
"/Engine/EngineMaterials/Substrate/GLints/dict_16_192_64_0p5_0p02_0010_0002" 4653
"/Engine/EngineMaterials/Substrate/GLints/dict_16_192_64_0p5_0p02_0008_0009" 4654
"/Engine/EngineMaterials/Substrate/GLints/dict_16_192_64_0p5_0p02_0008_0008" 4655
"/Engine/EngineMaterials/Substrate/GLints/dict_16_192_64_0p5_0p02_0009_0015" 4656
"../../../Engine/Content/EngineMaterials/Substrate/GLints/dict_16_192_64_0p5_0p02_0010_0010.uasset" 4657
"../../../Engine/Content/EngineMaterials/Substrate/GLints/dict_16_192_64_0p5_0p02_0011_0004.uasset" 4658
"../../../Engine/Content/EngineMaterials/Substrate/GLints/dict_16_192_64_0p5_0p02_0011_0003.uasset" 4659
"../../../Engine/Content/EngineMaterials/Substrate/GLints/dict_16_192_64_0p5_0p02_0010_0012.uasset" 4660
"../../../Engine/Content/EngineMaterials/Substrate/GLints/dict_16_192_64_0p5_0p02_0010_0014.uasset" 4661
"../../../Engine/Content/EngineMaterials/Substrate/GLints/dict_16_192_64_0p5_0p02_0011_0005.uasset" 4662
"../../../Engine/Content/EngineMaterials/Substrate/GLints/dict_16_192_64_0p5_0p02_0010_0008.uasset" 4663
"../../../Engine/Content/EngineMaterials/Substrate/GLints/dict_16_192_64_0p5_0p02_0010_0015.uasset" 4664
"/Engine/EngineMaterials/Substrate/GLints/dict_16_192_64_0p5_0p02_0010_0007" 4665
"../../../Engine/Content/EngineMaterials/Substrate/GLints/dict_16_192_64_0p5_0p02_0010_0009.uasset" 4666
"../../../Engine/Content/EngineMaterials/Substrate/GLints/dict_16_192_64_0p5_0p02_0010_0013.uasset" 4667
"../../../Engine/Content/EngineMaterials/Substrate/GLints/dict_16_192_64_0p5_0p02_0011_0010.uasset" 4668
"../../../Engine/Content/EngineMaterials/Substrate/GLints/dict_16_192_64_0p5_0p02_0011_0002.uasset" 4669
"../../../Engine/Content/EngineMaterials/Substrate/GLints/dict_16_192_64_0p5_0p02_0011_0011.uasset" 4670
"../../../Engine/Content/EngineMaterials/Substrate/GLints/dict_16_192_64_0p5_0p02_0011_0001.uasset" 4671
"../../../Engine/Content/EngineMaterials/Substrate/GLints/dict_16_192_64_0p5_0p02_0011_0012.uasset" 4672
"../../../Engine/Content/EngineMaterials/Substrate/GLints/dict_16_192_64_0p5_0p02_0011_0006.uasset" 4673
"../../../Engine/Content/EngineMaterials/Substrate/GLints/dict_16_192_64_0p5_0p02_0010_0011.uasset" 4674
"../../../Engine/Content/EngineMaterials/Substrate/GLints/dict_16_192_64_0p5_0p02_0011_0009.uasset" 4675
"../../../Engine/Content/EngineMaterials/Substrate/GLints/dict_16_192_64_0p5_0p02_0011_0007.uasset" 4676
"../../../Engine/Content/EngineMaterials/Substrate/GLints/dict_16_192_64_0p5_0p02_0011_0000.uasset" 4677
"../../../Engine/Content/EngineMaterials/Substrate/GLints/dict_16_192_64_0p5_0p02_0011_0014.uasset" 4678
"../../../Engine/Content/EngineMaterials/Substrate/GLints/dict_16_192_64_0p5_0p02_0011_0013.uasset" 4679
"../../../Engine/Content/EngineMaterials/Substrate/GLints/dict_16_192_64_0p5_0p02_0011_0015.uasset" 4680
"../../../Engine/Content/EngineMaterials/Substrate/GLints/dict_16_192_64_0p5_0p02_0011_0008.uasset" 4681
"/Engine/EngineMaterials/Substrate/GLints/dict_16_192_64_0p5_0p02_0010_0006" 4682
"/Engine/EngineMaterials/Substrate/GLints/dict_16_192_64_0p5_0p02_0010_0005" 4683
"/Engine/EngineMaterials/Substrate/GLints/dict_16_192_64_0p5_0p02_0010_0004" 4684
"/Engine/EngineMaterials/Substrate/GLints/dict_16_192_64_0p5_0p02_0010_0003" 4685
"/Engine/EngineMaterials/Substrate/GLints/dict_16_192_64_0p5_0p02_0010_0001" 4686
"/Engine/EngineMaterials/Substrate/GLints/dict_16_192_64_0p5_0p02_0010_0000" 4687
"/Engine/EngineMaterials/Substrate/GLints/dict_16_192_64_0p5_0p02_0009_0014" 4688
"../../../Engine/Content/EngineMaterials/Substrate/GLints/dict_16_192_64_0p5_0p02_0012_0002.uasset" 4689
"../../../Engine/Content/EngineMaterials/Substrate/GLints/dict_16_192_64_0p5_0p02_0012_0006.uasset" 4690
"../../../Engine/Content/EngineMaterials/Substrate/GLints/dict_16_192_64_0p5_0p02_0012_0007.uasset" 4691
"../../../Engine/Content/EngineMaterials/Substrate/GLints/dict_16_192_64_0p5_0p02_0012_0001.uasset" 4692
"/Engine/EngineMaterials/Substrate/GLints/dict_16_192_64_0p5_0p02_0011_0015" 4693
"../../../Engine/Content/EngineMaterials/Substrate/GLints/dict_16_192_64_0p5_0p02_0012_0000.uasset" 4694
"../../../Engine/Content/EngineMaterials/Substrate/GLints/dict_16_192_64_0p5_0p02_0012_0004.uasset" 4695
"../../../Engine/Content/EngineMaterials/Substrate/GLints/dict_16_192_64_0p5_0p02_0012_0003.uasset" 4696
"../../../Engine/Content/EngineMaterials/Substrate/GLints/dict_16_192_64_0p5_0p02_0012_0005.uasset" 4697
"/Engine/EngineMaterials/Substrate/GLints/dict_16_192_64_0p5_0p02_0011_0014" 4698
"/Engine/EngineMaterials/Substrate/GLints/dict_16_192_64_0p5_0p02_0011_0013" 4699
"/Engine/EngineMaterials/Substrate/GLints/dict_16_192_64_0p5_0p02_0011_0012" 4700
"/Engine/EngineMaterials/Substrate/GLints/dict_16_192_64_0p5_0p02_0011_0011" 4701
"/Engine/EngineMaterials/Substrate/GLints/dict_16_192_64_0p5_0p02_0011_0010" 4702
"/Engine/EngineMaterials/Substrate/GLints/dict_16_192_64_0p5_0p02_0011_0009" 4703
"/Engine/EngineMaterials/Substrate/GLints/dict_16_192_64_0p5_0p02_0011_0008" 4704
"/Engine/EngineMaterials/Substrate/GLints/dict_16_192_64_0p5_0p02_0011_0007" 4705
"/Engine/EngineMaterials/Substrate/GLints/dict_16_192_64_0p5_0p02_0011_0006" 4706
"/Engine/EngineMaterials/Substrate/GLints/dict_16_192_64_0p5_0p02_0011_0005" 4707
"/Engine/EngineMaterials/Substrate/GLints/dict_16_192_64_0p5_0p02_0011_0004" 4708
"/Engine/EngineMaterials/Substrate/GLints/dict_16_192_64_0p5_0p02_0011_0003" 4709
"/Engine/EngineMaterials/Substrate/GLints/dict_16_192_64_0p5_0p02_0011_0002" 4710
"/Engine/EngineMaterials/Substrate/GLints/dict_16_192_64_0p5_0p02_0011_0001" 4711
"/Engine/EngineMaterials/Substrate/GLints/dict_16_192_64_0p5_0p02_0011_0000" 4712
"/Engine/EngineMaterials/Substrate/GLints/dict_16_192_64_0p5_0p02_0010_0015" 4713
"/Engine/EngineMaterials/Substrate/GLints/dict_16_192_64_0p5_0p02_0010_0014" 4714
"/Engine/EngineMaterials/Substrate/GLints/dict_16_192_64_0p5_0p02_0010_0013" 4715
"/Engine/EngineMaterials/Substrate/GLints/dict_16_192_64_0p5_0p02_0010_0012" 4716
"/Engine/EngineMaterials/Substrate/GLints/dict_16_192_64_0p5_0p02_0010_0011" 4717
"/Engine/EngineMaterials/Substrate/GLints/dict_16_192_64_0p5_0p02_0010_0010" 4718
"/Engine/EngineMaterials/Substrate/GLints/dict_16_192_64_0p5_0p02_0010_0009" 4719
"/Engine/EngineMaterials/Substrate/GLints/dict_16_192_64_0p5_0p02_0010_0008" 4720
"../../../Engine/Content/EngineMaterials/Substrate/GLints/dict_16_192_64_0p5_0p02_0012_0010.uasset" 4721
"../../../Engine/Content/EngineMaterials/Substrate/GLints/dict_16_192_64_0p5_0p02_0012_0013.uasset" 4722
"../../../Engine/Content/EngineMaterials/Substrate/GLints/dict_16_192_64_0p5_0p02_0012_0015.uasset" 4723
"../../../Engine/Content/EngineMaterials/Substrate/GLints/dict_16_192_64_0p5_0p02_0013_0002.uasset" 4724
"../../../Engine/Content/EngineMaterials/Substrate/GLints/dict_16_192_64_0p5_0p02_0012_0011.uasset" 4725
"../../../Engine/Content/EngineMaterials/Substrate/GLints/dict_16_192_64_0p5_0p02_0012_0012.uasset" 4726
"../../../Engine/Content/EngineMaterials/Substrate/GLints/dict_16_192_64_0p5_0p02_0013_0008.uasset" 4727
"../../../Engine/Content/EngineMaterials/Substrate/GLints/dict_16_192_64_0p5_0p02_0013_0009.uasset" 4728
"../../../Engine/Content/EngineMaterials/Substrate/GLints/dict_16_192_64_0p5_0p02_0013_0003.uasset" 4729
"../../../Engine/Content/EngineMaterials/Substrate/GLints/dict_16_192_64_0p5_0p02_0012_0008.uasset" 4730
"../../../Engine/Content/EngineMaterials/Substrate/GLints/dict_16_192_64_0p5_0p02_0013_0007.uasset" 4731
"../../../Engine/Content/EngineMaterials/Substrate/GLints/dict_16_192_64_0p5_0p02_0013_0011.uasset" 4732
"../../../Engine/Content/EngineMaterials/Substrate/GLints/dict_16_192_64_0p5_0p02_0012_0014.uasset" 4733
"../../../Engine/Content/EngineMaterials/Substrate/GLints/dict_16_192_64_0p5_0p02_0013_0010.uasset" 4734
"../../../Engine/Content/EngineMaterials/Substrate/GLints/dict_16_192_64_0p5_0p02_0013_0013.uasset" 4735
"../../../Engine/Content/EngineMaterials/Substrate/GLints/dict_16_192_64_0p5_0p02_0013_0000.uasset" 4736
"../../../Engine/Content/EngineMaterials/Substrate/GLints/dict_16_192_64_0p5_0p02_0013_0015.uasset" 4737
"../../../Engine/Content/EngineMaterials/Substrate/GLints/dict_16_192_64_0p5_0p02_0013_0014.uasset" 4738
"../../../Engine/Content/EngineMaterials/Substrate/GLints/dict_16_192_64_0p5_0p02_0013_0006.uasset" 4739
"../../../Engine/Content/EngineMaterials/Substrate/GLints/dict_16_192_64_0p5_0p02_0013_0001.uasset" 4740
"/Engine/EngineMaterials/Substrate/GLints/dict_16_192_64_0p5_0p02_0012_0007" 4741
"../../../Engine/Content/EngineMaterials/Substrate/GLints/dict_16_192_64_0p5_0p02_0012_0009.uasset" 4742
"../../../Engine/Content/EngineMaterials/Substrate/GLints/dict_16_192_64_0p5_0p02_0013_0005.uasset" 4743
"../../../Engine/Content/EngineMaterials/Substrate/GLints/dict_16_192_64_0p5_0p02_0013_0012.uasset" 4744
"../../../Engine/Content/EngineMaterials/Substrate/GLints/dict_16_192_64_0p5_0p02_0013_0004.uasset" 4745
"/Engine/EngineMaterials/Substrate/GLints/dict_16_192_64_0p5_0p02_0012_0006" 4746
"/Engine/EngineMaterials/Substrate/GLints/dict_16_192_64_0p5_0p02_0012_0005" 4747
"/Engine/EngineMaterials/Substrate/GLints/dict_16_192_64_0p5_0p02_0012_0004" 4748
"/Engine/EngineMaterials/Substrate/GLints/dict_16_192_64_0p5_0p02_0012_0003" 4749
"/Engine/EngineMaterials/Substrate/GLints/dict_16_192_64_0p5_0p02_0012_0002" 4750
"/Engine/EngineMaterials/Substrate/GLints/dict_16_192_64_0p5_0p02_0012_0001" 4751
"/Engine/EngineMaterials/Substrate/GLints/dict_16_192_64_0p5_0p02_0012_0000" 4752
"../../../Engine/Content/EngineMaterials/Substrate/GLints/dict_16_192_64_0p5_0p02_0014_0002.uasset" 4753
"../../../Engine/Content/EngineMaterials/Substrate/GLints/dict_16_192_64_0p5_0p02_0014_0004.uasset" 4754
"../../../Engine/Content/EngineMaterials/Substrate/GLints/dict_16_192_64_0p5_0p02_0014_0001.uasset" 4755
"../../../Engine/Content/EngineMaterials/Substrate/GLints/dict_16_192_64_0p5_0p02_0014_0000.uasset" 4756
"../../../Engine/Content/EngineMaterials/Substrate/GLints/dict_16_192_64_0p5_0p02_0014_0003.uasset" 4757
"/Engine/EngineMaterials/Substrate/GLints/dict_16_192_64_0p5_0p02_0013_0015" 4758
"../../../Engine/Content/EngineMaterials/Substrate/GLints/dict_16_192_64_0p5_0p02_0014_0006.uasset" 4759
"../../../Engine/Content/EngineMaterials/Substrate/GLints/dict_16_192_64_0p5_0p02_0014_0007.uasset" 4760
"../../../Engine/Content/EngineMaterials/Substrate/GLints/dict_16_192_64_0p5_0p02_0014_0005.uasset" 4761
"/Engine/EngineMaterials/Substrate/GLints/dict_16_192_64_0p5_0p02_0013_0014" 4762
"/Engine/EngineMaterials/Substrate/GLints/dict_16_192_64_0p5_0p02_0013_0013" 4763
"/Engine/EngineMaterials/Substrate/GLints/dict_16_192_64_0p5_0p02_0013_0012" 4764
"/Engine/EngineMaterials/Substrate/GLints/dict_16_192_64_0p5_0p02_0013_0011" 4765
"/Engine/EngineMaterials/Substrate/GLints/dict_16_192_64_0p5_0p02_0013_0010" 4766
"/Engine/EngineMaterials/Substrate/GLints/dict_16_192_64_0p5_0p02_0013_0009" 4767
"/Engine/EngineMaterials/Substrate/GLints/dict_16_192_64_0p5_0p02_0013_0008" 4768
"/Engine/EngineMaterials/Substrate/GLints/dict_16_192_64_0p5_0p02_0013_0007" 4769
"/Engine/EngineMaterials/Substrate/GLints/dict_16_192_64_0p5_0p02_0013_0006" 4770
"/Engine/EngineMaterials/Substrate/GLints/dict_16_192_64_0p5_0p02_0013_0005" 4771
"/Engine/EngineMaterials/Substrate/GLints/dict_16_192_64_0p5_0p02_0013_0004" 4772
"/Engine/EngineMaterials/Substrate/GLints/dict_16_192_64_0p5_0p02_0013_0003" 4773
"/Engine/EngineMaterials/Substrate/GLints/dict_16_192_64_0p5_0p02_0013_0002" 4774
"/Engine/EngineMaterials/Substrate/GLints/dict_16_192_64_0p5_0p02_0013_0001" 4775
"/Engine/EngineMaterials/Substrate/GLints/dict_16_192_64_0p5_0p02_0013_0000" 4776
"/Engine/EngineMaterials/Substrate/GLints/dict_16_192_64_0p5_0p02_0012_0015" 4777
"/Engine/EngineMaterials/Substrate/GLints/dict_16_192_64_0p5_0p02_0012_0014" 4778
"/Engine/EngineMaterials/Substrate/GLints/dict_16_192_64_0p5_0p02_0012_0013" 4779
"/Engine/EngineMaterials/Substrate/GLints/dict_16_192_64_0p5_0p02_0012_0012" 4780
"/Engine/EngineMaterials/Substrate/GLints/dict_16_192_64_0p5_0p02_0012_0011" 4781
"/Engine/EngineMaterials/Substrate/GLints/dict_16_192_64_0p5_0p02_0012_0010" 4782
"/Engine/EngineMaterials/Substrate/GLints/dict_16_192_64_0p5_0p02_0012_0009" 4783
"/Engine/EngineMaterials/Substrate/GLints/dict_16_192_64_0p5_0p02_0012_0008" 4784
"../../../Engine/Content/EngineMaterials/Substrate/GLints/dict_16_192_64_0p5_0p02_0014_0011.uasset" 4785
"../../../Engine/Content/EngineMaterials/Substrate/GLints/dict_16_192_64_0p5_0p02_0015_0002.uasset" 4786
"../../../Engine/Content/EngineMaterials/Substrate/GLints/dict_16_192_64_0p5_0p02_0014_0010.uasset" 4787
"../../../Engine/Content/EngineMaterials/Substrate/GLints/dict_16_192_64_0p5_0p02_0015_0007.uasset" 4788
"../../../Engine/Content/EngineMaterials/Substrate/GLints/dict_16_192_64_0p5_0p02_0015_0000.uasset" 4789
"../../../Engine/Content/EngineMaterials/Substrate/GLints/dict_16_192_64_0p5_0p02_0015_0003.uasset" 4790
"../../../Engine/Content/EngineMaterials/Substrate/GLints/dict_16_192_64_0p5_0p02_0014_0009.uasset" 4791
"../../../Engine/Content/EngineMaterials/Substrate/GLints/dict_16_192_64_0p5_0p02_0014_0014.uasset" 4792
"../../../Engine/Content/EngineMaterials/Substrate/GLints/dict_16_192_64_0p5_0p02_0015_0004.uasset" 4793
"../../../Engine/Content/EngineMaterials/Substrate/GLints/dict_16_192_64_0p5_0p02_0014_0015.uasset" 4794
"../../../Engine/Content/EngineMaterials/Substrate/GLints/dict_16_192_64_0p5_0p02_0015_0009.uasset" 4795
"../../../Engine/Content/EngineMaterials/Substrate/GLints/dict_16_192_64_0p5_0p02_0015_0008.uasset" 4796
"../../../Engine/Content/EngineMaterials/Substrate/GLints/dict_16_192_64_0p5_0p02_0015_0013.uasset" 4797
"../../../Engine/Content/EngineMaterials/Substrate/GLints/dict_16_192_64_0p5_0p02_0015_0011.uasset" 4798
"../../../Engine/Content/EngineMaterials/Substrate/GLints/dict_16_192_64_0p5_0p02_0015_0012.uasset" 4799
"../../../Engine/Content/EngineMaterials/Substrate/GLints/dict_16_192_64_0p5_0p02_0015_0006.uasset" 4800
"/Engine/EngineMaterials/Substrate/GLints/dict_16_192_64_0p5_0p02_0014_0007" 4801
"../../../Engine/Content/EngineMaterials/Substrate/GLints/dict_16_192_64_0p5_0p02_0014_0012.uasset" 4802
"../../../Engine/Content/EngineMaterials/Substrate/GLints/dict_16_192_64_0p5_0p02_0015_0005.uasset" 4803
"../../../Engine/Content/EngineMaterials/Substrate/GLints/dict_16_192_64_0p5_0p02_0014_0013.uasset" 4804
"../../../Engine/Content/EngineMaterials/Substrate/GLints/dict_16_192_64_0p5_0p02_0015_0010.uasset" 4805
"../../../Engine/Content/EngineMaterials/Substrate/GLints/dict_16_192_64_0p5_0p02_0015_0001.uasset" 4806
"../../../Engine/Content/EngineMaterials/Substrate/GLints/dict_16_192_64_0p5_0p02_0015_0014.uasset" 4807
"../../../Engine/Content/EngineMaterials/Substrate/GLints/dict_16_192_64_0p5_0p02_0014_0008.uasset" 4808
"../../../Engine/Content/EngineMaterials/Substrate/GLints/dict_16_192_64_0p5_0p02_0015_0015.uasset" 4809
"/Engine/EngineMaterials/Substrate/GLints/dict_16_192_64_0p5_0p02_0014_0006" 4810
"/Engine/EngineMaterials/Substrate/GLints/dict_16_192_64_0p5_0p02_0014_0005" 4811
"/Engine/EngineMaterials/Substrate/GLints/dict_16_192_64_0p5_0p02_0014_0004" 4812
"/Engine/EngineMaterials/Substrate/GLints/dict_16_192_64_0p5_0p02_0014_0003" 4813
"/Engine/EngineMaterials/Substrate/GLints/dict_16_192_64_0p5_0p02_0014_0002" 4814
"/Engine/EngineMaterials/Substrate/GLints/dict_16_192_64_0p5_0p02_0014_0001" 4815
"/Engine/EngineMaterials/Substrate/GLints/dict_16_192_64_0p5_0p02_0014_0000" 4816
"../../../Engine/Content/EngineMaterials/Substrate/GLints/dict_16_192_64_0p5_0p02_0016_0000.uasset" 4817
"../../../Engine/Content/EngineMaterials/Substrate/GLints/dict_16_192_64_0p5_0p02_0016_0004.uasset" 4818
"../../../Engine/Content/EngineMaterials/Substrate/GLints/dict_16_192_64_0p5_0p02_0016_0005.uasset" 4819
"../../../Engine/Content/EngineMaterials/Substrate/GLints/dict_16_192_64_0p5_0p02_0016_0006.uasset" 4820
"../../../Engine/Content/EngineMaterials/Substrate/GLints/dict_16_192_64_0p5_0p02_0016_0007.uasset" 4821
"../../../Engine/Content/EngineMaterials/Substrate/GLints/dict_16_192_64_0p5_0p02_0016_0003.uasset" 4822
"/Engine/EngineMaterials/Substrate/GLints/dict_16_192_64_0p5_0p02_0015_0015" 4823
"../../../Engine/Content/EngineMaterials/Substrate/GLints/dict_16_192_64_0p5_0p02_0016_0002.uasset" 4824
"../../../Engine/Content/EngineMaterials/Substrate/GLints/dict_16_192_64_0p5_0p02_0016_0001.uasset" 4825
"/Engine/EngineMaterials/Substrate/GLints/dict_16_192_64_0p5_0p02_0015_0014" 4826
"/Engine/EngineMaterials/Substrate/GLints/dict_16_192_64_0p5_0p02_0015_0013" 4827
"/Engine/EngineMaterials/Substrate/GLints/dict_16_192_64_0p5_0p02_0015_0012" 4828
"/Engine/EngineMaterials/Substrate/GLints/dict_16_192_64_0p5_0p02_0015_0011" 4829
"/Engine/EngineMaterials/Substrate/GLints/dict_16_192_64_0p5_0p02_0015_0010" 4830
"/Engine/EngineMaterials/Substrate/GLints/dict_16_192_64_0p5_0p02_0015_0009" 4831
"/Engine/EngineMaterials/Substrate/GLints/dict_16_192_64_0p5_0p02_0015_0008" 4832
"/Engine/EngineMaterials/Substrate/GLints/dict_16_192_64_0p5_0p02_0015_0007" 4833
"/Engine/EngineMaterials/Substrate/GLints/dict_16_192_64_0p5_0p02_0015_0006" 4834
"/Engine/EngineMaterials/Substrate/GLints/dict_16_192_64_0p5_0p02_0015_0005" 4835
"/Engine/EngineMaterials/Substrate/GLints/dict_16_192_64_0p5_0p02_0015_0004" 4836
"/Engine/EngineMaterials/Substrate/GLints/dict_16_192_64_0p5_0p02_0015_0003" 4837
"/Engine/EngineMaterials/Substrate/GLints/dict_16_192_64_0p5_0p02_0015_0002" 4838
"/Engine/EngineMaterials/Substrate/GLints/dict_16_192_64_0p5_0p02_0015_0001" 4839
"/Engine/EngineMaterials/Substrate/GLints/dict_16_192_64_0p5_0p02_0015_0000" 4840
"/Engine/EngineMaterials/Substrate/GLints/dict_16_192_64_0p5_0p02_0014_0015" 4841
"/Engine/EngineMaterials/Substrate/GLints/dict_16_192_64_0p5_0p02_0014_0014" 4842
"/Engine/EngineMaterials/Substrate/GLints/dict_16_192_64_0p5_0p02_0014_0013" 4843
"/Engine/EngineMaterials/Substrate/GLints/dict_16_192_64_0p5_0p02_0014_0012" 4844
"/Engine/EngineMaterials/Substrate/GLints/dict_16_192_64_0p5_0p02_0014_0011" 4845
"/Engine/EngineMaterials/Substrate/GLints/dict_16_192_64_0p5_0p02_0014_0010" 4846
"/Engine/EngineMaterials/Substrate/GLints/dict_16_192_64_0p5_0p02_0014_0009" 4847
"/Engine/EngineMaterials/Substrate/GLints/dict_16_192_64_0p5_0p02_0014_0008" 4848
"../../../Engine/Content/EngineMaterials/Substrate/GLints/dict_16_192_64_0p5_0p02_0016_0008.uasset" 4849
"../../../Engine/Content/EngineMaterials/Substrate/GLints/dict_16_192_64_0p5_0p02_0016_0010.uasset" 4850
"../../../Engine/Content/EngineMaterials/Substrate/GLints/dict_16_192_64_0p5_0p02_0016_0012.uasset" 4851
"../../../Engine/Content/EngineMaterials/Substrate/GLints/dict_16_192_64_0p5_0p02_0017_0004.uasset" 4852
"../../../Engine/Content/EngineMaterials/Substrate/GLints/dict_16_192_64_0p5_0p02_0017_0002.uasset" 4853
"../../../Engine/Content/EngineMaterials/Substrate/GLints/dict_16_192_64_0p5_0p02_0016_0014.uasset" 4854
"../../../Engine/Content/EngineMaterials/Substrate/GLints/dict_16_192_64_0p5_0p02_0017_0003.uasset" 4855
"../../../Engine/Content/EngineMaterials/Substrate/GLints/dict_16_192_64_0p5_0p02_0016_0013.uasset" 4856
"../../../Engine/Content/EngineMaterials/Substrate/GLints/dict_16_192_64_0p5_0p02_0017_0000.uasset" 4857
"../../../Engine/Content/EngineMaterials/Substrate/GLints/dict_16_192_64_0p5_0p02_0017_0007.uasset" 4858
"../../../Engine/Content/EngineMaterials/Substrate/GLints/dict_16_192_64_0p5_0p02_0017_0010.uasset" 4859
"../../../Engine/Content/EngineMaterials/Substrate/GLints/dict_16_192_64_0p5_0p02_0016_0015.uasset" 4860
"../../../Engine/Content/EngineMaterials/Substrate/GLints/dict_16_192_64_0p5_0p02_0017_0009.uasset" 4861
"../../../Engine/Content/EngineMaterials/Substrate/GLints/dict_16_192_64_0p5_0p02_0016_0011.uasset" 4862
"../../../Engine/Content/EngineMaterials/Substrate/GLints/dict_16_192_64_0p5_0p02_0017_0014.uasset" 4863
"../../../Engine/Content/EngineMaterials/Substrate/GLints/dict_16_192_64_0p5_0p02_0017_0015.uasset" 4864
"../../../Engine/Content/EngineMaterials/Substrate/GLints/dict_16_192_64_0p5_0p02_0017_0013.uasset" 4865
"../../../Engine/Content/EngineMaterials/Substrate/GLints/dict_16_192_64_0p5_0p02_0017_0008.uasset" 4866
"../../../Engine/Content/EngineMaterials/Substrate/GLints/dict_16_192_64_0p5_0p02_0016_0009.uasset" 4867
"/Engine/EngineMaterials/Substrate/GLints/dict_16_192_64_0p5_0p02_0016_0007" 4868
"../../../Engine/Content/EngineMaterials/Substrate/GLints/dict_16_192_64_0p5_0p02_0017_0006.uasset" 4869
"../../../Engine/Content/EngineMaterials/Substrate/GLints/dict_16_192_64_0p5_0p02_0017_0005.uasset" 4870
"../../../Engine/Content/EngineMaterials/Substrate/GLints/dict_16_192_64_0p5_0p02_0017_0012.uasset" 4871
"../../../Engine/Content/EngineMaterials/Substrate/GLints/dict_16_192_64_0p5_0p02_0017_0011.uasset" 4872
"../../../Engine/Content/EngineMaterials/Substrate/GLints/dict_16_192_64_0p5_0p02_0017_0001.uasset" 4873
"/Engine/EngineMaterials/Substrate/GLints/dict_16_192_64_0p5_0p02_0016_0006" 4874
"/Engine/EngineMaterials/Substrate/GLints/dict_16_192_64_0p5_0p02_0016_0005" 4875
"/Engine/EngineMaterials/Substrate/GLints/dict_16_192_64_0p5_0p02_0016_0004" 4876
"/Engine/EngineMaterials/Substrate/GLints/dict_16_192_64_0p5_0p02_0016_0003" 4877
"/Engine/EngineMaterials/Substrate/GLints/dict_16_192_64_0p5_0p02_0016_0002" 4878
"/Engine/EngineMaterials/Substrate/GLints/dict_16_192_64_0p5_0p02_0016_0001" 4879
"/Engine/EngineMaterials/Substrate/GLints/dict_16_192_64_0p5_0p02_0016_0008" 4880
"/Engine/EngineMaterials/Substrate/GLints/dict_16_192_64_0p5_0p02_0016_0000" 4881
"../../../Engine/Content/EngineMaterials/Substrate/GLints/dict_16_192_64_0p5_0p02_0018_0001.uasset" 4882
"../../../Engine/Content/EngineMaterials/Substrate/GLints/dict_16_192_64_0p5_0p02_0018_0000.uasset" 4883
"../../../Engine/Content/EngineMaterials/Substrate/GLints/dict_16_192_64_0p5_0p02_0018_0004.uasset" 4884
"../../../Engine/Content/EngineMaterials/Substrate/GLints/dict_16_192_64_0p5_0p02_0018_0005.uasset" 4885
"../../../Engine/Content/EngineMaterials/Substrate/GLints/dict_16_192_64_0p5_0p02_0018_0002.uasset" 4886
"/Engine/EngineMaterials/Substrate/GLints/dict_16_192_64_0p5_0p02_0017_0015" 4887
"../../../Engine/Content/EngineMaterials/Substrate/GLints/dict_16_192_64_0p5_0p02_0018_0003.uasset" 4888
"../../../Engine/Content/EngineMaterials/Substrate/GLints/dict_16_192_64_0p5_0p02_0018_0006.uasset" 4889
"../../../Engine/Content/EngineMaterials/Substrate/GLints/dict_16_192_64_0p5_0p02_0018_0008.uasset" 4890
"../../../Engine/Content/EngineMaterials/Substrate/GLints/dict_16_192_64_0p5_0p02_0018_0007.uasset" 4891
"/Engine/EngineMaterials/Substrate/GLints/dict_16_192_64_0p5_0p02_0017_0014" 4892
"/Engine/EngineMaterials/Substrate/GLints/dict_16_192_64_0p5_0p02_0017_0013" 4893
"/Engine/EngineMaterials/Substrate/GLints/dict_16_192_64_0p5_0p02_0017_0012" 4894
"/Engine/EngineMaterials/Substrate/GLints/dict_16_192_64_0p5_0p02_0017_0011" 4895
"/Engine/EngineMaterials/Substrate/GLints/dict_16_192_64_0p5_0p02_0017_0010" 4896
"/Engine/EngineMaterials/Substrate/GLints/dict_16_192_64_0p5_0p02_0017_0009" 4897
"/Engine/EngineMaterials/Substrate/GLints/dict_16_192_64_0p5_0p02_0017_0008" 4898
"/Engine/EngineMaterials/Substrate/GLints/dict_16_192_64_0p5_0p02_0017_0007" 4899
"/Engine/EngineMaterials/Substrate/GLints/dict_16_192_64_0p5_0p02_0017_0006" 4900
"/Engine/EngineMaterials/Substrate/GLints/dict_16_192_64_0p5_0p02_0017_0005" 4901
"/Engine/EngineMaterials/Substrate/GLints/dict_16_192_64_0p5_0p02_0017_0004" 4902
"/Engine/EngineMaterials/Substrate/GLints/dict_16_192_64_0p5_0p02_0017_0003" 4903
"/Engine/EngineMaterials/Substrate/GLints/dict_16_192_64_0p5_0p02_0017_0002" 4904
"/Engine/EngineMaterials/Substrate/GLints/dict_16_192_64_0p5_0p02_0017_0001" 4905
"/Engine/EngineMaterials/Substrate/GLints/dict_16_192_64_0p5_0p02_0017_0000" 4906
"/Engine/EngineMaterials/Substrate/GLints/dict_16_192_64_0p5_0p02_0016_0015" 4907
"/Engine/EngineMaterials/Substrate/GLints/dict_16_192_64_0p5_0p02_0016_0014" 4908
"/Engine/EngineMaterials/Substrate/GLints/dict_16_192_64_0p5_0p02_0016_0013" 4909
"/Engine/EngineMaterials/Substrate/GLints/dict_16_192_64_0p5_0p02_0016_0012" 4910
"/Engine/EngineMaterials/Substrate/GLints/dict_16_192_64_0p5_0p02_0016_0011" 4911
"/Engine/EngineMaterials/Substrate/GLints/dict_16_192_64_0p5_0p02_0016_0010" 4912
"/Engine/EngineMaterials/Substrate/GLints/dict_16_192_64_0p5_0p02_0016_0009" 4913
"/Engine/EngineMaterials/Substrate/GLints/dict_16_192_64_0p5_0p02_0018_0001" 4914
"/Engine/EngineMaterials/Substrate/GLints/dict_16_192_64_0p5_0p02_0018_0000" 4915
"../../../Engine/Content/EngineMaterials/Substrate/GLints/dict_16_192_64_0p5_0p02_0018_0010.uasset" 4916
"../../../Engine/Content/EngineMaterials/Substrate/GLints/dict_16_192_64_0p5_0p02_0018_0011.uasset" 4917
"../../../Engine/Content/EngineMaterials/Substrate/GLints/dict_16_192_64_0p5_0p02_0018_0009.uasset" 4918
"../../../Engine/Content/EngineMaterials/Substrate/GLints/dict_16_192_64_0p5_0p02_0018_0012.uasset" 4919
"../../../Engine/Content/EngineMaterials/Substrate/GLints/dict_16_192_64_0p5_0p02_0018_0013.uasset" 4920
"../../../Engine/Content/EngineMaterials/Substrate/GLints/dict_16_192_64_0p5_0p02_0018_0015.uasset" 4921
"../../../Engine/Content/EngineMaterials/Substrate/GLints/dict_16_192_64_0p5_0p02_0019_0003.uasset" 4922
"../../../Engine/Content/EngineMaterials/Substrate/GLints/dict_16_192_64_0p5_0p02_0019_0007.uasset" 4923
"../../../Engine/Content/EngineMaterials/Substrate/GLints/dict_16_192_64_0p5_0p02_0019_0011.uasset" 4924
"../../../Engine/Content/EngineMaterials/Substrate/GLints/dict_16_192_64_0p5_0p02_0019_0009.uasset" 4925
"../../../Engine/Content/EngineMaterials/Substrate/GLints/dict_16_192_64_0p5_0p02_0019_0005.uasset" 4926
"../../../Engine/Content/EngineMaterials/Substrate/GLints/dict_16_192_64_0p5_0p02_0019_0014.uasset" 4927
"../../../Engine/Content/EngineMaterials/Substrate/GLints/dict_16_192_64_0p5_0p02_0019_0013.uasset" 4928
"../../../Engine/Content/EngineMaterials/Substrate/GLints/dict_16_192_64_0p5_0p02_0019_0015.uasset" 4929
"../../../Engine/Content/EngineMaterials/Substrate/GLints/dict_16_192_64_0p5_0p02_0020_0001.uasset" 4930
"../../../Engine/Content/EngineMaterials/Substrate/GLints/dict_16_192_64_0p5_0p02_0019_0010.uasset" 4931
"../../../Engine/Content/EngineMaterials/Substrate/GLints/dict_16_192_64_0p5_0p02_0019_0002.uasset" 4932
"../../../Engine/Content/EngineMaterials/Substrate/GLints/dict_16_192_64_0p5_0p02_0019_0008.uasset" 4933
"../../../Engine/Content/EngineMaterials/Substrate/GLints/dict_16_192_64_0p5_0p02_0018_0014.uasset" 4934
"../../../Engine/Content/EngineMaterials/Substrate/GLints/dict_16_192_64_0p5_0p02_0019_0006.uasset" 4935
"../../../Engine/Content/EngineMaterials/Substrate/GLints/dict_16_192_64_0p5_0p02_0019_0012.uasset" 4936
"/Engine/EngineMaterials/Substrate/GLints/dict_16_192_64_0p5_0p02_0018_0008" 4937
"../../../Engine/Content/EngineMaterials/Substrate/GLints/dict_16_192_64_0p5_0p02_0019_0004.uasset" 4938
"../../../Engine/Content/EngineMaterials/Substrate/GLints/dict_16_192_64_0p5_0p02_0019_0001.uasset" 4939
"../../../Engine/Content/EngineMaterials/Substrate/GLints/dict_16_192_64_0p5_0p02_0020_0000.uasset" 4940
"../../../Engine/Content/EngineMaterials/Substrate/GLints/dict_16_192_64_0p5_0p02_0019_0000.uasset" 4941
"/Engine/EngineMaterials/Substrate/GLints/dict_16_192_64_0p5_0p02_0018_0007" 4942
"/Engine/EngineMaterials/Substrate/GLints/dict_16_192_64_0p5_0p02_0018_0006" 4943
"/Engine/EngineMaterials/Substrate/GLints/dict_16_192_64_0p5_0p02_0018_0005" 4944
"/Engine/EngineMaterials/Substrate/GLints/dict_16_192_64_0p5_0p02_0018_0004" 4945
"/Engine/EngineMaterials/Substrate/GLints/dict_16_192_64_0p5_0p02_0018_0003" 4946
"/Engine/EngineMaterials/Substrate/GLints/dict_16_192_64_0p5_0p02_0018_0002" 4947
"/Engine/EngineMaterials/Substrate/GLints/dict_16_192_64_0p5_0p02_0018_0011" 4948
"/Engine/EngineMaterials/Substrate/GLints/dict_16_192_64_0p5_0p02_0018_0010" 4949
"/Engine/EngineMaterials/Substrate/GLints/dict_16_192_64_0p5_0p02_0018_0009" 4950
"../../../Engine/Content/EngineMaterials/Substrate/GLints/dict_16_192_64_0p5_0p02_0020_0002.uasset" 4951
"../../../Engine/Content/EngineMaterials/Substrate/GLints/dict_16_192_64_0p5_0p02_0020_0004.uasset" 4952
"../../../Engine/Content/EngineMaterials/Substrate/GLints/dict_16_192_64_0p5_0p02_0020_0007.uasset" 4953
"../../../Engine/Content/EngineMaterials/Substrate/GLints/dict_16_192_64_0p5_0p02_0020_0005.uasset" 4954
"../../../Engine/Content/EngineMaterials/Substrate/GLints/dict_16_192_64_0p5_0p02_0020_0006.uasset" 4955
"/Engine/EngineMaterials/Substrate/GLints/dict_16_192_64_0p5_0p02_0020_0001" 4956
"../../../Engine/Content/EngineMaterials/Substrate/GLints/dict_16_192_64_0p5_0p02_0020_0008.uasset" 4957
"../../../Engine/Content/EngineMaterials/Substrate/GLints/dict_16_192_64_0p5_0p02_0020_0011.uasset" 4958
"../../../Engine/Content/EngineMaterials/Substrate/GLints/dict_16_192_64_0p5_0p02_0020_0003.uasset" 4959
"../../../Engine/Content/EngineMaterials/Substrate/GLints/dict_16_192_64_0p5_0p02_0020_0010.uasset" 4960
"../../../Engine/Content/EngineMaterials/Substrate/GLints/dict_16_192_64_0p5_0p02_0020_0009.uasset" 4961
"/Engine/EngineMaterials/Substrate/GLints/dict_16_192_64_0p5_0p02_0020_0000" 4962
"/Engine/EngineMaterials/Substrate/GLints/dict_16_192_64_0p5_0p02_0019_0015" 4963
"/Engine/EngineMaterials/Substrate/GLints/dict_16_192_64_0p5_0p02_0019_0014" 4964
"/Engine/EngineMaterials/Substrate/GLints/dict_16_192_64_0p5_0p02_0019_0013" 4965
"/Engine/EngineMaterials/Substrate/GLints/dict_16_192_64_0p5_0p02_0019_0012" 4966
"/Engine/EngineMaterials/Substrate/GLints/dict_16_192_64_0p5_0p02_0019_0011" 4967
"/Engine/EngineMaterials/Substrate/GLints/dict_16_192_64_0p5_0p02_0019_0010" 4968
"/Engine/EngineMaterials/Substrate/GLints/dict_16_192_64_0p5_0p02_0019_0009" 4969
"/Engine/EngineMaterials/Substrate/GLints/dict_16_192_64_0p5_0p02_0019_0008" 4970
"/Engine/EngineMaterials/Substrate/GLints/dict_16_192_64_0p5_0p02_0019_0007" 4971
"/Engine/EngineMaterials/Substrate/GLints/dict_16_192_64_0p5_0p02_0019_0006" 4972
"/Engine/EngineMaterials/Substrate/GLints/dict_16_192_64_0p5_0p02_0019_0005" 4973
"/Engine/EngineMaterials/Substrate/GLints/dict_16_192_64_0p5_0p02_0019_0004" 4974
"/Engine/EngineMaterials/Substrate/GLints/dict_16_192_64_0p5_0p02_0019_0003" 4975
"/Engine/EngineMaterials/Substrate/GLints/dict_16_192_64_0p5_0p02_0019_0002" 4976
"/Engine/EngineMaterials/Substrate/GLints/dict_16_192_64_0p5_0p02_0019_0001" 4977
"/Engine/EngineMaterials/Substrate/GLints/dict_16_192_64_0p5_0p02_0019_0000" 4978
"/Engine/EngineMaterials/Substrate/GLints/dict_16_192_64_0p5_0p02_0018_0015" 4979
"/Engine/EngineMaterials/Substrate/GLints/dict_16_192_64_0p5_0p02_0018_0014" 4980
"/Engine/EngineMaterials/Substrate/GLints/dict_16_192_64_0p5_0p02_0018_0013" 4981
"/Engine/EngineMaterials/Substrate/GLints/dict_16_192_64_0p5_0p02_0018_0012" 4982
"/Engine/EngineMaterials/Substrate/GLints/dict_16_192_64_0p5_0p02_0020_0002" 4983
"../../../Engine/Content/EngineMaterials/Substrate/GLints/dict_16_192_64_0p5_0p02_0020_0012.uasset" 4984
"../../../Engine/Content/EngineMaterials/Substrate/GLints/dict_16_192_64_0p5_0p02_0021_0003.uasset" 4985
"../../../Engine/Content/EngineMaterials/Substrate/GLints/dict_16_192_64_0p5_0p02_0021_0001.uasset" 4986
"../../../Engine/Content/EngineMaterials/Substrate/GLints/dict_16_192_64_0p5_0p02_0021_0004.uasset" 4987
"/Engine/EngineMaterials/Substrate/GLints/dict_16_192_64_0p5_0p02_0020_0011" 4988
"../../../Engine/Content/EngineMaterials/Substrate/GLints/dict_16_192_64_0p5_0p02_0020_0015.uasset" 4989
"../../../Engine/Content/EngineMaterials/Substrate/GLints/dict_16_192_64_0p5_0p02_0020_0013.uasset" 4990
"../../../Engine/Content/EngineMaterials/Substrate/GLints/dict_16_192_64_0p5_0p02_0021_0006.uasset" 4991
"../../../Engine/Content/EngineMaterials/Substrate/GLints/dict_16_192_64_0p5_0p02_0021_0007.uasset" 4992
"../../../Engine/Content/EngineMaterials/Substrate/GLints/dict_16_192_64_0p5_0p02_0021_0009.uasset" 4993
"../../../Engine/Content/EngineMaterials/Substrate/GLints/dict_16_192_64_0p5_0p02_0020_0014.uasset" 4994
"../../../Engine/Content/EngineMaterials/Substrate/GLints/dict_16_192_64_0p5_0p02_0021_0014.uasset" 4995
"../../../Engine/Content/EngineMaterials/Substrate/GLints/dict_16_192_64_0p5_0p02_0021_0002.uasset" 4996
"../../../Engine/Content/EngineMaterials/Substrate/GLints/dict_16_192_64_0p5_0p02_0021_0008.uasset" 4997
"../../../Engine/Content/EngineMaterials/Substrate/GLints/dict_16_192_64_0p5_0p02_0022_0002.uasset" 4998
"../../../Engine/Content/EngineMaterials/Substrate/GLints/dict_16_192_64_0p5_0p02_0021_0013.uasset" 4999
"../../../Engine/Content/EngineMaterials/Substrate/GLints/dict_16_192_64_0p5_0p02_0021_0000.uasset" 5000
"../../../Engine/Content/EngineMaterials/Substrate/GLints/dict_16_192_64_0p5_0p02_0021_0010.uasset" 5001
"../../../Engine/Content/EngineMaterials/Substrate/GLints/dict_16_192_64_0p5_0p02_0022_0001.uasset" 5002
"../../../Engine/Content/EngineMaterials/Substrate/GLints/dict_16_192_64_0p5_0p02_0022_0000.uasset" 5003
"../../../Engine/Content/EngineMaterials/Substrate/GLints/dict_16_192_64_0p5_0p02_0021_0011.uasset" 5004
"../../../Engine/Content/EngineMaterials/Substrate/GLints/dict_16_192_64_0p5_0p02_0021_0012.uasset" 5005
"../../../Engine/Content/EngineMaterials/Substrate/GLints/dict_16_192_64_0p5_0p02_0021_0015.uasset" 5006
"/Engine/EngineMaterials/Substrate/GLints/dict_16_192_64_0p5_0p02_0020_0010" 5007
"../../../Engine/Content/EngineMaterials/Substrate/GLints/dict_16_192_64_0p5_0p02_0021_0005.uasset" 5008
"/Engine/EngineMaterials/Substrate/GLints/dict_16_192_64_0p5_0p02_0020_0009" 5009
"/Engine/EngineMaterials/Substrate/GLints/dict_16_192_64_0p5_0p02_0020_0008" 5010
"/Engine/EngineMaterials/Substrate/GLints/dict_16_192_64_0p5_0p02_0020_0007" 5011
"/Engine/EngineMaterials/Substrate/GLints/dict_16_192_64_0p5_0p02_0020_0006" 5012
"/Engine/EngineMaterials/Substrate/GLints/dict_16_192_64_0p5_0p02_0020_0005" 5013
"/Engine/EngineMaterials/Substrate/GLints/dict_16_192_64_0p5_0p02_0020_0004" 5014
"/Engine/EngineMaterials/Substrate/GLints/dict_16_192_64_0p5_0p02_0020_0003" 5015
"../../../Engine/Content/EngineMaterials/Substrate/GLints/dict_16_192_64_0p5_0p02_0022_0003.uasset" 5016
"../../../Engine/Content/EngineMaterials/Substrate/GLints/dict_16_192_64_0p5_0p02_0022_0004.uasset" 5017
"../../../Engine/Content/EngineMaterials/Substrate/GLints/dict_16_192_64_0p5_0p02_0022_0010.uasset" 5018
"../../../Engine/Content/EngineMaterials/Substrate/GLints/dict_16_192_64_0p5_0p02_0022_0005.uasset" 5019
"../../../Engine/Content/EngineMaterials/Substrate/GLints/dict_16_192_64_0p5_0p02_0022_0008.uasset" 5020
"../../../Engine/Content/EngineMaterials/Substrate/GLints/dict_16_192_64_0p5_0p02_0022_0006.uasset" 5021
"../../../Engine/Content/EngineMaterials/Substrate/GLints/dict_16_192_64_0p5_0p02_0022_0011.uasset" 5022
"../../../Engine/Content/EngineMaterials/Substrate/GLints/dict_16_192_64_0p5_0p02_0022_0007.uasset" 5023
"../../../Engine/Content/EngineMaterials/Substrate/GLints/dict_16_192_64_0p5_0p02_0022_0009.uasset" 5024
"/Engine/EngineMaterials/Substrate/GLints/dict_16_192_64_0p5_0p02_0022_0002" 5025
"/Engine/EngineMaterials/Substrate/GLints/dict_16_192_64_0p5_0p02_0022_0001" 5026
"/Engine/EngineMaterials/Substrate/GLints/dict_16_192_64_0p5_0p02_0022_0000" 5027
"/Engine/EngineMaterials/Substrate/GLints/dict_16_192_64_0p5_0p02_0021_0015" 5028
"/Engine/EngineMaterials/Substrate/GLints/dict_16_192_64_0p5_0p02_0021_0014" 5029
"/Engine/EngineMaterials/Substrate/GLints/dict_16_192_64_0p5_0p02_0021_0013" 5030
"/Engine/EngineMaterials/Substrate/GLints/dict_16_192_64_0p5_0p02_0021_0012" 5031
"/Engine/EngineMaterials/Substrate/GLints/dict_16_192_64_0p5_0p02_0021_0011" 5032
"/Engine/EngineMaterials/Substrate/GLints/dict_16_192_64_0p5_0p02_0021_0010" 5033
"/Engine/EngineMaterials/Substrate/GLints/dict_16_192_64_0p5_0p02_0021_0009" 5034
"/Engine/EngineMaterials/Substrate/GLints/dict_16_192_64_0p5_0p02_0021_0008" 5035
"/Engine/EngineMaterials/Substrate/GLints/dict_16_192_64_0p5_0p02_0021_0007" 5036
"/Engine/EngineMaterials/Substrate/GLints/dict_16_192_64_0p5_0p02_0021_0006" 5037
"/Engine/EngineMaterials/Substrate/GLints/dict_16_192_64_0p5_0p02_0021_0005" 5038
"/Engine/EngineMaterials/Substrate/GLints/dict_16_192_64_0p5_0p02_0021_0004" 5039
"/Engine/EngineMaterials/Substrate/GLints/dict_16_192_64_0p5_0p02_0021_0003" 5040
"/Engine/EngineMaterials/Substrate/GLints/dict_16_192_64_0p5_0p02_0021_0002" 5041
"/Engine/EngineMaterials/Substrate/GLints/dict_16_192_64_0p5_0p02_0021_0001" 5042
"/Engine/EngineMaterials/Substrate/GLints/dict_16_192_64_0p5_0p02_0022_0008" 5043
"/Engine/EngineMaterials/Substrate/GLints/dict_16_192_64_0p5_0p02_0021_0000" 5044
"/Engine/EngineMaterials/Substrate/GLints/dict_16_192_64_0p5_0p02_0020_0015" 5045
"/Engine/EngineMaterials/Substrate/GLints/dict_16_192_64_0p5_0p02_0020_0014" 5046
"/Engine/EngineMaterials/Substrate/GLints/dict_16_192_64_0p5_0p02_0020_0013" 5047
"/Engine/EngineMaterials/Substrate/GLints/dict_16_192_64_0p5_0p02_0022_0006" 5048
"/Engine/EngineMaterials/Substrate/GLints/dict_16_192_64_0p5_0p02_0022_0005" 5049
"/Engine/EngineMaterials/Substrate/GLints/dict_16_192_64_0p5_0p02_0022_0004" 5050
"/Engine/EngineMaterials/Substrate/GLints/dict_16_192_64_0p5_0p02_0022_0003" 5051
"/Engine/EngineMaterials/Substrate/GLints/dict_16_192_64_0p5_0p02_0020_0012" 5052
"../../../Engine/Content/EngineMaterials/Substrate/GLints/dict_16_192_64_0p5_0p02_0022_0013.uasset" 5053
"../../../Engine/Content/EngineMaterials/Substrate/GLints/dict_16_192_64_0p5_0p02_0022_0015.uasset" 5054
"../../../Engine/Content/EngineMaterials/Substrate/GLints/dict_16_192_64_0p5_0p02_0023_0002.uasset" 5055
"../../../Engine/Content/EngineMaterials/Substrate/GLints/dict_16_192_64_0p5_0p02_0022_0014.uasset" 5056
"../../../Engine/Content/EngineMaterials/Substrate/GLints/dict_16_192_64_0p5_0p02_0023_0005.uasset" 5057
"../../../Engine/Content/EngineMaterials/Substrate/GLints/dict_16_192_64_0p5_0p02_0023_0004.uasset" 5058
"../../../Engine/Content/EngineMaterials/Substrate/GLints/dict_16_192_64_0p5_0p02_0023_0009.uasset" 5059
"../../../Engine/Content/EngineMaterials/Substrate/GLints/dict_16_192_64_0p5_0p02_0023_0007.uasset" 5060
"/Engine/EngineMaterials/Substrate/GLints/dict_16_192_64_0p5_0p02_0022_0011" 5061
"../../../Engine/Content/EngineMaterials/Substrate/GLints/dict_16_192_64_0p5_0p02_0023_0012.uasset" 5062
"../../../Engine/Content/EngineMaterials/Substrate/GLints/dict_16_192_64_0p5_0p02_0023_0008.uasset" 5063
"../../../Engine/Content/EngineMaterials/Substrate/GLints/dict_16_192_64_0p5_0p02_0023_0015.uasset" 5064
"../../../Engine/Content/EngineMaterials/Substrate/GLints/dict_16_192_64_0p5_0p02_0023_0003.uasset" 5065
"../../../Engine/Content/EngineMaterials/Substrate/GLints/dict_16_192_64_0p5_0p02_0024_0001.uasset" 5066
"../../../Engine/Content/EngineMaterials/Substrate/GLints/dict_16_192_64_0p5_0p02_0024_0002.uasset" 5067
"../../../Engine/Content/EngineMaterials/Substrate/GLints/dict_16_192_64_0p5_0p02_0024_0005.uasset" 5068
"../../../Engine/Content/EngineMaterials/Substrate/GLints/dict_16_192_64_0p5_0p02_0024_0006.uasset" 5069
"../../../Engine/Content/EngineMaterials/Substrate/GLints/dict_16_192_64_0p5_0p02_0023_0011.uasset" 5070
"../../../Engine/Content/EngineMaterials/Substrate/GLints/dict_16_192_64_0p5_0p02_0024_0007.uasset" 5071
"../../../Engine/Content/EngineMaterials/Substrate/GLints/dict_16_192_64_0p5_0p02_0023_0013.uasset" 5072
"../../../Engine/Content/EngineMaterials/Substrate/GLints/dict_16_192_64_0p5_0p02_0023_0006.uasset" 5073
"../../../Engine/Content/EngineMaterials/Substrate/GLints/dict_16_192_64_0p5_0p02_0022_0012.uasset" 5074
"/Engine/EngineMaterials/Substrate/GLints/dict_16_192_64_0p5_0p02_0022_0010" 5075
"../../../Engine/Content/EngineMaterials/Substrate/GLints/dict_16_192_64_0p5_0p02_0023_0000.uasset" 5076
"../../../Engine/Content/EngineMaterials/Substrate/GLints/dict_16_192_64_0p5_0p02_0023_0014.uasset" 5077
"../../../Engine/Content/EngineMaterials/Substrate/GLints/dict_16_192_64_0p5_0p02_0024_0000.uasset" 5078
"../../../Engine/Content/EngineMaterials/Substrate/GLints/dict_16_192_64_0p5_0p02_0023_0001.uasset" 5079
"../../../Engine/Content/EngineMaterials/Substrate/GLints/dict_16_192_64_0p5_0p02_0023_0010.uasset" 5080
"../../../Engine/Content/EngineMaterials/Substrate/GLints/dict_16_192_64_0p5_0p02_0024_0004.uasset" 5081
"../../../Engine/Content/EngineMaterials/Substrate/GLints/dict_16_192_64_0p5_0p02_0024_0003.uasset" 5082
"/Engine/EngineMaterials/Substrate/GLints/dict_16_192_64_0p5_0p02_0022_0009" 5083
"/Engine/EngineMaterials/Substrate/GLints/dict_16_192_64_0p5_0p02_0022_0007" 5084
"/Engine/EngineMaterials/Substrate/GLints/dict_16_192_64_0p5_0p02_0022_0015" 5085
"/Engine/EngineMaterials/Substrate/GLints/dict_16_192_64_0p5_0p02_0022_0013" 5086
"../../../Engine/Content/EngineMaterials/Substrate/GLints/dict_16_192_64_0p5_0p02_0024_0008.uasset" 5087
"../../../Engine/Content/EngineMaterials/Substrate/GLints/dict_16_192_64_0p5_0p02_0024_0011.uasset" 5088
"/Engine/EngineMaterials/Substrate/GLints/dict_16_192_64_0p5_0p02_0024_0007" 5089
"../../../Engine/Content/EngineMaterials/Substrate/GLints/dict_16_192_64_0p5_0p02_0024_0010.uasset" 5090
"../../../Engine/Content/EngineMaterials/Substrate/GLints/dict_16_192_64_0p5_0p02_0024_0013.uasset" 5091
"../../../Engine/Content/EngineMaterials/Substrate/GLints/dict_16_192_64_0p5_0p02_0024_0012.uasset" 5092
"../../../Engine/Content/EngineMaterials/Substrate/GLints/dict_16_192_64_0p5_0p02_0024_0009.uasset" 5093
"/Engine/EngineMaterials/Substrate/GLints/dict_16_192_64_0p5_0p02_0024_0006" 5094
"/Engine/EngineMaterials/Substrate/GLints/dict_16_192_64_0p5_0p02_0024_0005" 5095
"/Engine/EngineMaterials/Substrate/GLints/dict_16_192_64_0p5_0p02_0024_0004" 5096
"/Engine/EngineMaterials/Substrate/GLints/dict_16_192_64_0p5_0p02_0024_0003" 5097
"/Engine/EngineMaterials/Substrate/GLints/dict_16_192_64_0p5_0p02_0024_0002" 5098
"/Engine/EngineMaterials/Substrate/GLints/dict_16_192_64_0p5_0p02_0024_0001" 5099
"/Engine/EngineMaterials/Substrate/GLints/dict_16_192_64_0p5_0p02_0024_0000" 5100
"/Engine/EngineMaterials/Substrate/GLints/dict_16_192_64_0p5_0p02_0023_0015" 5101
"/Engine/EngineMaterials/Substrate/GLints/dict_16_192_64_0p5_0p02_0023_0014" 5102
"/Engine/EngineMaterials/Substrate/GLints/dict_16_192_64_0p5_0p02_0023_0013" 5103
"/Engine/EngineMaterials/Substrate/GLints/dict_16_192_64_0p5_0p02_0023_0012" 5104
"/Engine/EngineMaterials/Substrate/GLints/dict_16_192_64_0p5_0p02_0023_0011" 5105
"/Engine/EngineMaterials/Substrate/GLints/dict_16_192_64_0p5_0p02_0023_0010" 5106
"/Engine/EngineMaterials/Substrate/GLints/dict_16_192_64_0p5_0p02_0023_0009" 5107
"/Engine/EngineMaterials/Substrate/GLints/dict_16_192_64_0p5_0p02_0023_0008" 5108
"/Engine/EngineMaterials/Substrate/GLints/dict_16_192_64_0p5_0p02_0023_0007" 5109
"/Engine/EngineMaterials/Substrate/GLints/dict_16_192_64_0p5_0p02_0023_0006" 5110
"/Engine/EngineMaterials/Substrate/GLints/dict_16_192_64_0p5_0p02_0023_0005" 5111
"/Engine/EngineMaterials/Substrate/GLints/dict_16_192_64_0p5_0p02_0023_0004" 5112
"/Engine/EngineMaterials/Substrate/GLints/dict_16_192_64_0p5_0p02_0023_0003" 5113
"/Engine/EngineMaterials/Substrate/GLints/dict_16_192_64_0p5_0p02_0023_0002" 5114
"/Engine/EngineMaterials/Substrate/GLints/dict_16_192_64_0p5_0p02_0023_0001" 5115
"/Engine/EngineMaterials/Substrate/GLints/dict_16_192_64_0p5_0p02_0023_0000" 5116
"/Engine/EngineMaterials/Substrate/GLints/dict_16_192_64_0p5_0p02_0022_0014" 5117
"/Engine/EngineMaterials/Substrate/GLints/dict_16_192_64_0p5_0p02_0022_0012" 5118
"../../../Engine/Content/EngineMaterials/Substrate/GLints/dict_16_192_64_0p5_0p02_0025_0000.uasset" 5119
"../../../Engine/Content/EngineMaterials/Substrate/GLints/dict_16_192_64_0p5_0p02_0025_0003.uasset" 5120
"../../../Engine/Content/EngineMaterials/Substrate/GLints/dict_16_192_64_0p5_0p02_0025_0006.uasset" 5121
"../../../Engine/Content/EngineMaterials/Substrate/GLints/dict_16_192_64_0p5_0p02_0024_0015.uasset" 5122
"../../../Engine/Content/EngineMaterials/Substrate/GLints/dict_16_192_64_0p5_0p02_0025_0007.uasset" 5123
"../../../Engine/Content/EngineMaterials/Substrate/GLints/dict_16_192_64_0p5_0p02_0025_0011.uasset" 5124
"../../../Engine/Content/EngineMaterials/Substrate/GLints/dict_16_192_64_0p5_0p02_0025_0008.uasset" 5125
"../../../Engine/Content/EngineMaterials/Substrate/GLints/dict_16_192_64_0p5_0p02_0025_0002.uasset" 5126
"/Engine/EngineMaterials/Substrate/GLints/dict_16_192_64_0p5_0p02_0024_0013" 5127
"../../../Engine/Content/EngineMaterials/Substrate/GLints/dict_16_192_64_0p5_0p02_0025_0013.uasset" 5128
"../../../Engine/Content/EngineMaterials/Substrate/GLints/dict_16_192_64_0p5_0p02_0025_0012.uasset" 5129
"../../../Engine/Content/EngineMaterials/Substrate/GLints/dict_16_192_64_0p5_0p02_0025_0009.uasset" 5130
"../../../Engine/Content/EngineMaterials/Substrate/GLints/dict_16_192_64_0p5_0p02_0026_0000.uasset" 5131
"../../../Engine/Content/EngineMaterials/Substrate/GLints/dict_16_192_64_0p5_0p02_0026_0001.uasset" 5132
"../../../Engine/Content/EngineMaterials/Substrate/GLints/dict_16_192_64_0p5_0p02_0026_0003.uasset" 5133
"../../../Engine/Content/EngineMaterials/Substrate/GLints/dict_16_192_64_0p5_0p02_0025_0014.uasset" 5134
"../../../Engine/Content/EngineMaterials/Substrate/GLints/dict_16_192_64_0p5_0p02_0024_0014.uasset" 5135
"../../../Engine/Content/EngineMaterials/Substrate/GLints/dict_16_192_64_0p5_0p02_0025_0015.uasset" 5136
"../../../Engine/Content/EngineMaterials/Substrate/GLints/dict_16_192_64_0p5_0p02_0026_0002.uasset" 5137
"../../../Engine/Content/EngineMaterials/Substrate/GLints/dict_16_192_64_0p5_0p02_0026_0004.uasset" 5138
"../../../Engine/Content/EngineMaterials/Substrate/GLints/dict_16_192_64_0p5_0p02_0026_0006.uasset" 5139
"../../../Engine/Content/EngineMaterials/Substrate/GLints/dict_16_192_64_0p5_0p02_0026_0005.uasset" 5140
"../../../Engine/Content/EngineMaterials/Substrate/GLints/dict_16_192_64_0p5_0p02_0025_0010.uasset" 5141
"../../../Engine/Content/EngineMaterials/Substrate/GLints/dict_16_192_64_0p5_0p02_0025_0001.uasset" 5142
"../../../Engine/Content/EngineMaterials/Substrate/GLints/dict_16_192_64_0p5_0p02_0025_0004.uasset" 5143
"../../../Engine/Content/EngineMaterials/Substrate/GLints/dict_16_192_64_0p5_0p02_0025_0005.uasset" 5144
"../../../Engine/Content/EngineMaterials/Substrate/GLints/dict_16_192_64_0p5_0p02_0026_0007.uasset" 5145
"/Engine/EngineMaterials/Substrate/GLints/dict_16_192_64_0p5_0p02_0024_0012" 5146
"/Engine/EngineMaterials/Substrate/GLints/dict_16_192_64_0p5_0p02_0024_0011" 5147
"/Engine/EngineMaterials/Substrate/GLints/dict_16_192_64_0p5_0p02_0024_0010" 5148
"/Engine/EngineMaterials/Substrate/GLints/dict_16_192_64_0p5_0p02_0024_0009" 5149
"/Engine/EngineMaterials/Substrate/GLints/dict_16_192_64_0p5_0p02_0024_0008" 5150
"../../../Engine/Content/EngineMaterials/Substrate/GLints/dict_16_192_64_0p5_0p02_0026_0009.uasset" 5151
"../../../Engine/Content/EngineMaterials/Substrate/GLints/dict_16_192_64_0p5_0p02_0026_0010.uasset" 5152
"../../../Engine/Content/EngineMaterials/Substrate/GLints/dict_16_192_64_0p5_0p02_0026_0008.uasset" 5153
"../../../Engine/Content/EngineMaterials/Substrate/GLints/dict_16_192_64_0p5_0p02_0026_0011.uasset" 5154
"/Engine/EngineMaterials/Substrate/GLints/dict_16_192_64_0p5_0p02_0026_0007" 5155
"../../../Engine/Content/EngineMaterials/Substrate/GLints/dict_16_192_64_0p5_0p02_0026_0012.uasset" 5156
"../../../Engine/Content/EngineMaterials/Substrate/GLints/dict_16_192_64_0p5_0p02_0026_0013.uasset" 5157
"/Engine/EngineMaterials/Substrate/GLints/dict_16_192_64_0p5_0p02_0026_0006" 5158
"/Engine/EngineMaterials/Substrate/GLints/dict_16_192_64_0p5_0p02_0026_0005" 5159
"/Engine/EngineMaterials/Substrate/GLints/dict_16_192_64_0p5_0p02_0026_0004" 5160
"/Engine/EngineMaterials/Substrate/GLints/dict_16_192_64_0p5_0p02_0026_0003" 5161
"/Engine/EngineMaterials/Substrate/GLints/dict_16_192_64_0p5_0p02_0026_0002" 5162
"/Engine/EngineMaterials/Substrate/GLints/dict_16_192_64_0p5_0p02_0026_0001" 5163
"/Engine/EngineMaterials/Substrate/GLints/dict_16_192_64_0p5_0p02_0026_0000" 5164
"/Engine/EngineMaterials/Substrate/GLints/dict_16_192_64_0p5_0p02_0025_0015" 5165
"/Engine/EngineMaterials/Substrate/GLints/dict_16_192_64_0p5_0p02_0025_0014" 5166
"/Engine/EngineMaterials/Substrate/GLints/dict_16_192_64_0p5_0p02_0025_0013" 5167
"/Engine/EngineMaterials/Substrate/GLints/dict_16_192_64_0p5_0p02_0025_0012" 5168
"/Engine/EngineMaterials/Substrate/GLints/dict_16_192_64_0p5_0p02_0025_0011" 5169
"/Engine/EngineMaterials/Substrate/GLints/dict_16_192_64_0p5_0p02_0025_0010" 5170
"/Engine/EngineMaterials/Substrate/GLints/dict_16_192_64_0p5_0p02_0025_0009" 5171
"/Engine/EngineMaterials/Substrate/GLints/dict_16_192_64_0p5_0p02_0025_0008" 5172
"/Engine/EngineMaterials/Substrate/GLints/dict_16_192_64_0p5_0p02_0025_0007" 5173
"/Engine/EngineMaterials/Substrate/GLints/dict_16_192_64_0p5_0p02_0025_0006" 5174
"/Engine/EngineMaterials/Substrate/GLints/dict_16_192_64_0p5_0p02_0025_0005" 5175
"/Engine/EngineMaterials/Substrate/GLints/dict_16_192_64_0p5_0p02_0025_0004" 5176
"/Engine/EngineMaterials/Substrate/GLints/dict_16_192_64_0p5_0p02_0025_0003" 5177
"/Engine/EngineMaterials/Substrate/GLints/dict_16_192_64_0p5_0p02_0025_0002" 5178
"/Engine/EngineMaterials/Substrate/GLints/dict_16_192_64_0p5_0p02_0025_0001" 5179
"/Engine/EngineMaterials/Substrate/GLints/dict_16_192_64_0p5_0p02_0025_0000" 5180
"/Engine/EngineMaterials/Substrate/GLints/dict_16_192_64_0p5_0p02_0024_0015" 5181
"/Engine/EngineMaterials/Substrate/GLints/dict_16_192_64_0p5_0p02_0024_0014" 5182
"../../../Engine/Content/EngineMaterials/Substrate/GLints/dict_16_192_64_0p5_0p02_0026_0015.uasset" 5183
"../../../Engine/Content/EngineMaterials/Substrate/GLints/dict_16_192_64_0p5_0p02_0027_0005.uasset" 5184
"../../../Engine/Content/EngineMaterials/Substrate/GLints/dict_16_192_64_0p5_0p02_0027_0006.uasset" 5185
"../../../Engine/Content/EngineMaterials/Substrate/GLints/dict_16_192_64_0p5_0p02_0027_0000.uasset" 5186
"../../../Engine/Content/EngineMaterials/Substrate/GLints/dict_16_192_64_0p5_0p02_0027_0002.uasset" 5187
"../../../Engine/Content/EngineMaterials/Substrate/GLints/dict_16_192_64_0p5_0p02_0027_0009.uasset" 5188
"../../../Engine/Content/EngineMaterials/Substrate/GLints/dict_16_192_64_0p5_0p02_0027_0007.uasset" 5189
"../../../Engine/Content/EngineMaterials/Substrate/GLints/dict_16_192_64_0p5_0p02_0027_0001.uasset" 5190
"../../../Engine/Content/EngineMaterials/Substrate/GLints/dict_16_192_64_0p5_0p02_0027_0012.uasset" 5191
"/Engine/EngineMaterials/Substrate/GLints/dict_16_192_64_0p5_0p02_0026_0013" 5192
"../../../Engine/Content/EngineMaterials/Substrate/GLints/dict_16_192_64_0p5_0p02_0026_0014.uasset" 5193
"../../../Engine/Content/EngineMaterials/Substrate/GLints/dict_16_192_64_0p5_0p02_0028_0001.uasset" 5194
"../../../Engine/Content/EngineMaterials/Substrate/GLints/dict_16_192_64_0p5_0p02_0027_0004.uasset" 5195
"../../../Engine/Content/EngineMaterials/Substrate/GLints/dict_16_192_64_0p5_0p02_0027_0013.uasset" 5196
"../../../Engine/Content/EngineMaterials/Substrate/GLints/dict_16_192_64_0p5_0p02_0028_0000.uasset" 5197
"../../../Engine/Content/EngineMaterials/Substrate/GLints/dict_16_192_64_0p5_0p02_0028_0006.uasset" 5198
"../../../Engine/Content/EngineMaterials/Substrate/GLints/dict_16_192_64_0p5_0p02_0027_0011.uasset" 5199
"../../../Engine/Content/EngineMaterials/Substrate/GLints/dict_16_192_64_0p5_0p02_0028_0007.uasset" 5200
"../../../Engine/Content/EngineMaterials/Substrate/GLints/dict_16_192_64_0p5_0p02_0027_0008.uasset" 5201
"../../../Engine/Content/EngineMaterials/Substrate/GLints/dict_16_192_64_0p5_0p02_0027_0014.uasset" 5202
"../../../Engine/Content/EngineMaterials/Substrate/GLints/dict_16_192_64_0p5_0p02_0027_0010.uasset" 5203
"../../../Engine/Content/EngineMaterials/Substrate/GLints/dict_16_192_64_0p5_0p02_0027_0003.uasset" 5204
"../../../Engine/Content/EngineMaterials/Substrate/GLints/dict_16_192_64_0p5_0p02_0028_0005.uasset" 5205
"/Engine/EngineMaterials/Substrate/GLints/dict_16_192_64_0p5_0p02_0026_0012" 5206
"../../../Engine/Content/EngineMaterials/Substrate/GLints/dict_16_192_64_0p5_0p02_0028_0002.uasset" 5207
"../../../Engine/Content/EngineMaterials/Substrate/GLints/dict_16_192_64_0p5_0p02_0028_0003.uasset" 5208
"../../../Engine/Content/EngineMaterials/Substrate/GLints/dict_16_192_64_0p5_0p02_0028_0004.uasset" 5209
"../../../Engine/Content/EngineMaterials/Substrate/GLints/dict_16_192_64_0p5_0p02_0027_0015.uasset" 5210
"/Engine/EngineMaterials/Substrate/GLints/dict_16_192_64_0p5_0p02_0026_0011" 5211
"/Engine/EngineMaterials/Substrate/GLints/dict_16_192_64_0p5_0p02_0026_0010" 5212
"/Engine/EngineMaterials/Substrate/GLints/dict_16_192_64_0p5_0p02_0026_0009" 5213
"/Engine/EngineMaterials/Substrate/GLints/dict_16_192_64_0p5_0p02_0026_0008" 5214
"../../../Engine/Content/EngineMaterials/Substrate/GLints/dict_16_192_64_0p5_0p02_0028_0009.uasset" 5215
"../../../Engine/Content/EngineMaterials/Substrate/GLints/dict_16_192_64_0p5_0p02_0028_0008.uasset" 5216
"../../../Engine/Content/EngineMaterials/Substrate/GLints/dict_16_192_64_0p5_0p02_0028_0010.uasset" 5217
"../../../Engine/Content/EngineMaterials/Substrate/GLints/dict_16_192_64_0p5_0p02_0028_0012.uasset" 5218
"../../../Engine/Content/EngineMaterials/Substrate/GLints/dict_16_192_64_0p5_0p02_0028_0011.uasset" 5219
"/Engine/EngineMaterials/Substrate/GLints/dict_16_192_64_0p5_0p02_0028_0007" 5220
"../../../Engine/Content/EngineMaterials/Substrate/GLints/dict_16_192_64_0p5_0p02_0028_0013.uasset" 5221
"/Engine/EngineMaterials/Substrate/GLints/dict_16_192_64_0p5_0p02_0028_0006" 5222
"/Engine/EngineMaterials/Substrate/GLints/dict_16_192_64_0p5_0p02_0028_0005" 5223
"/Engine/EngineMaterials/Substrate/GLints/dict_16_192_64_0p5_0p02_0028_0004" 5224
"/Engine/EngineMaterials/Substrate/GLints/dict_16_192_64_0p5_0p02_0028_0003" 5225
"/Engine/EngineMaterials/Substrate/GLints/dict_16_192_64_0p5_0p02_0028_0002" 5226
"/Engine/EngineMaterials/Substrate/GLints/dict_16_192_64_0p5_0p02_0028_0001" 5227
"/Engine/EngineMaterials/Substrate/GLints/dict_16_192_64_0p5_0p02_0028_0000" 5228
"/Engine/EngineMaterials/Substrate/GLints/dict_16_192_64_0p5_0p02_0027_0015" 5229
"/Engine/EngineMaterials/Substrate/GLints/dict_16_192_64_0p5_0p02_0027_0014" 5230
"/Engine/EngineMaterials/Substrate/GLints/dict_16_192_64_0p5_0p02_0027_0013" 5231
"/Engine/EngineMaterials/Substrate/GLints/dict_16_192_64_0p5_0p02_0027_0012" 5232
"/Engine/EngineMaterials/Substrate/GLints/dict_16_192_64_0p5_0p02_0027_0011" 5233
"/Engine/EngineMaterials/Substrate/GLints/dict_16_192_64_0p5_0p02_0027_0010" 5234
"/Engine/EngineMaterials/Substrate/GLints/dict_16_192_64_0p5_0p02_0027_0009" 5235
"/Engine/EngineMaterials/Substrate/GLints/dict_16_192_64_0p5_0p02_0027_0008" 5236
"/Engine/EngineMaterials/Substrate/GLints/dict_16_192_64_0p5_0p02_0027_0007" 5237
"/Engine/EngineMaterials/Substrate/GLints/dict_16_192_64_0p5_0p02_0027_0006" 5238
"/Engine/EngineMaterials/Substrate/GLints/dict_16_192_64_0p5_0p02_0027_0005" 5239
"/Engine/EngineMaterials/Substrate/GLints/dict_16_192_64_0p5_0p02_0027_0004" 5240
"/Engine/EngineMaterials/Substrate/GLints/dict_16_192_64_0p5_0p02_0027_0003" 5241
"/Engine/EngineMaterials/Substrate/GLints/dict_16_192_64_0p5_0p02_0027_0002" 5242
"/Engine/EngineMaterials/Substrate/GLints/dict_16_192_64_0p5_0p02_0027_0001" 5243
"/Engine/EngineMaterials/Substrate/GLints/dict_16_192_64_0p5_0p02_0027_0000" 5244
"/Engine/EngineMaterials/Substrate/GLints/dict_16_192_64_0p5_0p02_0028_0009" 5245
"/Engine/EngineMaterials/Substrate/GLints/dict_16_192_64_0p5_0p02_0026_0015" 5246
"/Engine/EngineMaterials/Substrate/GLints/dict_16_192_64_0p5_0p02_0028_0008" 5247
"/Engine/EngineMaterials/Substrate/GLints/dict_16_192_64_0p5_0p02_0026_0014" 5248
"../../../Engine/Content/EngineMaterials/Substrate/GLints/dict_16_192_64_0p5_0p02_0028_0014.uasset" 5249
"../../../Engine/Content/EngineMaterials/Substrate/GLints/dict_16_192_64_0p5_0p02_0028_0015.uasset" 5250
"../../../Engine/Content/EngineMaterials/Substrate/GLints/dict_16_192_64_0p5_0p02_0029_0000.uasset" 5251
"../../../Engine/Content/EngineMaterials/Substrate/GLints/dict_16_192_64_0p5_0p02_0029_0001.uasset" 5252
"../../../Engine/Content/EngineMaterials/Substrate/GLints/dict_16_192_64_0p5_0p02_0029_0004.uasset" 5253
"../../../Engine/Content/EngineMaterials/Substrate/GLints/dict_16_192_64_0p5_0p02_0029_0005.uasset" 5254
"../../../Engine/Content/EngineMaterials/Substrate/GLints/dict_16_192_64_0p5_0p02_0029_0007.uasset" 5255
"../../../Engine/Content/EngineMaterials/Substrate/GLints/dict_16_192_64_0p5_0p02_0029_0003.uasset" 5256
"../../../Engine/Content/EngineMaterials/Substrate/GLints/dict_16_192_64_0p5_0p02_0029_0006.uasset" 5257
"../../../Engine/Content/EngineMaterials/Substrate/GLints/dict_16_192_64_0p5_0p02_0029_0015.uasset" 5258
"../../../Engine/Content/EngineMaterials/Substrate/GLints/dict_16_192_64_0p5_0p02_0029_0014.uasset" 5259
"../../../Engine/Content/EngineMaterials/Substrate/GLints/dict_16_192_64_0p5_0p02_0030_0003.uasset" 5260
"../../../Engine/Content/EngineMaterials/Substrate/GLints/dict_16_192_64_0p5_0p02_0029_0012.uasset" 5261
"../../../Engine/Content/EngineMaterials/Substrate/GLints/dict_16_192_64_0p5_0p02_0030_0004.uasset" 5262
"/Engine/EngineMaterials/Substrate/GLints/dict_16_192_64_0p5_0p02_0028_0013" 5263
"../../../Engine/Content/EngineMaterials/Substrate/GLints/dict_16_192_64_0p5_0p02_0030_0006.uasset" 5264
"../../../Engine/Content/EngineMaterials/Substrate/GLints/dict_16_192_64_0p5_0p02_0029_0002.uasset" 5265
"../../../Engine/Content/EngineMaterials/Substrate/GLints/dict_16_192_64_0p5_0p02_0030_0007.uasset" 5266
"../../../Engine/Content/EngineMaterials/Substrate/GLints/dict_16_192_64_0p5_0p02_0030_0009.uasset" 5267
"../../../Engine/Content/EngineMaterials/Substrate/GLints/dict_16_192_64_0p5_0p02_0029_0013.uasset" 5268
"../../../Engine/Content/EngineMaterials/Substrate/GLints/dict_16_192_64_0p5_0p02_0029_0009.uasset" 5269
"../../../Engine/Content/EngineMaterials/Substrate/GLints/dict_16_192_64_0p5_0p02_0030_0000.uasset" 5270
"../../../Engine/Content/EngineMaterials/Substrate/GLints/dict_16_192_64_0p5_0p02_0029_0010.uasset" 5271
"../../../Engine/Content/EngineMaterials/Substrate/GLints/dict_16_192_64_0p5_0p02_0030_0002.uasset" 5272
"../../../Engine/Content/EngineMaterials/Substrate/GLints/dict_16_192_64_0p5_0p02_0030_0008.uasset" 5273
"../../../Engine/Content/EngineMaterials/Substrate/GLints/dict_16_192_64_0p5_0p02_0030_0005.uasset" 5274
"../../../Engine/Content/EngineMaterials/Substrate/GLints/dict_16_192_64_0p5_0p02_0029_0008.uasset" 5275
"../../../Engine/Content/EngineMaterials/Substrate/GLints/dict_16_192_64_0p5_0p02_0029_0011.uasset" 5276
"../../../Engine/Content/EngineMaterials/Substrate/GLints/dict_16_192_64_0p5_0p02_0030_0001.uasset" 5277
"/Engine/EngineMaterials/Substrate/GLints/dict_16_192_64_0p5_0p02_0028_0012" 5278
"/Engine/EngineMaterials/Substrate/GLints/dict_16_192_64_0p5_0p02_0028_0011" 5279
"/Engine/EngineMaterials/Substrate/GLints/dict_16_192_64_0p5_0p02_0028_0010" 5280
"/Engine/EngineMaterials/Substrate/GLints/dict_16_192_64_0p5_0p02_0028_0015" 5281
"/Engine/EngineMaterials/Substrate/GLints/dict_16_192_64_0p5_0p02_0028_0014" 5282
"../../../Engine/Content/EngineMaterials/Substrate/GLints/dict_16_192_64_0p5_0p02_0030_0010.uasset" 5283
"../../../Engine/Content/EngineMaterials/Substrate/GLints/dict_16_192_64_0p5_0p02_0030_0011.uasset" 5284
"../../../Engine/Content/EngineMaterials/Substrate/GLints/dict_16_192_64_0p5_0p02_0030_0012.uasset" 5285
"/Engine/EngineMaterials/Substrate/GLints/dict_16_192_64_0p5_0p02_0030_0009" 5286
"../../../Engine/Content/EngineMaterials/Substrate/GLints/dict_16_192_64_0p5_0p02_0030_0014.uasset" 5287
"../../../Engine/Content/EngineMaterials/Substrate/GLints/dict_16_192_64_0p5_0p02_0030_0015.uasset" 5288
"../../../Engine/Content/EngineMaterials/Substrate/GLints/dict_16_192_64_0p5_0p02_0030_0013.uasset" 5289
"/Engine/EngineMaterials/Substrate/GLints/dict_16_192_64_0p5_0p02_0030_0008" 5290
"/Engine/EngineMaterials/Substrate/GLints/dict_16_192_64_0p5_0p02_0030_0007" 5291
"/Engine/EngineMaterials/Substrate/GLints/dict_16_192_64_0p5_0p02_0030_0006" 5292
"/Engine/EngineMaterials/Substrate/GLints/dict_16_192_64_0p5_0p02_0030_0005" 5293
"/Engine/EngineMaterials/Substrate/GLints/dict_16_192_64_0p5_0p02_0030_0004" 5294
"/Engine/EngineMaterials/Substrate/GLints/dict_16_192_64_0p5_0p02_0030_0003" 5295
"/Engine/EngineMaterials/Substrate/GLints/dict_16_192_64_0p5_0p02_0030_0002" 5296
"/Engine/EngineMaterials/Substrate/GLints/dict_16_192_64_0p5_0p02_0030_0001" 5297
"/Engine/EngineMaterials/Substrate/GLints/dict_16_192_64_0p5_0p02_0030_0000" 5298
"/Engine/EngineMaterials/Substrate/GLints/dict_16_192_64_0p5_0p02_0029_0015" 5299
"/Engine/EngineMaterials/Substrate/GLints/dict_16_192_64_0p5_0p02_0029_0014" 5300
"/Engine/EngineMaterials/Substrate/GLints/dict_16_192_64_0p5_0p02_0029_0013" 5301
"/Engine/EngineMaterials/Substrate/GLints/dict_16_192_64_0p5_0p02_0029_0012" 5302
"/Engine/EngineMaterials/Substrate/GLints/dict_16_192_64_0p5_0p02_0029_0011" 5303
"/Engine/EngineMaterials/Substrate/GLints/dict_16_192_64_0p5_0p02_0029_0010" 5304
"/Engine/EngineMaterials/Substrate/GLints/dict_16_192_64_0p5_0p02_0029_0009" 5305
"/Engine/EngineMaterials/Substrate/GLints/dict_16_192_64_0p5_0p02_0029_0008" 5306
"/Engine/EngineMaterials/Substrate/GLints/dict_16_192_64_0p5_0p02_0029_0007" 5307
"/Engine/EngineMaterials/Substrate/GLints/dict_16_192_64_0p5_0p02_0029_0006" 5308
"/Engine/EngineMaterials/Substrate/GLints/dict_16_192_64_0p5_0p02_0029_0005" 5309
"/Engine/EngineMaterials/Substrate/GLints/dict_16_192_64_0p5_0p02_0029_0004" 5310
"/Engine/EngineMaterials/Substrate/GLints/dict_16_192_64_0p5_0p02_0029_0003" 5311
"/Engine/EngineMaterials/Substrate/GLints/dict_16_192_64_0p5_0p02_0029_0002" 5312
"/Engine/EngineMaterials/Substrate/GLints/dict_16_192_64_0p5_0p02_0029_0001" 5313
"/Engine/EngineMaterials/Substrate/GLints/dict_16_192_64_0p5_0p02_0029_0000" 5314
"../../../Engine/Content/EngineMaterials/Substrate/GLints/dict_16_192_64_0p5_0p02_0031_0001.uasset" 5315
"../../../Engine/Content/EngineMaterials/Substrate/GLints/dict_16_192_64_0p5_0p02_0031_0004.uasset" 5316
"../../../Engine/Content/EngineMaterials/Substrate/GLints/dict_16_192_64_0p5_0p02_0031_0000.uasset" 5317
"../../../Engine/Content/EngineMaterials/Substrate/GLints/dict_16_192_64_0p5_0p02_0031_0002.uasset" 5318
"../../../Engine/Content/EngineMaterials/Substrate/GLints/dict_16_192_64_0p5_0p02_0031_0005.uasset" 5319
"../../../Engine/Content/EngineMaterials/Substrate/GLints/dict_16_192_64_0p5_0p02_0031_0009.uasset" 5320
"../../../Engine/Content/EngineMaterials/Substrate/GLints/dict_16_192_64_0p5_0p02_0031_0003.uasset" 5321
"../../../Engine/Content/EngineMaterials/Substrate/GLints/dict_16_192_64_0p5_0p02_0031_0011.uasset" 5322
"../../../Engine/Content/EngineMaterials/Substrate/GLints/dict_16_192_64_0p5_0p02_0031_0006.uasset" 5323
"../../../Engine/Content/EngineMaterials/Substrate/GLints/dict_16_192_64_0p5_0p02_0031_0012.uasset" 5324
"../../../Engine/Content/EngineMaterials/Substrate/GLints/dict_16_192_64_0p5_0p02_0032_0002.uasset" 5325
"../../../Engine/Content/EngineMaterials/Substrate/GLints/dict_16_192_64_0p5_0p02_0032_0003.uasset" 5326
"../../../Engine/Content/EngineMaterials/Substrate/GLints/dict_16_192_64_0p5_0p02_0032_0001.uasset" 5327
"/Engine/EngineMaterials/Substrate/GLints/dict_16_192_64_0p5_0p02_0030_0015" 5328
"../../../Engine/Content/EngineMaterials/Substrate/GLints/dict_16_192_64_0p5_0p02_0031_0014.uasset" 5329
"../../../Engine/Content/EngineMaterials/Substrate/GLints/dict_16_192_64_0p5_0p02_0031_0013.uasset" 5330
"../../../Engine/Content/EngineMaterials/Substrate/GLints/dict_16_192_64_0p5_0p02_0032_0008.uasset" 5331
"../../../Engine/Content/EngineMaterials/Substrate/GLints/dict_16_192_64_0p5_0p02_0032_0007.uasset" 5332
"../../../Engine/Content/EngineMaterials/Substrate/GLints/dict_16_192_64_0p5_0p02_0032_0004.uasset" 5333
"../../../Engine/Content/EngineMaterials/Substrate/GLints/dict_16_192_64_0p5_0p02_0031_0008.uasset" 5334
"../../../Engine/Content/EngineMaterials/Substrate/GLints/dict_16_192_64_0p5_0p02_0032_0009.uasset" 5335
"../../../Engine/Content/EngineMaterials/Substrate/GLints/dict_16_192_64_0p5_0p02_0031_0007.uasset" 5336
"../../../Engine/Content/EngineMaterials/Substrate/GLints/dict_16_192_64_0p5_0p02_0032_0006.uasset" 5337
"../../../Engine/Content/EngineMaterials/Substrate/GLints/dict_16_192_64_0p5_0p02_0031_0015.uasset" 5338
"../../../Engine/Content/EngineMaterials/Substrate/GLints/dict_16_192_64_0p5_0p02_0031_0010.uasset" 5339
"../../../Engine/Content/EngineMaterials/Substrate/GLints/dict_16_192_64_0p5_0p02_0032_0000.uasset" 5340
"../../../Engine/Content/EngineMaterials/Substrate/GLints/dict_16_192_64_0p5_0p02_0032_0005.uasset" 5341
"/Engine/EngineMaterials/Substrate/GLints/dict_16_192_64_0p5_0p02_0030_0014" 5342
"/Engine/EngineMaterials/Substrate/GLints/dict_16_192_64_0p5_0p02_0030_0013" 5343
"/Engine/EngineMaterials/Substrate/GLints/dict_16_192_64_0p5_0p02_0030_0012" 5344
"/Engine/EngineMaterials/Substrate/GLints/dict_16_192_64_0p5_0p02_0031_0004" 5345
"/Engine/EngineMaterials/Substrate/GLints/dict_16_192_64_0p5_0p02_0031_0002" 5346
"/Engine/EngineMaterials/Substrate/GLints/dict_16_192_64_0p5_0p02_0031_0001" 5347
"/Engine/EngineMaterials/Substrate/GLints/dict_16_192_64_0p5_0p02_0031_0000" 5348
"/Engine/EngineMaterials/Substrate/GLints/dict_16_192_64_0p5_0p02_0030_0011" 5349
"/Engine/EngineMaterials/Substrate/GLints/dict_16_192_64_0p5_0p02_0030_0010" 5350
"../../../Engine/Content/EngineMaterials/Substrate/GLints/dict_16_192_64_0p5_0p02_0032_0011.uasset" 5351
"../../../Engine/Content/EngineMaterials/Substrate/GLints/dict_16_192_64_0p5_0p02_0032_0015.uasset" 5352
"../../../Engine/Content/EngineMaterials/Substrate/GLints/dict_16_192_64_0p5_0p02_0033_0001.uasset" 5353
"../../../Engine/Content/EngineMaterials/Substrate/GLints/dict_16_192_64_0p5_0p02_0032_0010.uasset" 5354
"../../../Engine/Content/EngineMaterials/Substrate/GLints/dict_16_192_64_0p5_0p02_0033_0000.uasset" 5355
"../../../Engine/Content/EngineMaterials/Substrate/GLints/dict_16_192_64_0p5_0p02_0033_0002.uasset" 5356
"../../../Engine/Content/EngineMaterials/Substrate/GLints/dict_16_192_64_0p5_0p02_0033_0003.uasset" 5357
"../../../Engine/Content/EngineMaterials/Substrate/GLints/dict_16_192_64_0p5_0p02_0032_0013.uasset" 5358
"../../../Engine/Content/EngineMaterials/Substrate/GLints/dict_16_192_64_0p5_0p02_0032_0014.uasset" 5359
"../../../Engine/Content/EngineMaterials/Substrate/GLints/dict_16_192_64_0p5_0p02_0032_0012.uasset" 5360
"/Engine/EngineMaterials/Substrate/GLints/dict_16_192_64_0p5_0p02_0032_0009" 5361
"/Engine/EngineMaterials/Substrate/GLints/dict_16_192_64_0p5_0p02_0032_0008" 5362
"/Engine/EngineMaterials/Substrate/GLints/dict_16_192_64_0p5_0p02_0032_0007" 5363
"/Engine/EngineMaterials/Substrate/GLints/dict_16_192_64_0p5_0p02_0032_0006" 5364
"/Engine/EngineMaterials/Substrate/GLints/dict_16_192_64_0p5_0p02_0032_0005" 5365
"/Engine/EngineMaterials/Substrate/GLints/dict_16_192_64_0p5_0p02_0032_0004" 5366
"/Engine/EngineMaterials/Substrate/GLints/dict_16_192_64_0p5_0p02_0032_0003" 5367
"/Engine/EngineMaterials/Substrate/GLints/dict_16_192_64_0p5_0p02_0032_0002" 5368
"/Engine/EngineMaterials/Substrate/GLints/dict_16_192_64_0p5_0p02_0032_0001" 5369
"/Engine/EngineMaterials/Substrate/GLints/dict_16_192_64_0p5_0p02_0032_0000" 5370
"/Engine/EngineMaterials/Substrate/GLints/dict_16_192_64_0p5_0p02_0031_0015" 5371
"/Engine/EngineMaterials/Substrate/GLints/dict_16_192_64_0p5_0p02_0031_0014" 5372
"/Engine/EngineMaterials/Substrate/GLints/dict_16_192_64_0p5_0p02_0031_0013" 5373
"/Engine/EngineMaterials/Substrate/GLints/dict_16_192_64_0p5_0p02_0031_0012" 5374
"/Engine/EngineMaterials/Substrate/GLints/dict_16_192_64_0p5_0p02_0031_0011" 5375
"/Engine/EngineMaterials/Substrate/GLints/dict_16_192_64_0p5_0p02_0031_0010" 5376
"/Engine/EngineMaterials/Substrate/GLints/dict_16_192_64_0p5_0p02_0031_0009" 5377
"/Engine/EngineMaterials/Substrate/GLints/dict_16_192_64_0p5_0p02_0031_0008" 5378
"/Engine/EngineMaterials/Substrate/GLints/dict_16_192_64_0p5_0p02_0033_0001" 5379
"/Engine/EngineMaterials/Substrate/GLints/dict_16_192_64_0p5_0p02_0031_0007" 5380
"/Engine/EngineMaterials/Substrate/GLints/dict_16_192_64_0p5_0p02_0031_0006" 5381
"/Engine/EngineMaterials/Substrate/GLints/dict_16_192_64_0p5_0p02_0031_0005" 5382
"/Engine/EngineMaterials/Substrate/GLints/dict_16_192_64_0p5_0p02_0032_0015" 5383
"/Engine/EngineMaterials/Substrate/GLints/dict_16_192_64_0p5_0p02_0031_0003" 5384
"../../../Engine/Content/EngineMaterials/Substrate/GLints/dict_16_192_64_0p5_0p02_0033_0004.uasset" 5385
"../../../Engine/Content/EngineMaterials/Substrate/GLints/dict_16_192_64_0p5_0p02_0033_0005.uasset" 5386
"../../../Engine/Content/EngineMaterials/Substrate/GLints/dict_16_192_64_0p5_0p02_0033_0007.uasset" 5387
"../../../Engine/Content/EngineMaterials/Substrate/GLints/dict_16_192_64_0p5_0p02_0033_0006.uasset" 5388
"../../../Engine/Content/EngineMaterials/Substrate/GLints/dict_16_192_64_0p5_0p02_0033_0008.uasset" 5389
"../../../Engine/Content/EngineMaterials/Substrate/GLints/dict_16_192_64_0p5_0p02_0033_0011.uasset" 5390
"../../../Engine/Content/EngineMaterials/Substrate/GLints/dict_16_192_64_0p5_0p02_0033_0012.uasset" 5391
"../../../Engine/Content/EngineMaterials/Substrate/GLints/dict_16_192_64_0p5_0p02_0033_0013.uasset" 5392
"../../../Engine/Content/EngineMaterials/Substrate/GLints/dict_16_192_64_0p5_0p02_0034_0001.uasset" 5393
"../../../Engine/Content/EngineMaterials/Substrate/GLints/dict_16_192_64_0p5_0p02_0034_0002.uasset" 5394
"../../../Engine/Content/EngineMaterials/Substrate/GLints/dict_16_192_64_0p5_0p02_0033_0009.uasset" 5395
"../../../Engine/Content/EngineMaterials/Substrate/GLints/dict_16_192_64_0p5_0p02_0034_0000.uasset" 5396
"../../../Engine/Content/EngineMaterials/Substrate/GLints/dict_16_192_64_0p5_0p02_0033_0015.uasset" 5397
"../../../Engine/Content/EngineMaterials/Substrate/GLints/dict_16_192_64_0p5_0p02_0033_0014.uasset" 5398
"../../../Engine/Content/EngineMaterials/Substrate/GLints/dict_16_192_64_0p5_0p02_0034_0006.uasset" 5399
"../../../Engine/Content/EngineMaterials/Substrate/GLints/dict_16_192_64_0p5_0p02_0033_0010.uasset" 5400
"/Engine/EngineMaterials/Substrate/GLints/dict_16_192_64_0p5_0p02_0033_0003" 5401
"../../../Engine/Content/EngineMaterials/Substrate/GLints/dict_16_192_64_0p5_0p02_0034_0008.uasset" 5402
"../../../Engine/Content/EngineMaterials/Substrate/GLints/dict_16_192_64_0p5_0p02_0034_0004.uasset" 5403
"../../../Engine/Content/EngineMaterials/Substrate/GLints/dict_16_192_64_0p5_0p02_0034_0005.uasset" 5404
"../../../Engine/Content/EngineMaterials/Substrate/GLints/dict_16_192_64_0p5_0p02_0034_0011.uasset" 5405
"../../../Engine/Content/EngineMaterials/Substrate/GLints/dict_16_192_64_0p5_0p02_0034_0010.uasset" 5406
"../../../Engine/Content/EngineMaterials/Substrate/GLints/dict_16_192_64_0p5_0p02_0034_0009.uasset" 5407
"../../../Engine/Content/EngineMaterials/Substrate/GLints/dict_16_192_64_0p5_0p02_0034_0007.uasset" 5408
"../../../Engine/Content/EngineMaterials/Substrate/GLints/dict_16_192_64_0p5_0p02_0034_0003.uasset" 5409
"/Engine/EngineMaterials/Substrate/GLints/dict_16_192_64_0p5_0p02_0033_0002" 5410
"/Engine/EngineMaterials/Substrate/GLints/dict_16_192_64_0p5_0p02_0033_0000" 5411
"/Engine/EngineMaterials/Substrate/GLints/dict_16_192_64_0p5_0p02_0032_0014" 5412
"/Engine/EngineMaterials/Substrate/GLints/dict_16_192_64_0p5_0p02_0032_0013" 5413
"/Engine/EngineMaterials/Substrate/GLints/dict_16_192_64_0p5_0p02_0032_0012" 5414
"/Engine/EngineMaterials/Substrate/GLints/dict_16_192_64_0p5_0p02_0032_0011" 5415
"/Engine/EngineMaterials/Substrate/GLints/dict_16_192_64_0p5_0p02_0032_0010" 5416
"../../../Engine/Content/EngineMaterials/Substrate/GLints/dict_16_192_64_0p5_0p02_0034_0012.uasset" 5417
"../../../Engine/Content/EngineMaterials/Substrate/GLints/dict_16_192_64_0p5_0p02_0034_0013.uasset" 5418
"../../../Engine/Content/EngineMaterials/Substrate/GLints/dict_16_192_64_0p5_0p02_0034_0015.uasset" 5419
"../../../Engine/Content/EngineMaterials/Substrate/GLints/dict_16_192_64_0p5_0p02_0035_0000.uasset" 5420
"../../../Engine/Content/EngineMaterials/Substrate/GLints/dict_16_192_64_0p5_0p02_0034_0014.uasset" 5421
"../../../Engine/Content/EngineMaterials/Substrate/GLints/dict_16_192_64_0p5_0p02_0035_0001.uasset" 5422
"../../../Engine/Content/EngineMaterials/Substrate/GLints/dict_16_192_64_0p5_0p02_0035_0002.uasset" 5423
"../../../Engine/Content/EngineMaterials/Substrate/GLints/dict_16_192_64_0p5_0p02_0035_0003.uasset" 5424
"/Engine/EngineMaterials/Substrate/GLints/dict_16_192_64_0p5_0p02_0034_0011" 5425
"/Engine/EngineMaterials/Substrate/GLints/dict_16_192_64_0p5_0p02_0034_0010" 5426
"/Engine/EngineMaterials/Substrate/GLints/dict_16_192_64_0p5_0p02_0034_0009" 5427
"/Engine/EngineMaterials/Substrate/GLints/dict_16_192_64_0p5_0p02_0034_0008" 5428
"/Engine/EngineMaterials/Substrate/GLints/dict_16_192_64_0p5_0p02_0034_0007" 5429
"/Engine/EngineMaterials/Substrate/GLints/dict_16_192_64_0p5_0p02_0034_0006" 5430
"/Engine/EngineMaterials/Substrate/GLints/dict_16_192_64_0p5_0p02_0034_0005" 5431
"/Engine/EngineMaterials/Substrate/GLints/dict_16_192_64_0p5_0p02_0034_0004" 5432
"/Engine/EngineMaterials/Substrate/GLints/dict_16_192_64_0p5_0p02_0034_0003" 5433
"/Engine/EngineMaterials/Substrate/GLints/dict_16_192_64_0p5_0p02_0034_0002" 5434
"/Engine/EngineMaterials/Substrate/GLints/dict_16_192_64_0p5_0p02_0034_0001" 5435
"/Engine/EngineMaterials/Substrate/GLints/dict_16_192_64_0p5_0p02_0034_0000" 5436
"/Engine/EngineMaterials/Substrate/GLints/dict_16_192_64_0p5_0p02_0033_0015" 5437
"/Engine/EngineMaterials/Substrate/GLints/dict_16_192_64_0p5_0p02_0033_0014" 5438
"/Engine/EngineMaterials/Substrate/GLints/dict_16_192_64_0p5_0p02_0033_0013" 5439
"/Engine/EngineMaterials/Substrate/GLints/dict_16_192_64_0p5_0p02_0033_0012" 5440
"/Engine/EngineMaterials/Substrate/GLints/dict_16_192_64_0p5_0p02_0033_0011" 5441
"/Engine/EngineMaterials/Substrate/GLints/dict_16_192_64_0p5_0p02_0033_0010" 5442
"/Engine/EngineMaterials/Substrate/GLints/dict_16_192_64_0p5_0p02_0033_0009" 5443
"/Engine/EngineMaterials/Substrate/GLints/dict_16_192_64_0p5_0p02_0033_0008" 5444
"/Engine/EngineMaterials/Substrate/GLints/dict_16_192_64_0p5_0p02_0033_0007" 5445
"/Engine/EngineMaterials/Substrate/GLints/dict_16_192_64_0p5_0p02_0035_0001" 5446
"/Engine/EngineMaterials/Substrate/GLints/dict_16_192_64_0p5_0p02_0033_0006" 5447
"/Engine/EngineMaterials/Substrate/GLints/dict_16_192_64_0p5_0p02_0033_0005" 5448
"/Engine/EngineMaterials/Substrate/GLints/dict_16_192_64_0p5_0p02_0033_0004" 5449
"/Engine/EngineMaterials/Substrate/GLints/dict_16_192_64_0p5_0p02_0035_0000" 5450
"/Engine/EngineMaterials/Substrate/GLints/dict_16_192_64_0p5_0p02_0034_0015" 5451
"/Engine/EngineMaterials/Substrate/GLints/dict_16_192_64_0p5_0p02_0034_0014" 5452
"/Engine/EngineMaterials/Substrate/GLints/dict_16_192_64_0p5_0p02_0034_0013" 5453
"/Engine/EngineMaterials/Substrate/GLints/dict_16_192_64_0p5_0p02_0034_0012" 5454
"../../../Engine/Content/EngineMaterials/Substrate/GLints/dict_16_192_64_0p5_0p02_0035_0006.uasset" 5455
"../../../Engine/Content/EngineMaterials/Substrate/GLints/dict_16_192_64_0p5_0p02_0035_0007.uasset" 5456
"../../../Engine/Content/EngineMaterials/Substrate/GLints/dict_16_192_64_0p5_0p02_0035_0011.uasset" 5457
"../../../Engine/Content/EngineMaterials/Substrate/GLints/dict_16_192_64_0p5_0p02_0035_0008.uasset" 5458
"../../../Engine/Content/EngineMaterials/Substrate/GLints/dict_16_192_64_0p5_0p02_0035_0009.uasset" 5459
"../../../Engine/Content/EngineMaterials/Substrate/GLints/dict_16_192_64_0p5_0p02_0035_0005.uasset" 5460
"../../../Engine/Content/EngineMaterials/Substrate/GLints/dict_16_192_64_0p5_0p02_0035_0015.uasset" 5461
"../../../Engine/Content/EngineMaterials/Substrate/GLints/dict_16_192_64_0p5_0p02_0036_0005.uasset" 5462
"/Engine/EngineMaterials/Substrate/GLints/dict_16_192_64_0p5_0p02_0035_0003" 5463
"../../../Engine/Content/EngineMaterials/Substrate/GLints/dict_16_192_64_0p5_0p02_0035_0012.uasset" 5464
"../../../Engine/Content/EngineMaterials/Substrate/GLints/dict_16_192_64_0p5_0p02_0036_0008.uasset" 5465
"../../../Engine/Content/EngineMaterials/Substrate/GLints/dict_16_192_64_0p5_0p02_0036_0000.uasset" 5466
"../../../Engine/Content/EngineMaterials/Substrate/GLints/dict_16_192_64_0p5_0p02_0036_0001.uasset" 5467
"../../../Engine/Content/EngineMaterials/Substrate/GLints/dict_16_192_64_0p5_0p02_0036_0009.uasset" 5468
"../../../Engine/Content/EngineMaterials/Substrate/GLints/dict_16_192_64_0p5_0p02_0036_0002.uasset" 5469
"../../../Engine/Content/EngineMaterials/Substrate/GLints/dict_16_192_64_0p5_0p02_0035_0013.uasset" 5470
"../../../Engine/Content/EngineMaterials/Substrate/GLints/dict_16_192_64_0p5_0p02_0036_0012.uasset" 5471
"../../../Engine/Content/EngineMaterials/Substrate/GLints/dict_16_192_64_0p5_0p02_0036_0014.uasset" 5472
"../../../Engine/Content/EngineMaterials/Substrate/GLints/dict_16_192_64_0p5_0p02_0035_0010.uasset" 5473
"../../../Engine/Content/EngineMaterials/Substrate/GLints/dict_16_192_64_0p5_0p02_0036_0015.uasset" 5474
"../../../Engine/Content/EngineMaterials/Substrate/GLints/dict_16_192_64_0p5_0p02_0037_0000.uasset" 5475
"../../../Engine/Content/EngineMaterials/Substrate/GLints/dict_16_192_64_0p5_0p02_0036_0003.uasset" 5476
"../../../Engine/Content/EngineMaterials/Substrate/GLints/dict_16_192_64_0p5_0p02_0035_0014.uasset" 5477
"../../../Engine/Content/EngineMaterials/Substrate/GLints/dict_16_192_64_0p5_0p02_0037_0001.uasset" 5478
"../../../Engine/Content/EngineMaterials/Substrate/GLints/dict_16_192_64_0p5_0p02_0036_0010.uasset" 5479
"../../../Engine/Content/EngineMaterials/Substrate/GLints/dict_16_192_64_0p5_0p02_0035_0004.uasset" 5480
"../../../Engine/Content/EngineMaterials/Substrate/GLints/dict_16_192_64_0p5_0p02_0036_0007.uasset" 5481
"../../../Engine/Content/EngineMaterials/Substrate/GLints/dict_16_192_64_0p5_0p02_0036_0013.uasset" 5482
"../../../Engine/Content/EngineMaterials/Substrate/GLints/dict_16_192_64_0p5_0p02_0036_0011.uasset" 5483
"../../../Engine/Content/EngineMaterials/Substrate/GLints/dict_16_192_64_0p5_0p02_0036_0004.uasset" 5484
"../../../Engine/Content/EngineMaterials/Substrate/GLints/dict_16_192_64_0p5_0p02_0036_0006.uasset" 5485
"/Engine/EngineMaterials/Substrate/GLints/dict_16_192_64_0p5_0p02_0035_0002" 5486
"/Engine/EngineMaterials/Substrate/GLints/dict_16_192_64_0p5_0p02_0035_0011" 5487
"/Engine/EngineMaterials/Substrate/GLints/dict_16_192_64_0p5_0p02_0035_0008" 5488
"/Engine/EngineMaterials/Substrate/GLints/dict_16_192_64_0p5_0p02_0035_0006" 5489
"../../../Engine/Content/EngineMaterials/Substrate/GLints/dict_16_192_64_0p5_0p02_0037_0004.uasset" 5490
"../../../Engine/Content/EngineMaterials/Substrate/GLints/dict_16_192_64_0p5_0p02_0037_0005.uasset" 5491
"../../../Engine/Content/EngineMaterials/Substrate/GLints/dict_16_192_64_0p5_0p02_0037_0002.uasset" 5492
"../../../Engine/Content/EngineMaterials/Substrate/GLints/dict_16_192_64_0p5_0p02_0037_0006.uasset" 5493
"../../../Engine/Content/EngineMaterials/Substrate/GLints/dict_16_192_64_0p5_0p02_0037_0003.uasset" 5494
"/Engine/EngineMaterials/Substrate/GLints/dict_16_192_64_0p5_0p02_0037_0001" 5495
"/Engine/EngineMaterials/Substrate/GLints/dict_16_192_64_0p5_0p02_0037_0000" 5496
"/Engine/EngineMaterials/Substrate/GLints/dict_16_192_64_0p5_0p02_0036_0015" 5497
"/Engine/EngineMaterials/Substrate/GLints/dict_16_192_64_0p5_0p02_0036_0014" 5498
"/Engine/EngineMaterials/Substrate/GLints/dict_16_192_64_0p5_0p02_0036_0013" 5499
"/Engine/EngineMaterials/Substrate/GLints/dict_16_192_64_0p5_0p02_0036_0012" 5500
"/Engine/EngineMaterials/Substrate/GLints/dict_16_192_64_0p5_0p02_0036_0011" 5501
"/Engine/EngineMaterials/Substrate/GLints/dict_16_192_64_0p5_0p02_0036_0010" 5502
"/Engine/EngineMaterials/Substrate/GLints/dict_16_192_64_0p5_0p02_0036_0009" 5503
"/Engine/EngineMaterials/Substrate/GLints/dict_16_192_64_0p5_0p02_0036_0008" 5504
"/Engine/EngineMaterials/Substrate/GLints/dict_16_192_64_0p5_0p02_0036_0007" 5505
"/Engine/EngineMaterials/Substrate/GLints/dict_16_192_64_0p5_0p02_0036_0006" 5506
"/Engine/EngineMaterials/Substrate/GLints/dict_16_192_64_0p5_0p02_0036_0005" 5507
"/Engine/EngineMaterials/Substrate/GLints/dict_16_192_64_0p5_0p02_0036_0004" 5508
"/Engine/EngineMaterials/Substrate/GLints/dict_16_192_64_0p5_0p02_0036_0003" 5509
"/Engine/EngineMaterials/Substrate/GLints/dict_16_192_64_0p5_0p02_0036_0002" 5510
"/Engine/EngineMaterials/Substrate/GLints/dict_16_192_64_0p5_0p02_0036_0001" 5511
"/Engine/EngineMaterials/Substrate/GLints/dict_16_192_64_0p5_0p02_0036_0000" 5512
"/Engine/EngineMaterials/Substrate/GLints/dict_16_192_64_0p5_0p02_0035_0015" 5513
"/Engine/EngineMaterials/Substrate/GLints/dict_16_192_64_0p5_0p02_0035_0014" 5514
"/Engine/EngineMaterials/Substrate/GLints/dict_16_192_64_0p5_0p02_0035_0013" 5515
"/Engine/EngineMaterials/Substrate/GLints/dict_16_192_64_0p5_0p02_0035_0012" 5516
"/Engine/EngineMaterials/Substrate/GLints/dict_16_192_64_0p5_0p02_0035_0010" 5517
"/Engine/EngineMaterials/Substrate/GLints/dict_16_192_64_0p5_0p02_0035_0009" 5518
"/Engine/EngineMaterials/Substrate/GLints/dict_16_192_64_0p5_0p02_0035_0007" 5519
"/Engine/EngineMaterials/Substrate/GLints/dict_16_192_64_0p5_0p02_0035_0005" 5520
"/Engine/EngineMaterials/Substrate/GLints/dict_16_192_64_0p5_0p02_0035_0004" 5521
"../../../Engine/Content/EngineMaterials/Substrate/GLints/dict_16_192_64_0p5_0p02_0037_0009.uasset" 5522
"../../../Engine/Content/EngineMaterials/Substrate/GLints/dict_16_192_64_0p5_0p02_0037_0007.uasset" 5523
"../../../Engine/Content/EngineMaterials/Substrate/GLints/dict_16_192_64_0p5_0p02_0037_0011.uasset" 5524
"../../../Engine/Content/EngineMaterials/Substrate/GLints/dict_16_192_64_0p5_0p02_0037_0010.uasset" 5525
"../../../Engine/Content/EngineMaterials/Substrate/GLints/dict_16_192_64_0p5_0p02_0037_0008.uasset" 5526
"../../../Engine/Content/EngineMaterials/Substrate/GLints/dict_16_192_64_0p5_0p02_0038_0000.uasset" 5527
"../../../Engine/Content/EngineMaterials/Substrate/GLints/dict_16_192_64_0p5_0p02_0037_0014.uasset" 5528
"../../../Engine/Content/EngineMaterials/Substrate/GLints/dict_16_192_64_0p5_0p02_0038_0005.uasset" 5529
"../../../Engine/Content/EngineMaterials/Substrate/GLints/dict_16_192_64_0p5_0p02_0038_0001.uasset" 5530
"../../../Engine/Content/EngineMaterials/Substrate/GLints/dict_16_192_64_0p5_0p02_0038_0004.uasset" 5531
"../../../Engine/Content/EngineMaterials/Substrate/GLints/dict_16_192_64_0p5_0p02_0037_0015.uasset" 5532
"../../../Engine/Content/EngineMaterials/Substrate/GLints/dict_16_192_64_0p5_0p02_0037_0013.uasset" 5533
"/Engine/EngineMaterials/Substrate/GLints/dict_16_192_64_0p5_0p02_0037_0006" 5534
"../../../Engine/Content/EngineMaterials/Substrate/GLints/dict_16_192_64_0p5_0p02_0038_0007.uasset" 5535
"../../../Engine/Content/EngineMaterials/Substrate/GLints/dict_16_192_64_0p5_0p02_0038_0013.uasset" 5536
"../../../Engine/Content/EngineMaterials/Substrate/GLints/dict_16_192_64_0p5_0p02_0038_0011.uasset" 5537
"../../../Engine/Content/EngineMaterials/Substrate/GLints/dict_16_192_64_0p5_0p02_0038_0010.uasset" 5538
"../../../Engine/Content/EngineMaterials/Substrate/GLints/dict_16_192_64_0p5_0p02_0038_0015.uasset" 5539
"../../../Engine/Content/EngineMaterials/Substrate/GLints/dict_16_192_64_0p5_0p02_0038_0006.uasset" 5540
"../../../Engine/Content/EngineMaterials/Substrate/GLints/dict_16_192_64_0p5_0p02_0039_0001.uasset" 5541
"../../../Engine/Content/EngineMaterials/Substrate/GLints/dict_16_192_64_0p5_0p02_0038_0003.uasset" 5542
"../../../Engine/Content/EngineMaterials/Substrate/GLints/dict_16_192_64_0p5_0p02_0038_0002.uasset" 5543
"../../../Engine/Content/EngineMaterials/Substrate/GLints/dict_16_192_64_0p5_0p02_0038_0009.uasset" 5544
"../../../Engine/Content/EngineMaterials/Substrate/GLints/dict_16_192_64_0p5_0p02_0039_0000.uasset" 5545
"../../../Engine/Content/EngineMaterials/Substrate/GLints/dict_16_192_64_0p5_0p02_0038_0014.uasset" 5546
"../../../Engine/Content/EngineMaterials/Substrate/GLints/dict_16_192_64_0p5_0p02_0037_0012.uasset" 5547
"../../../Engine/Content/EngineMaterials/Substrate/GLints/dict_16_192_64_0p5_0p02_0038_0012.uasset" 5548
"../../../Engine/Content/EngineMaterials/Substrate/GLints/dict_16_192_64_0p5_0p02_0038_0008.uasset" 5549
"/Engine/EngineMaterials/Substrate/GLints/dict_16_192_64_0p5_0p02_0037_0005" 5550
"/Engine/EngineMaterials/Substrate/GLints/dict_16_192_64_0p5_0p02_0037_0004" 5551
"/Engine/EngineMaterials/Substrate/GLints/dict_16_192_64_0p5_0p02_0037_0003" 5552
"/Engine/EngineMaterials/Substrate/GLints/dict_16_192_64_0p5_0p02_0037_0002" 5553
"../../../Engine/Content/EngineMaterials/Substrate/GLints/dict_16_192_64_0p5_0p02_0039_0002.uasset" 5554
"../../../Engine/Content/EngineMaterials/Substrate/GLints/dict_16_192_64_0p5_0p02_0039_0003.uasset" 5555
"../../../Engine/Content/EngineMaterials/Substrate/GLints/dict_16_192_64_0p5_0p02_0039_0004.uasset" 5556
"../../../Engine/Content/EngineMaterials/Substrate/GLints/dict_16_192_64_0p5_0p02_0039_0005.uasset" 5557
"../../../Engine/Content/EngineMaterials/Substrate/GLints/dict_16_192_64_0p5_0p02_0039_0006.uasset" 5558
"/Engine/EngineMaterials/Substrate/GLints/dict_16_192_64_0p5_0p02_0039_0001" 5559
"/Engine/EngineMaterials/Substrate/GLints/dict_16_192_64_0p5_0p02_0039_0000" 5560
"/Engine/EngineMaterials/Substrate/GLints/dict_16_192_64_0p5_0p02_0038_0015" 5561
"/Engine/EngineMaterials/Substrate/GLints/dict_16_192_64_0p5_0p02_0038_0014" 5562
"/Engine/EngineMaterials/Substrate/GLints/dict_16_192_64_0p5_0p02_0038_0013" 5563
"/Engine/EngineMaterials/Substrate/GLints/dict_16_192_64_0p5_0p02_0038_0012" 5564
"/Engine/EngineMaterials/Substrate/GLints/dict_16_192_64_0p5_0p02_0038_0011" 5565
"/Engine/EngineMaterials/Substrate/GLints/dict_16_192_64_0p5_0p02_0038_0010" 5566
"/Engine/EngineMaterials/Substrate/GLints/dict_16_192_64_0p5_0p02_0038_0009" 5567
"/Engine/EngineMaterials/Substrate/GLints/dict_16_192_64_0p5_0p02_0038_0008" 5568
"/Engine/EngineMaterials/Substrate/GLints/dict_16_192_64_0p5_0p02_0038_0007" 5569
"/Engine/EngineMaterials/Substrate/GLints/dict_16_192_64_0p5_0p02_0038_0006" 5570
"/Engine/EngineMaterials/Substrate/GLints/dict_16_192_64_0p5_0p02_0038_0005" 5571
"/Engine/EngineMaterials/Substrate/GLints/dict_16_192_64_0p5_0p02_0038_0004" 5572
"/Engine/EngineMaterials/Substrate/GLints/dict_16_192_64_0p5_0p02_0038_0003" 5573
"/Engine/EngineMaterials/Substrate/GLints/dict_16_192_64_0p5_0p02_0038_0002" 5574
"/Engine/EngineMaterials/Substrate/GLints/dict_16_192_64_0p5_0p02_0038_0001" 5575
"/Engine/EngineMaterials/Substrate/GLints/dict_16_192_64_0p5_0p02_0038_0000" 5576
"/Engine/EngineMaterials/Substrate/GLints/dict_16_192_64_0p5_0p02_0037_0015" 5577
"/Engine/EngineMaterials/Substrate/GLints/dict_16_192_64_0p5_0p02_0037_0014" 5578
"/Engine/EngineMaterials/Substrate/GLints/dict_16_192_64_0p5_0p02_0037_0013" 5579
"/Engine/EngineMaterials/Substrate/GLints/dict_16_192_64_0p5_0p02_0037_0012" 5580
"/Engine/EngineMaterials/Substrate/GLints/dict_16_192_64_0p5_0p02_0039_0004" 5581
"/Engine/EngineMaterials/Substrate/GLints/dict_16_192_64_0p5_0p02_0037_0011" 5582
"/Engine/EngineMaterials/Substrate/GLints/dict_16_192_64_0p5_0p02_0037_0010" 5583
"/Engine/EngineMaterials/Substrate/GLints/dict_16_192_64_0p5_0p02_0039_0003" 5584
"/Engine/EngineMaterials/Substrate/GLints/dict_16_192_64_0p5_0p02_0037_0009" 5585
"/Engine/EngineMaterials/Substrate/GLints/dict_16_192_64_0p5_0p02_0039_0002" 5586
"/Engine/EngineMaterials/Substrate/GLints/dict_16_192_64_0p5_0p02_0037_0008" 5587
"/Engine/EngineMaterials/Substrate/GLints/dict_16_192_64_0p5_0p02_0037_0007" 5588
"../../../Engine/Content/EngineMaterials/Substrate/GLints/dict_16_192_64_0p5_0p02_0039_0008.uasset" 5589
"../../../Engine/Content/EngineMaterials/Substrate/GLints/dict_16_192_64_0p5_0p02_0039_0007.uasset" 5590
"../../../Engine/Content/EngineMaterials/Substrate/GLints/dict_16_192_64_0p5_0p02_0039_0010.uasset" 5591
"../../../Engine/Content/EngineMaterials/Substrate/GLints/dict_16_192_64_0p5_0p02_0039_0014.uasset" 5592
"../../../Engine/Content/EngineMaterials/Substrate/GLints/dict_16_192_64_0p5_0p02_0039_0009.uasset" 5593
"../../../Engine/Content/EngineMaterials/Substrate/GLints/dict_16_192_64_0p5_0p02_0039_0015.uasset" 5594
"../../../Engine/Content/EngineMaterials/Substrate/GLints/dict_16_192_64_0p5_0p02_0039_0012.uasset" 5595
"../../../Engine/Content/EngineMaterials/Substrate/GLints/dict_16_192_64_0p5_0p02_0040_0001.uasset" 5596
"../../../Engine/Content/EngineMaterials/Substrate/GLints/dict_16_192_64_0p5_0p02_0040_0005.uasset" 5597
"../../../Engine/Content/EngineMaterials/Substrate/GLints/dict_16_192_64_0p5_0p02_0039_0013.uasset" 5598
"../../../Engine/Content/EngineMaterials/Substrate/GLints/dict_16_192_64_0p5_0p02_0040_0009.uasset" 5599
"../../../Engine/Content/EngineMaterials/Substrate/GLints/dict_16_192_64_0p5_0p02_0040_0006.uasset" 5600
"../../../Engine/Content/EngineMaterials/Substrate/GLints/dict_16_192_64_0p5_0p02_0040_0008.uasset" 5601
"../../../Engine/Content/EngineMaterials/Substrate/GLints/dict_16_192_64_0p5_0p02_0039_0011.uasset" 5602
"../../../Engine/Content/EngineMaterials/Substrate/GLints/dict_16_192_64_0p5_0p02_0040_0003.uasset" 5603
"../../../Engine/Content/EngineMaterials/Substrate/GLints/dict_16_192_64_0p5_0p02_0040_0010.uasset" 5604
"../../../Engine/Content/EngineMaterials/Substrate/GLints/dict_16_192_64_0p5_0p02_0040_0004.uasset" 5605
"../../../Engine/Content/EngineMaterials/Substrate/GLints/dict_16_192_64_0p5_0p02_0041_0001.uasset" 5606
"../../../Engine/Content/EngineMaterials/Substrate/GLints/dict_16_192_64_0p5_0p02_0040_0007.uasset" 5607
"../../../Engine/Content/EngineMaterials/Substrate/GLints/dict_16_192_64_0p5_0p02_0041_0003.uasset" 5608
"../../../Engine/Content/EngineMaterials/Substrate/GLints/dict_16_192_64_0p5_0p02_0041_0004.uasset" 5609
"../../../Engine/Content/EngineMaterials/Substrate/GLints/dict_16_192_64_0p5_0p02_0040_0011.uasset" 5610
"../../../Engine/Content/EngineMaterials/Substrate/GLints/dict_16_192_64_0p5_0p02_0040_0002.uasset" 5611
"../../../Engine/Content/EngineMaterials/Substrate/GLints/dict_16_192_64_0p5_0p02_0040_0000.uasset" 5612
"../../../Engine/Content/EngineMaterials/Substrate/GLints/dict_16_192_64_0p5_0p02_0040_0012.uasset" 5613
"../../../Engine/Content/EngineMaterials/Substrate/GLints/dict_16_192_64_0p5_0p02_0040_0015.uasset" 5614
"../../../Engine/Content/EngineMaterials/Substrate/GLints/dict_16_192_64_0p5_0p02_0040_0014.uasset" 5615
"/Engine/EngineMaterials/Substrate/GLints/dict_16_192_64_0p5_0p02_0039_0006" 5616
"../../../Engine/Content/EngineMaterials/Substrate/GLints/dict_16_192_64_0p5_0p02_0041_0000.uasset" 5617
"../../../Engine/Content/EngineMaterials/Substrate/GLints/dict_16_192_64_0p5_0p02_0041_0002.uasset" 5618
"../../../Engine/Content/EngineMaterials/Substrate/GLints/dict_16_192_64_0p5_0p02_0040_0013.uasset" 5619
"/Engine/EngineMaterials/Substrate/GLints/dict_16_192_64_0p5_0p02_0039_0005" 5620
"/Engine/EngineMaterials/Substrate/GLints/dict_16_192_64_0p5_0p02_0039_0014" 5621
"/Engine/EngineMaterials/Substrate/GLints/dict_16_192_64_0p5_0p02_0039_0008" 5622
"/Engine/EngineMaterials/Substrate/GLints/dict_16_192_64_0p5_0p02_0039_0007" 5623
"../../../Engine/Content/EngineMaterials/Substrate/GLints/dict_16_192_64_0p5_0p02_0041_0005.uasset" 5624
"../../../Engine/Content/EngineMaterials/Substrate/GLints/dict_16_192_64_0p5_0p02_0041_0006.uasset" 5625
"../../../Engine/Content/EngineMaterials/Substrate/GLints/dict_16_192_64_0p5_0p02_0041_0008.uasset" 5626
"../../../Engine/Content/EngineMaterials/Substrate/GLints/dict_16_192_64_0p5_0p02_0041_0009.uasset" 5627
"/Engine/EngineMaterials/Substrate/GLints/dict_16_192_64_0p5_0p02_0041_0004" 5628
"../../../Engine/Content/EngineMaterials/Substrate/GLints/dict_16_192_64_0p5_0p02_0041_0007.uasset" 5629
"/Engine/EngineMaterials/Substrate/GLints/dict_16_192_64_0p5_0p02_0041_0003" 5630
"/Engine/EngineMaterials/Substrate/GLints/dict_16_192_64_0p5_0p02_0041_0002" 5631
"/Engine/EngineMaterials/Substrate/GLints/dict_16_192_64_0p5_0p02_0041_0001" 5632
"/Engine/EngineMaterials/Substrate/GLints/dict_16_192_64_0p5_0p02_0041_0000" 5633
"/Engine/EngineMaterials/Substrate/GLints/dict_16_192_64_0p5_0p02_0040_0015" 5634
"/Engine/EngineMaterials/Substrate/GLints/dict_16_192_64_0p5_0p02_0040_0014" 5635
"/Engine/EngineMaterials/Substrate/GLints/dict_16_192_64_0p5_0p02_0040_0013" 5636
"/Engine/EngineMaterials/Substrate/GLints/dict_16_192_64_0p5_0p02_0040_0012" 5637
"/Engine/EngineMaterials/Substrate/GLints/dict_16_192_64_0p5_0p02_0040_0011" 5638
"/Engine/EngineMaterials/Substrate/GLints/dict_16_192_64_0p5_0p02_0040_0010" 5639
"/Engine/EngineMaterials/Substrate/GLints/dict_16_192_64_0p5_0p02_0040_0009" 5640
"/Engine/EngineMaterials/Substrate/GLints/dict_16_192_64_0p5_0p02_0040_0008" 5641
"/Engine/EngineMaterials/Substrate/GLints/dict_16_192_64_0p5_0p02_0040_0007" 5642
"/Engine/EngineMaterials/Substrate/GLints/dict_16_192_64_0p5_0p02_0040_0006" 5643
"/Engine/EngineMaterials/Substrate/GLints/dict_16_192_64_0p5_0p02_0040_0005" 5644
"/Engine/EngineMaterials/Substrate/GLints/dict_16_192_64_0p5_0p02_0040_0004" 5645
"/Engine/EngineMaterials/Substrate/GLints/dict_16_192_64_0p5_0p02_0040_0003" 5646
"/Engine/EngineMaterials/Substrate/GLints/dict_16_192_64_0p5_0p02_0040_0002" 5647
"/Engine/EngineMaterials/Substrate/GLints/dict_16_192_64_0p5_0p02_0040_0001" 5648
"/Engine/EngineMaterials/Substrate/GLints/dict_16_192_64_0p5_0p02_0040_0000" 5649
"/Engine/EngineMaterials/Substrate/GLints/dict_16_192_64_0p5_0p02_0039_0015" 5650
"/Engine/EngineMaterials/Substrate/GLints/dict_16_192_64_0p5_0p02_0039_0013" 5651
"/Engine/EngineMaterials/Substrate/GLints/dict_16_192_64_0p5_0p02_0039_0012" 5652
"/Engine/EngineMaterials/Substrate/GLints/dict_16_192_64_0p5_0p02_0039_0011" 5653
"/Engine/EngineMaterials/Substrate/GLints/dict_16_192_64_0p5_0p02_0039_0010" 5654
"/Engine/EngineMaterials/Substrate/GLints/dict_16_192_64_0p5_0p02_0039_0009" 5655
"../../../Engine/Content/EngineMaterials/Substrate/GLints/dict_16_192_64_0p5_0p02_0041_0011.uasset" 5656
"../../../Engine/Content/EngineMaterials/Substrate/GLints/dict_16_192_64_0p5_0p02_0041_0010.uasset" 5657
"../../../Engine/Content/EngineMaterials/Substrate/GLints/dict_16_192_64_0p5_0p02_0041_0014.uasset" 5658
"../../../Engine/Content/EngineMaterials/Substrate/GLints/dict_16_192_64_0p5_0p02_0042_0000.uasset" 5659
"../../../Engine/Content/EngineMaterials/Substrate/GLints/dict_16_192_64_0p5_0p02_0041_0015.uasset" 5660
"../../../Engine/Content/EngineMaterials/Substrate/GLints/dict_16_192_64_0p5_0p02_0041_0013.uasset" 5661
"../../../Engine/Content/EngineMaterials/Substrate/GLints/dict_16_192_64_0p5_0p02_0042_0001.uasset" 5662
"../../../Engine/Content/EngineMaterials/Substrate/GLints/dict_16_192_64_0p5_0p02_0042_0005.uasset" 5663
"../../../Engine/Content/EngineMaterials/Substrate/GLints/dict_16_192_64_0p5_0p02_0042_0009.uasset" 5664
"/Engine/EngineMaterials/Substrate/GLints/dict_16_192_64_0p5_0p02_0041_0009" 5665
"../../../Engine/Content/EngineMaterials/Substrate/GLints/dict_16_192_64_0p5_0p02_0042_0004.uasset" 5666
"../../../Engine/Content/EngineMaterials/Substrate/GLints/dict_16_192_64_0p5_0p02_0042_0007.uasset" 5667
"../../../Engine/Content/EngineMaterials/Substrate/GLints/dict_16_192_64_0p5_0p02_0042_0010.uasset" 5668
"../../../Engine/Content/EngineMaterials/Substrate/GLints/dict_16_192_64_0p5_0p02_0043_0002.uasset" 5669
"../../../Engine/Content/EngineMaterials/Substrate/GLints/dict_16_192_64_0p5_0p02_0042_0015.uasset" 5670
"../../../Engine/Content/EngineMaterials/Substrate/GLints/dict_16_192_64_0p5_0p02_0042_0006.uasset" 5671
"../../../Engine/Content/EngineMaterials/Substrate/GLints/dict_16_192_64_0p5_0p02_0042_0011.uasset" 5672
"../../../Engine/Content/EngineMaterials/Substrate/GLints/dict_16_192_64_0p5_0p02_0043_0003.uasset" 5673
"../../../Engine/Content/EngineMaterials/Substrate/GLints/dict_16_192_64_0p5_0p02_0043_0004.uasset" 5674
"../../../Engine/Content/EngineMaterials/Substrate/GLints/dict_16_192_64_0p5_0p02_0041_0012.uasset" 5675
"../../../Engine/Content/EngineMaterials/Substrate/GLints/dict_16_192_64_0p5_0p02_0042_0013.uasset" 5676
"../../../Engine/Content/EngineMaterials/Substrate/GLints/dict_16_192_64_0p5_0p02_0042_0014.uasset" 5677
"../../../Engine/Content/EngineMaterials/Substrate/GLints/dict_16_192_64_0p5_0p02_0043_0001.uasset" 5678
"../../../Engine/Content/EngineMaterials/Substrate/GLints/dict_16_192_64_0p5_0p02_0043_0000.uasset" 5679
"../../../Engine/Content/EngineMaterials/Substrate/GLints/dict_16_192_64_0p5_0p02_0042_0008.uasset" 5680
"../../../Engine/Content/EngineMaterials/Substrate/GLints/dict_16_192_64_0p5_0p02_0042_0002.uasset" 5681
"../../../Engine/Content/EngineMaterials/Substrate/GLints/dict_16_192_64_0p5_0p02_0042_0012.uasset" 5682
"../../../Engine/Content/EngineMaterials/Substrate/GLints/dict_16_192_64_0p5_0p02_0042_0003.uasset" 5683
"/Engine/EngineMaterials/Substrate/GLints/dict_16_192_64_0p5_0p02_0041_0008" 5684
"/Engine/EngineMaterials/Substrate/GLints/dict_16_192_64_0p5_0p02_0041_0007" 5685
"/Engine/EngineMaterials/Substrate/GLints/dict_16_192_64_0p5_0p02_0041_0011" 5686
"/Engine/EngineMaterials/Substrate/GLints/dict_16_192_64_0p5_0p02_0041_0006" 5687
"/Engine/EngineMaterials/Substrate/GLints/dict_16_192_64_0p5_0p02_0041_0005" 5688
"../../../Engine/Content/EngineMaterials/Substrate/GLints/dict_16_192_64_0p5_0p02_0043_0006.uasset" 5689
"../../../Engine/Content/EngineMaterials/Substrate/GLints/dict_16_192_64_0p5_0p02_0043_0005.uasset" 5690
"../../../Engine/Content/EngineMaterials/Substrate/GLints/dict_16_192_64_0p5_0p02_0043_0009.uasset" 5691
"../../../Engine/Content/EngineMaterials/Substrate/GLints/dict_16_192_64_0p5_0p02_0043_0008.uasset" 5692
"../../../Engine/Content/EngineMaterials/Substrate/GLints/dict_16_192_64_0p5_0p02_0043_0010.uasset" 5693
"../../../Engine/Content/EngineMaterials/Substrate/GLints/dict_16_192_64_0p5_0p02_0043_0007.uasset" 5694
"/Engine/EngineMaterials/Substrate/GLints/dict_16_192_64_0p5_0p02_0043_0004" 5695
"/Engine/EngineMaterials/Substrate/GLints/dict_16_192_64_0p5_0p02_0043_0003" 5696
"/Engine/EngineMaterials/Substrate/GLints/dict_16_192_64_0p5_0p02_0043_0002" 5697
"/Engine/EngineMaterials/Substrate/GLints/dict_16_192_64_0p5_0p02_0043_0001" 5698
"/Engine/EngineMaterials/Substrate/GLints/dict_16_192_64_0p5_0p02_0043_0000" 5699
"/Engine/EngineMaterials/Substrate/GLints/dict_16_192_64_0p5_0p02_0042_0015" 5700
"/Engine/EngineMaterials/Substrate/GLints/dict_16_192_64_0p5_0p02_0042_0014" 5701
"/Engine/EngineMaterials/Substrate/GLints/dict_16_192_64_0p5_0p02_0042_0013" 5702
"/Engine/EngineMaterials/Substrate/GLints/dict_16_192_64_0p5_0p02_0042_0012" 5703
"/Engine/EngineMaterials/Substrate/GLints/dict_16_192_64_0p5_0p02_0042_0011" 5704
"/Engine/EngineMaterials/Substrate/GLints/dict_16_192_64_0p5_0p02_0042_0010" 5705
"/Engine/EngineMaterials/Substrate/GLints/dict_16_192_64_0p5_0p02_0042_0009" 5706
"/Engine/EngineMaterials/Substrate/GLints/dict_16_192_64_0p5_0p02_0042_0008" 5707
"/Engine/EngineMaterials/Substrate/GLints/dict_16_192_64_0p5_0p02_0042_0007" 5708
"/Engine/EngineMaterials/Substrate/GLints/dict_16_192_64_0p5_0p02_0042_0006" 5709
"/Engine/EngineMaterials/Substrate/GLints/dict_16_192_64_0p5_0p02_0042_0005" 5710
"/Engine/EngineMaterials/Substrate/GLints/dict_16_192_64_0p5_0p02_0042_0004" 5711
"/Engine/EngineMaterials/Substrate/GLints/dict_16_192_64_0p5_0p02_0042_0003" 5712
"/Engine/EngineMaterials/Substrate/GLints/dict_16_192_64_0p5_0p02_0042_0002" 5713
"/Engine/EngineMaterials/Substrate/GLints/dict_16_192_64_0p5_0p02_0042_0001" 5714
"/Engine/EngineMaterials/Substrate/GLints/dict_16_192_64_0p5_0p02_0042_0000" 5715
"/Engine/EngineMaterials/Substrate/GLints/dict_16_192_64_0p5_0p02_0041_0015" 5716
"/Engine/EngineMaterials/Substrate/GLints/dict_16_192_64_0p5_0p02_0041_0014" 5717
"/Engine/EngineMaterials/Substrate/GLints/dict_16_192_64_0p5_0p02_0041_0013" 5718
"/Engine/EngineMaterials/Substrate/GLints/dict_16_192_64_0p5_0p02_0041_0012" 5719
"/Engine/EngineMaterials/Substrate/GLints/dict_16_192_64_0p5_0p02_0041_0010" 5720
"/Engine/EngineMaterials/Substrate/GLints/dict_16_192_64_0p5_0p02_0043_0006" 5721
"/Engine/EngineMaterials/Substrate/GLints/dict_16_192_64_0p5_0p02_0043_0005" 5722
"../../../Engine/Content/EngineMaterials/Substrate/GLints/dict_16_192_64_0p5_0p02_0043_0011.uasset" 5723
"../../../Engine/Content/EngineMaterials/Substrate/GLints/dict_16_192_64_0p5_0p02_0043_0012.uasset" 5724
"../../../Engine/Content/EngineMaterials/Substrate/GLints/dict_16_192_64_0p5_0p02_0043_0013.uasset" 5725
"../../../Engine/Content/EngineMaterials/Substrate/GLints/dict_16_192_64_0p5_0p02_0043_0015.uasset" 5726
"../../../Engine/Content/EngineMaterials/Substrate/GLints/dict_16_192_64_0p5_0p02_0043_0014.uasset" 5727
"../../../Engine/Content/EngineMaterials/Substrate/GLints/dict_16_192_64_0p5_0p02_0044_0000.uasset" 5728
"../../../Engine/Content/EngineMaterials/Substrate/GLints/dict_16_192_64_0p5_0p02_0044_0002.uasset" 5729
"/Engine/EngineMaterials/Substrate/GLints/dict_16_192_64_0p5_0p02_0043_0010" 5730
"../../../Engine/Content/EngineMaterials/Substrate/GLints/dict_16_192_64_0p5_0p02_0044_0009.uasset" 5731
"../../../Engine/Content/EngineMaterials/Substrate/GLints/dict_16_192_64_0p5_0p02_0044_0006.uasset" 5732
"../../../Engine/Content/EngineMaterials/Substrate/GLints/dict_16_192_64_0p5_0p02_0044_0012.uasset" 5733
"../../../Engine/Content/EngineMaterials/Substrate/GLints/dict_16_192_64_0p5_0p02_0044_0001.uasset" 5734
"../../../Engine/Content/EngineMaterials/Substrate/GLints/dict_16_192_64_0p5_0p02_0044_0015.uasset" 5735
"../../../Engine/Content/EngineMaterials/Substrate/GLints/dict_16_192_64_0p5_0p02_0044_0013.uasset" 5736
"../../../Engine/Content/EngineMaterials/Substrate/GLints/dict_16_192_64_0p5_0p02_0044_0005.uasset" 5737
"../../../Engine/Content/EngineMaterials/Substrate/GLints/dict_16_192_64_0p5_0p02_0044_0008.uasset" 5738
"../../../Engine/Content/EngineMaterials/Substrate/GLints/dict_16_192_64_0p5_0p02_0044_0003.uasset" 5739
"../../../Engine/Content/EngineMaterials/Substrate/GLints/dict_16_192_64_0p5_0p02_0045_0000.uasset" 5740
"../../../Engine/Content/EngineMaterials/Substrate/GLints/dict_16_192_64_0p5_0p02_0045_0002.uasset" 5741
"../../../Engine/Content/EngineMaterials/Substrate/GLints/dict_16_192_64_0p5_0p02_0044_0011.uasset" 5742
"../../../Engine/Content/EngineMaterials/Substrate/GLints/dict_16_192_64_0p5_0p02_0044_0007.uasset" 5743
"../../../Engine/Content/EngineMaterials/Substrate/GLints/dict_16_192_64_0p5_0p02_0045_0003.uasset" 5744
"../../../Engine/Content/EngineMaterials/Substrate/GLints/dict_16_192_64_0p5_0p02_0044_0014.uasset" 5745
"../../../Engine/Content/EngineMaterials/Substrate/GLints/dict_16_192_64_0p5_0p02_0044_0004.uasset" 5746
"../../../Engine/Content/EngineMaterials/Substrate/GLints/dict_16_192_64_0p5_0p02_0045_0005.uasset" 5747
"../../../Engine/Content/EngineMaterials/Substrate/GLints/dict_16_192_64_0p5_0p02_0045_0006.uasset" 5748
"../../../Engine/Content/EngineMaterials/Substrate/GLints/dict_16_192_64_0p5_0p02_0045_0004.uasset" 5749
"../../../Engine/Content/EngineMaterials/Substrate/GLints/dict_16_192_64_0p5_0p02_0045_0001.uasset" 5750
"../../../Engine/Content/EngineMaterials/Substrate/GLints/dict_16_192_64_0p5_0p02_0044_0010.uasset" 5751
"/Engine/EngineMaterials/Substrate/GLints/dict_16_192_64_0p5_0p02_0043_0009" 5752
"/Engine/EngineMaterials/Substrate/GLints/dict_16_192_64_0p5_0p02_0043_0008" 5753
"/Engine/EngineMaterials/Substrate/GLints/dict_16_192_64_0p5_0p02_0043_0007" 5754
"/Engine/EngineMaterials/Substrate/GLints/dict_16_192_64_0p5_0p02_0043_0012" 5755
"/Engine/EngineMaterials/Substrate/GLints/dict_16_192_64_0p5_0p02_0043_0011" 5756
"../../../Engine/Content/EngineMaterials/Substrate/GLints/dict_16_192_64_0p5_0p02_0045_0007.uasset" 5757
"../../../Engine/Content/EngineMaterials/Substrate/GLints/dict_16_192_64_0p5_0p02_0045_0008.uasset" 5758
"../../../Engine/Content/EngineMaterials/Substrate/GLints/dict_16_192_64_0p5_0p02_0045_0009.uasset" 5759
"../../../Engine/Content/EngineMaterials/Substrate/GLints/dict_16_192_64_0p5_0p02_0045_0010.uasset" 5760
"/Engine/EngineMaterials/Substrate/GLints/dict_16_192_64_0p5_0p02_0045_0006" 5761
"../../../Engine/Content/EngineMaterials/Substrate/GLints/dict_16_192_64_0p5_0p02_0045_0012.uasset" 5762
"../../../Engine/Content/EngineMaterials/Substrate/GLints/dict_16_192_64_0p5_0p02_0045_0011.uasset" 5763
"/Engine/EngineMaterials/Substrate/GLints/dict_16_192_64_0p5_0p02_0045_0005" 5764
"/Engine/EngineMaterials/Substrate/GLints/dict_16_192_64_0p5_0p02_0045_0004" 5765
"/Engine/EngineMaterials/Substrate/GLints/dict_16_192_64_0p5_0p02_0045_0003" 5766
"/Engine/EngineMaterials/Substrate/GLints/dict_16_192_64_0p5_0p02_0045_0002" 5767
"/Engine/EngineMaterials/Substrate/GLints/dict_16_192_64_0p5_0p02_0045_0001" 5768
"/Engine/EngineMaterials/Substrate/GLints/dict_16_192_64_0p5_0p02_0045_0000" 5769
"/Engine/EngineMaterials/Substrate/GLints/dict_16_192_64_0p5_0p02_0044_0015" 5770
"/Engine/EngineMaterials/Substrate/GLints/dict_16_192_64_0p5_0p02_0044_0014" 5771
"/Engine/EngineMaterials/Substrate/GLints/dict_16_192_64_0p5_0p02_0044_0013" 5772
"/Engine/EngineMaterials/Substrate/GLints/dict_16_192_64_0p5_0p02_0044_0012" 5773
"/Engine/EngineMaterials/Substrate/GLints/dict_16_192_64_0p5_0p02_0044_0011" 5774
"/Engine/EngineMaterials/Substrate/GLints/dict_16_192_64_0p5_0p02_0044_0010" 5775
"/Engine/EngineMaterials/Substrate/GLints/dict_16_192_64_0p5_0p02_0044_0009" 5776
"/Engine/EngineMaterials/Substrate/GLints/dict_16_192_64_0p5_0p02_0044_0008" 5777
"/Engine/EngineMaterials/Substrate/GLints/dict_16_192_64_0p5_0p02_0044_0007" 5778
"/Engine/EngineMaterials/Substrate/GLints/dict_16_192_64_0p5_0p02_0044_0006" 5779
"/Engine/EngineMaterials/Substrate/GLints/dict_16_192_64_0p5_0p02_0044_0005" 5780
"/Engine/EngineMaterials/Substrate/GLints/dict_16_192_64_0p5_0p02_0044_0004" 5781
"/Engine/EngineMaterials/Substrate/GLints/dict_16_192_64_0p5_0p02_0044_0003" 5782
"/Engine/EngineMaterials/Substrate/GLints/dict_16_192_64_0p5_0p02_0044_0002" 5783
"/Engine/EngineMaterials/Substrate/GLints/dict_16_192_64_0p5_0p02_0044_0001" 5784
"/Engine/EngineMaterials/Substrate/GLints/dict_16_192_64_0p5_0p02_0044_0000" 5785
"/Engine/EngineMaterials/Substrate/GLints/dict_16_192_64_0p5_0p02_0043_0015" 5786
"/Engine/EngineMaterials/Substrate/GLints/dict_16_192_64_0p5_0p02_0043_0014" 5787
"/Engine/EngineMaterials/Substrate/GLints/dict_16_192_64_0p5_0p02_0043_0013" 5788
"../../../Engine/Content/EngineMaterials/Substrate/GLints/dict_16_192_64_0p5_0p02_0045_0013.uasset" 5789
"../../../Engine/Content/EngineMaterials/Substrate/GLints/dict_16_192_64_0p5_0p02_0045_0015.uasset" 5790
"../../../Engine/Content/EngineMaterials/Substrate/GLints/dict_16_192_64_0p5_0p02_0046_0001.uasset" 5791
"../../../Engine/Content/EngineMaterials/Substrate/GLints/dict_16_192_64_0p5_0p02_0046_0006.uasset" 5792
"/Engine/EngineMaterials/Substrate/GLints/dict_16_192_64_0p5_0p02_0045_0012" 5793
"../../../Engine/Content/EngineMaterials/Substrate/GLints/dict_16_192_64_0p5_0p02_0046_0008.uasset" 5794
"../../../Engine/Content/EngineMaterials/Substrate/GLints/dict_16_192_64_0p5_0p02_0046_0010.uasset" 5795
"../../../Engine/Content/EngineMaterials/Substrate/GLints/dict_16_192_64_0p5_0p02_0046_0005.uasset" 5796
"../../../Engine/Content/EngineMaterials/Substrate/GLints/dict_16_192_64_0p5_0p02_0046_0012.uasset" 5797
"../../../Engine/Content/EngineMaterials/Substrate/GLints/dict_16_192_64_0p5_0p02_0046_0015.uasset" 5798
"../../../Engine/Content/EngineMaterials/Substrate/GLints/dict_16_192_64_0p5_0p02_0046_0014.uasset" 5799
"../../../Engine/Content/EngineMaterials/Substrate/GLints/dict_16_192_64_0p5_0p02_0047_0001.uasset" 5800
"../../../Engine/Content/EngineMaterials/Substrate/GLints/dict_16_192_64_0p5_0p02_0047_0003.uasset" 5801
"../../../Engine/Content/EngineMaterials/Substrate/GLints/dict_16_192_64_0p5_0p02_0047_0000.uasset" 5802
"../../../Engine/Content/EngineMaterials/Substrate/GLints/dict_16_192_64_0p5_0p02_0047_0005.uasset" 5803
"../../../Engine/Content/EngineMaterials/Substrate/GLints/dict_16_192_64_0p5_0p02_0047_0004.uasset" 5804
"../../../Engine/Content/EngineMaterials/Substrate/GLints/dict_16_192_64_0p5_0p02_0047_0002.uasset" 5805
"../../../Engine/Content/EngineMaterials/Substrate/GLints/dict_16_192_64_0p5_0p02_0046_0013.uasset" 5806
"../../../Engine/Content/EngineMaterials/Substrate/GLints/dict_16_192_64_0p5_0p02_0046_0003.uasset" 5807
"../../../Engine/Content/EngineMaterials/Substrate/GLints/dict_16_192_64_0p5_0p02_0045_0014.uasset" 5808
"/Engine/EngineMaterials/Substrate/GLints/dict_16_192_64_0p5_0p02_0045_0011" 5809
"../../../Engine/Content/EngineMaterials/Substrate/GLints/dict_16_192_64_0p5_0p02_0046_0011.uasset" 5810
"../../../Engine/Content/EngineMaterials/Substrate/GLints/dict_16_192_64_0p5_0p02_0046_0004.uasset" 5811
"../../../Engine/Content/EngineMaterials/Substrate/GLints/dict_16_192_64_0p5_0p02_0046_0009.uasset" 5812
"../../../Engine/Content/EngineMaterials/Substrate/GLints/dict_16_192_64_0p5_0p02_0046_0000.uasset" 5813
"../../../Engine/Content/EngineMaterials/Substrate/GLints/dict_16_192_64_0p5_0p02_0046_0007.uasset" 5814
"../../../Engine/Content/EngineMaterials/Substrate/GLints/dict_16_192_64_0p5_0p02_0046_0002.uasset" 5815
"../../../Engine/Content/EngineMaterials/Substrate/GLints/dict_16_192_64_0p5_0p02_0047_0006.uasset" 5816
"/Engine/EngineMaterials/Substrate/GLints/dict_16_192_64_0p5_0p02_0045_0010" 5817
"/Engine/EngineMaterials/Substrate/GLints/dict_16_192_64_0p5_0p02_0045_0009" 5818
"/Engine/EngineMaterials/Substrate/GLints/dict_16_192_64_0p5_0p02_0045_0008" 5819
"/Engine/EngineMaterials/Substrate/GLints/dict_16_192_64_0p5_0p02_0045_0007" 5820
"../../../Engine/Content/EngineMaterials/Substrate/GLints/dict_16_192_64_0p5_0p02_0047_0007.uasset" 5821
"../../../Engine/Content/EngineMaterials/Substrate/GLints/dict_16_192_64_0p5_0p02_0047_0008.uasset" 5822
"../../../Engine/Content/EngineMaterials/Substrate/GLints/dict_16_192_64_0p5_0p02_0047_0009.uasset" 5823
"../../../Engine/Content/EngineMaterials/Substrate/GLints/dict_16_192_64_0p5_0p02_0047_0010.uasset" 5824
"/Engine/EngineMaterials/Substrate/GLints/dict_16_192_64_0p5_0p02_0047_0006" 5825
"../../../Engine/Content/EngineMaterials/Substrate/GLints/dict_16_192_64_0p5_0p02_0047_0011.uasset" 5826
"../../../Engine/Content/EngineMaterials/Substrate/GLints/dict_16_192_64_0p5_0p02_0047_0012.uasset" 5827
"/Engine/EngineMaterials/Substrate/GLints/dict_16_192_64_0p5_0p02_0047_0005" 5828
"/Engine/EngineMaterials/Substrate/GLints/dict_16_192_64_0p5_0p02_0047_0004" 5829
"/Engine/EngineMaterials/Substrate/GLints/dict_16_192_64_0p5_0p02_0047_0003" 5830
"/Engine/EngineMaterials/Substrate/GLints/dict_16_192_64_0p5_0p02_0047_0002" 5831
"/Engine/EngineMaterials/Substrate/GLints/dict_16_192_64_0p5_0p02_0047_0001" 5832
"/Engine/EngineMaterials/Substrate/GLints/dict_16_192_64_0p5_0p02_0047_0000" 5833
"/Engine/EngineMaterials/Substrate/GLints/dict_16_192_64_0p5_0p02_0046_0015" 5834
"/Engine/EngineMaterials/Substrate/GLints/dict_16_192_64_0p5_0p02_0046_0014" 5835
"/Engine/EngineMaterials/Substrate/GLints/dict_16_192_64_0p5_0p02_0046_0013" 5836
"/Engine/EngineMaterials/Substrate/GLints/dict_16_192_64_0p5_0p02_0046_0012" 5837
"/Engine/EngineMaterials/Substrate/GLints/dict_16_192_64_0p5_0p02_0046_0011" 5838
"/Engine/EngineMaterials/Substrate/GLints/dict_16_192_64_0p5_0p02_0046_0010" 5839
"/Engine/EngineMaterials/Substrate/GLints/dict_16_192_64_0p5_0p02_0046_0009" 5840
"/Engine/EngineMaterials/Substrate/GLints/dict_16_192_64_0p5_0p02_0046_0008" 5841
"/Engine/EngineMaterials/Substrate/GLints/dict_16_192_64_0p5_0p02_0046_0007" 5842
"/Engine/EngineMaterials/Substrate/GLints/dict_16_192_64_0p5_0p02_0046_0006" 5843
"/Engine/EngineMaterials/Substrate/GLints/dict_16_192_64_0p5_0p02_0046_0005" 5844
"/Engine/EngineMaterials/Substrate/GLints/dict_16_192_64_0p5_0p02_0046_0004" 5845
"/Engine/EngineMaterials/Substrate/GLints/dict_16_192_64_0p5_0p02_0046_0003" 5846
"/Engine/EngineMaterials/Substrate/GLints/dict_16_192_64_0p5_0p02_0046_0002" 5847
"/Engine/EngineMaterials/Substrate/GLints/dict_16_192_64_0p5_0p02_0046_0001" 5848
"/Engine/EngineMaterials/Substrate/GLints/dict_16_192_64_0p5_0p02_0046_0000" 5849
"/Engine/EngineMaterials/Substrate/GLints/dict_16_192_64_0p5_0p02_0045_0015" 5850
"/Engine/EngineMaterials/Substrate/GLints/dict_16_192_64_0p5_0p02_0045_0014" 5851
"/Engine/EngineMaterials/Substrate/GLints/dict_16_192_64_0p5_0p02_0045_0013" 5852
"../../../Engine/Content/EngineMaterials/Substrate/GLints/dict_16_192_64_0p5_0p02_0047_0014.uasset" 5853
"../../../Engine/Content/EngineMaterials/Substrate/GLints/dict_16_192_64_0p5_0p02_0047_0015.uasset" 5854
"../../../Engine/Content/EngineMaterials/Substrate/GLints/dict_16_192_64_0p5_0p02_0047_0013.uasset" 5855
"../../../Engine/Content/EngineMaterials/Substrate/GLints/dict_16_192_64_0p5_0p02_0048_0002.uasset" 5856
"../../../Engine/Content/EngineMaterials/Substrate/GLints/dict_16_192_64_0p5_0p02_0048_0004.uasset" 5857
"../../../Engine/Content/EngineMaterials/Substrate/GLints/dict_16_192_64_0p5_0p02_0048_0005.uasset" 5858
"../../../Engine/Content/EngineMaterials/Substrate/GLints/dict_16_192_64_0p5_0p02_0048_0010.uasset" 5859
"../../../Engine/Content/EngineMaterials/Substrate/GLints/dict_16_192_64_0p5_0p02_0048_0006.uasset" 5860
"../../../Engine/Content/EngineMaterials/Substrate/GLints/dict_16_192_64_0p5_0p02_0048_0007.uasset" 5861
"../../../Engine/Content/EngineMaterials/Substrate/GLints/dict_16_192_64_0p5_0p02_0048_0013.uasset" 5862
"../../../Engine/Content/EngineMaterials/Substrate/GLints/dict_16_192_64_0p5_0p02_0048_0012.uasset" 5863
"../../../Engine/Content/EngineMaterials/Substrate/GLints/dict_16_192_64_0p5_0p02_0048_0009.uasset" 5864
"../../../Engine/Content/EngineMaterials/Substrate/GLints/dict_16_192_64_0p5_0p02_0049_0001.uasset" 5865
"../../../Engine/Content/EngineMaterials/Substrate/GLints/dict_16_192_64_0p5_0p02_0048_0014.uasset" 5866
"../../../Engine/Content/EngineMaterials/Substrate/GLints/dict_16_192_64_0p5_0p02_0048_0015.uasset" 5867
"../../../Engine/Content/EngineMaterials/Substrate/GLints/dict_16_192_64_0p5_0p02_0049_0000.uasset" 5868
"../../../Engine/Content/EngineMaterials/Substrate/GLints/dict_16_192_64_0p5_0p02_0048_0000.uasset" 5869
"../../../Engine/Content/EngineMaterials/Substrate/GLints/dict_16_192_64_0p5_0p02_0049_0004.uasset" 5870
"../../../Engine/Content/EngineMaterials/Substrate/GLints/dict_16_192_64_0p5_0p02_0048_0003.uasset" 5871
"../../../Engine/Content/EngineMaterials/Substrate/GLints/dict_16_192_64_0p5_0p02_0048_0008.uasset" 5872
"../../../Engine/Content/EngineMaterials/Substrate/GLints/dict_16_192_64_0p5_0p02_0048_0001.uasset" 5873
"../../../Engine/Content/EngineMaterials/Substrate/GLints/dict_16_192_64_0p5_0p02_0049_0003.uasset" 5874
"../../../Engine/Content/EngineMaterials/Substrate/GLints/dict_16_192_64_0p5_0p02_0048_0011.uasset" 5875
"../../../Engine/Content/EngineMaterials/Substrate/GLints/dict_16_192_64_0p5_0p02_0049_0006.uasset" 5876
"/Engine/EngineMaterials/Substrate/GLints/dict_16_192_64_0p5_0p02_0047_0012" 5877
"../../../Engine/Content/EngineMaterials/Substrate/GLints/dict_16_192_64_0p5_0p02_0049_0005.uasset" 5878
"../../../Engine/Content/EngineMaterials/Substrate/GLints/dict_16_192_64_0p5_0p02_0049_0002.uasset" 5879
"/Engine/EngineMaterials/Substrate/GLints/dict_16_192_64_0p5_0p02_0047_0011" 5880
"/Engine/EngineMaterials/Substrate/GLints/dict_16_192_64_0p5_0p02_0047_0010" 5881
"/Engine/EngineMaterials/Substrate/GLints/dict_16_192_64_0p5_0p02_0047_0009" 5882
"/Engine/EngineMaterials/Substrate/GLints/dict_16_192_64_0p5_0p02_0047_0008" 5883
"/Engine/EngineMaterials/Substrate/GLints/dict_16_192_64_0p5_0p02_0047_0007" 5884
"../../../Engine/Content/EngineMaterials/Substrate/GLints/dict_16_192_64_0p5_0p02_0049_0008.uasset" 5885
"../../../Engine/Content/EngineMaterials/Substrate/GLints/dict_16_192_64_0p5_0p02_0049_0007.uasset" 5886
"../../../Engine/Content/EngineMaterials/Substrate/GLints/dict_16_192_64_0p5_0p02_0049_0009.uasset" 5887
"../../../Engine/Content/EngineMaterials/Substrate/GLints/dict_16_192_64_0p5_0p02_0049_0010.uasset" 5888
"../../../Engine/Content/EngineMaterials/Substrate/GLints/dict_16_192_64_0p5_0p02_0049_0011.uasset" 5889
"/Engine/EngineMaterials/Substrate/GLints/dict_16_192_64_0p5_0p02_0049_0006" 5890
"../../../Engine/Content/EngineMaterials/Substrate/GLints/dict_16_192_64_0p5_0p02_0049_0012.uasset" 5891
"/Engine/EngineMaterials/Substrate/GLints/dict_16_192_64_0p5_0p02_0049_0005" 5892
"/Engine/EngineMaterials/Substrate/GLints/dict_16_192_64_0p5_0p02_0049_0004" 5893
"/Engine/EngineMaterials/Substrate/GLints/dict_16_192_64_0p5_0p02_0049_0003" 5894
"/Engine/EngineMaterials/Substrate/GLints/dict_16_192_64_0p5_0p02_0049_0002" 5895
"/Engine/EngineMaterials/Substrate/GLints/dict_16_192_64_0p5_0p02_0049_0001" 5896
"/Engine/EngineMaterials/Substrate/GLints/dict_16_192_64_0p5_0p02_0049_0000" 5897
"/Engine/EngineMaterials/Substrate/GLints/dict_16_192_64_0p5_0p02_0048_0015" 5898
"/Engine/EngineMaterials/Substrate/GLints/dict_16_192_64_0p5_0p02_0048_0014" 5899
"/Engine/EngineMaterials/Substrate/GLints/dict_16_192_64_0p5_0p02_0048_0013" 5900
"/Engine/EngineMaterials/Substrate/GLints/dict_16_192_64_0p5_0p02_0048_0012" 5901
"/Engine/EngineMaterials/Substrate/GLints/dict_16_192_64_0p5_0p02_0048_0011" 5902
"/Engine/EngineMaterials/Substrate/GLints/dict_16_192_64_0p5_0p02_0048_0010" 5903
"/Engine/EngineMaterials/Substrate/GLints/dict_16_192_64_0p5_0p02_0048_0009" 5904
"/Engine/EngineMaterials/Substrate/GLints/dict_16_192_64_0p5_0p02_0048_0008" 5905
"/Engine/EngineMaterials/Substrate/GLints/dict_16_192_64_0p5_0p02_0048_0007" 5906
"/Engine/EngineMaterials/Substrate/GLints/dict_16_192_64_0p5_0p02_0048_0006" 5907
"/Engine/EngineMaterials/Substrate/GLints/dict_16_192_64_0p5_0p02_0048_0005" 5908
"/Engine/EngineMaterials/Substrate/GLints/dict_16_192_64_0p5_0p02_0048_0004" 5909
"/Engine/EngineMaterials/Substrate/GLints/dict_16_192_64_0p5_0p02_0048_0003" 5910
"/Engine/EngineMaterials/Substrate/GLints/dict_16_192_64_0p5_0p02_0048_0002" 5911
"/Engine/EngineMaterials/Substrate/GLints/dict_16_192_64_0p5_0p02_0048_0001" 5912
"/Engine/EngineMaterials/Substrate/GLints/dict_16_192_64_0p5_0p02_0048_0000" 5913
"/Engine/EngineMaterials/Substrate/GLints/dict_16_192_64_0p5_0p02_0047_0015" 5914
"/Engine/EngineMaterials/Substrate/GLints/dict_16_192_64_0p5_0p02_0047_0014" 5915
"/Engine/EngineMaterials/Substrate/GLints/dict_16_192_64_0p5_0p02_0047_0013" 5916
"/Engine/EngineMaterials/Substrate/GLints/dict_16_192_64_0p5_0p02_0049_0008" 5917
"/Engine/EngineMaterials/Substrate/GLints/dict_16_192_64_0p5_0p02_0049_0007" 5918
"/Engine/EngineMaterials/Substrate/GLints/dict_16_192_64_0p5_0p02_0049_0012" 5919
"../../../Engine/Content/EngineMaterials/Substrate/GLints/dict_16_192_64_0p5_0p02_0049_0013.uasset" 5920
"../../../Engine/Content/EngineMaterials/Substrate/GLints/dict_16_192_64_0p5_0p02_0050_0001.uasset" 5921
"../../../Engine/Content/EngineMaterials/Substrate/GLints/dict_16_192_64_0p5_0p02_0049_0014.uasset" 5922
"../../../Engine/Content/EngineMaterials/Substrate/GLints/dict_16_192_64_0p5_0p02_0050_0000.uasset" 5923
"../../../Engine/Content/EngineMaterials/Substrate/GLints/dict_16_192_64_0p5_0p02_0050_0004.uasset" 5924
"../../../Engine/Content/EngineMaterials/Substrate/GLints/dict_16_192_64_0p5_0p02_0050_0003.uasset" 5925
"../../../Engine/Content/EngineMaterials/Substrate/GLints/dict_16_192_64_0p5_0p02_0050_0007.uasset" 5926
"../../../Engine/Content/EngineMaterials/Substrate/GLints/dict_16_192_64_0p5_0p02_0050_0008.uasset" 5927
"../../../Engine/Content/EngineMaterials/Substrate/GLints/dict_16_192_64_0p5_0p02_0050_0013.uasset" 5928
"../../../Engine/Content/EngineMaterials/Substrate/GLints/dict_16_192_64_0p5_0p02_0050_0010.uasset" 5929
"../../../Engine/Content/EngineMaterials/Substrate/GLints/dict_16_192_64_0p5_0p02_0051_0001.uasset" 5930
"/Engine/EngineMaterials/Substrate/GLints/dict_16_192_64_0p5_0p02_0049_0011" 5931
"../../../Engine/Content/EngineMaterials/Substrate/GLints/dict_16_192_64_0p5_0p02_0051_0003.uasset" 5932
"../../../Engine/Content/EngineMaterials/Substrate/GLints/dict_16_192_64_0p5_0p02_0050_0009.uasset" 5933
"../../../Engine/Content/EngineMaterials/Substrate/GLints/dict_16_192_64_0p5_0p02_0050_0002.uasset" 5934
"../../../Engine/Content/EngineMaterials/Substrate/GLints/dict_16_192_64_0p5_0p02_0051_0006.uasset" 5935
"../../../Engine/Content/EngineMaterials/Substrate/GLints/dict_16_192_64_0p5_0p02_0051_0005.uasset" 5936
"../../../Engine/Content/EngineMaterials/Substrate/GLints/dict_16_192_64_0p5_0p02_0051_0002.uasset" 5937
"../../../Engine/Content/EngineMaterials/Substrate/GLints/dict_16_192_64_0p5_0p02_0050_0005.uasset" 5938
"../../../Engine/Content/EngineMaterials/Substrate/GLints/dict_16_192_64_0p5_0p02_0050_0014.uasset" 5939
"../../../Engine/Content/EngineMaterials/Substrate/GLints/dict_16_192_64_0p5_0p02_0050_0006.uasset" 5940
"../../../Engine/Content/EngineMaterials/Substrate/GLints/dict_16_192_64_0p5_0p02_0051_0000.uasset" 5941
"../../../Engine/Content/EngineMaterials/Substrate/GLints/dict_16_192_64_0p5_0p02_0051_0008.uasset" 5942
"../../../Engine/Content/EngineMaterials/Substrate/GLints/dict_16_192_64_0p5_0p02_0049_0015.uasset" 5943
"../../../Engine/Content/EngineMaterials/Substrate/GLints/dict_16_192_64_0p5_0p02_0051_0004.uasset" 5944
"../../../Engine/Content/EngineMaterials/Substrate/GLints/dict_16_192_64_0p5_0p02_0050_0015.uasset" 5945
"../../../Engine/Content/EngineMaterials/Substrate/GLints/dict_16_192_64_0p5_0p02_0051_0007.uasset" 5946
"../../../Engine/Content/EngineMaterials/Substrate/GLints/dict_16_192_64_0p5_0p02_0050_0011.uasset" 5947
"../../../Engine/Content/EngineMaterials/Substrate/GLints/dict_16_192_64_0p5_0p02_0050_0012.uasset" 5948
"/Engine/EngineMaterials/Substrate/GLints/dict_16_192_64_0p5_0p02_0049_0010" 5949
"/Engine/EngineMaterials/Substrate/GLints/dict_16_192_64_0p5_0p02_0049_0009" 5950
"../../../Engine/Content/EngineMaterials/Substrate/GLints/dict_16_192_64_0p5_0p02_0051_0009.uasset" 5951
"../../../Engine/Content/EngineMaterials/Substrate/GLints/dict_16_192_64_0p5_0p02_0051_0010.uasset" 5952
"../../../Engine/Content/EngineMaterials/Substrate/GLints/dict_16_192_64_0p5_0p02_0051_0011.uasset" 5953
"../../../Engine/Content/EngineMaterials/Substrate/GLints/dict_16_192_64_0p5_0p02_0051_0012.uasset" 5954
"/Engine/EngineMaterials/Substrate/GLints/dict_16_192_64_0p5_0p02_0051_0008" 5955
"/Engine/EngineMaterials/Substrate/GLints/dict_16_192_64_0p5_0p02_0051_0007" 5956
"/Engine/EngineMaterials/Substrate/GLints/dict_16_192_64_0p5_0p02_0051_0006" 5957
"/Engine/EngineMaterials/Substrate/GLints/dict_16_192_64_0p5_0p02_0051_0005" 5958
"/Engine/EngineMaterials/Substrate/GLints/dict_16_192_64_0p5_0p02_0051_0004" 5959
"/Engine/EngineMaterials/Substrate/GLints/dict_16_192_64_0p5_0p02_0051_0003" 5960
"/Engine/EngineMaterials/Substrate/GLints/dict_16_192_64_0p5_0p02_0051_0002" 5961
"/Engine/EngineMaterials/Substrate/GLints/dict_16_192_64_0p5_0p02_0051_0001" 5962
"/Engine/EngineMaterials/Substrate/GLints/dict_16_192_64_0p5_0p02_0051_0000" 5963
"/Engine/EngineMaterials/Substrate/GLints/dict_16_192_64_0p5_0p02_0050_0015" 5964
"/Engine/EngineMaterials/Substrate/GLints/dict_16_192_64_0p5_0p02_0050_0014" 5965
"/Engine/EngineMaterials/Substrate/GLints/dict_16_192_64_0p5_0p02_0050_0013" 5966
"/Engine/EngineMaterials/Substrate/GLints/dict_16_192_64_0p5_0p02_0050_0012" 5967
"/Engine/EngineMaterials/Substrate/GLints/dict_16_192_64_0p5_0p02_0050_0011" 5968
"/Engine/EngineMaterials/Substrate/GLints/dict_16_192_64_0p5_0p02_0050_0010" 5969
"/Engine/EngineMaterials/Substrate/GLints/dict_16_192_64_0p5_0p02_0050_0009" 5970
"/Engine/EngineMaterials/Substrate/GLints/dict_16_192_64_0p5_0p02_0050_0008" 5971
"/Engine/EngineMaterials/Substrate/GLints/dict_16_192_64_0p5_0p02_0050_0007" 5972
"/Engine/EngineMaterials/Substrate/GLints/dict_16_192_64_0p5_0p02_0050_0006" 5973
"/Engine/EngineMaterials/Substrate/GLints/dict_16_192_64_0p5_0p02_0050_0005" 5974
"/Engine/EngineMaterials/Substrate/GLints/dict_16_192_64_0p5_0p02_0050_0004" 5975
"/Engine/EngineMaterials/Substrate/GLints/dict_16_192_64_0p5_0p02_0050_0003" 5976
"/Engine/EngineMaterials/Substrate/GLints/dict_16_192_64_0p5_0p02_0050_0002" 5977
"/Engine/EngineMaterials/Substrate/GLints/dict_16_192_64_0p5_0p02_0050_0001" 5978
"/Engine/EngineMaterials/Substrate/GLints/dict_16_192_64_0p5_0p02_0050_0000" 5979
"/Engine/EngineMaterials/Substrate/GLints/dict_16_192_64_0p5_0p02_0051_0009" 5980
"/Engine/EngineMaterials/Substrate/GLints/dict_16_192_64_0p5_0p02_0049_0015" 5981
"/Engine/EngineMaterials/Substrate/GLints/dict_16_192_64_0p5_0p02_0049_0014" 5982
"/Engine/EngineMaterials/Substrate/GLints/dict_16_192_64_0p5_0p02_0049_0013" 5983
"../../../Engine/Content/EngineMaterials/Substrate/GLints/dict_16_192_64_0p5_0p02_0052_0003.uasset" 5984
"../../../Engine/Content/EngineMaterials/Substrate/GLints/dict_16_192_64_0p5_0p02_0052_0005.uasset" 5985
"/Engine/EngineMaterials/Substrate/GLints/dict_16_192_64_0p5_0p02_0051_0012" 5986
"../../../Engine/Content/EngineMaterials/Substrate/GLints/dict_16_192_64_0p5_0p02_0052_0007.uasset" 5987
"../../../Engine/Content/EngineMaterials/Substrate/GLints/dict_16_192_64_0p5_0p02_0052_0004.uasset" 5988
"../../../Engine/Content/EngineMaterials/Substrate/GLints/dict_16_192_64_0p5_0p02_0051_0014.uasset" 5989
"../../../Engine/Content/EngineMaterials/Substrate/GLints/dict_16_192_64_0p5_0p02_0052_0009.uasset" 5990
"../../../Engine/Content/EngineMaterials/Substrate/GLints/dict_16_192_64_0p5_0p02_0052_0008.uasset" 5991
"../../../Engine/Content/EngineMaterials/Substrate/GLints/dict_16_192_64_0p5_0p02_0052_0000.uasset" 5992
"../../../Engine/Content/EngineMaterials/Substrate/GLints/dict_16_192_64_0p5_0p02_0052_0006.uasset" 5993
"../../../Engine/Content/EngineMaterials/Substrate/GLints/dict_16_192_64_0p5_0p02_0052_0013.uasset" 5994
"../../../Engine/Content/EngineMaterials/Substrate/GLints/dict_16_192_64_0p5_0p02_0052_0014.uasset" 5995
"../../../Engine/Content/EngineMaterials/Substrate/GLints/dict_16_192_64_0p5_0p02_0053_0000.uasset" 5996
"../../../Engine/Content/EngineMaterials/Substrate/GLints/dict_16_192_64_0p5_0p02_0053_0004.uasset" 5997
"../../../Engine/Content/EngineMaterials/Substrate/GLints/dict_16_192_64_0p5_0p02_0052_0015.uasset" 5998
"../../../Engine/Content/EngineMaterials/Substrate/GLints/dict_16_192_64_0p5_0p02_0053_0001.uasset" 5999
"../../../Engine/Content/EngineMaterials/Substrate/GLints/dict_16_192_64_0p5_0p02_0053_0006.uasset" 6000
"../../../Engine/Content/EngineMaterials/Substrate/GLints/dict_16_192_64_0p5_0p02_0051_0015.uasset" 6001
"../../../Engine/Content/EngineMaterials/Substrate/GLints/dict_16_192_64_0p5_0p02_0053_0007.uasset" 6002
"/Engine/EngineMaterials/Substrate/GLints/dict_16_192_64_0p5_0p02_0051_0011" 6003
"../../../Engine/Content/EngineMaterials/Substrate/GLints/dict_16_192_64_0p5_0p02_0053_0002.uasset" 6004
"../../../Engine/Content/EngineMaterials/Substrate/GLints/dict_16_192_64_0p5_0p02_0052_0010.uasset" 6005
"../../../Engine/Content/EngineMaterials/Substrate/GLints/dict_16_192_64_0p5_0p02_0053_0009.uasset" 6006
"../../../Engine/Content/EngineMaterials/Substrate/GLints/dict_16_192_64_0p5_0p02_0052_0001.uasset" 6007
"../../../Engine/Content/EngineMaterials/Substrate/GLints/dict_16_192_64_0p5_0p02_0052_0002.uasset" 6008
"../../../Engine/Content/EngineMaterials/Substrate/GLints/dict_16_192_64_0p5_0p02_0052_0012.uasset" 6009
"../../../Engine/Content/EngineMaterials/Substrate/GLints/dict_16_192_64_0p5_0p02_0053_0008.uasset" 6010
"../../../Engine/Content/EngineMaterials/Substrate/GLints/dict_16_192_64_0p5_0p02_0052_0011.uasset" 6011
"../../../Engine/Content/EngineMaterials/Substrate/GLints/dict_16_192_64_0p5_0p02_0053_0003.uasset" 6012
"../../../Engine/Content/EngineMaterials/Substrate/GLints/dict_16_192_64_0p5_0p02_0053_0005.uasset" 6013
"/Engine/EngineMaterials/Substrate/GLints/dict_16_192_64_0p5_0p02_0051_0010" 6014
"../../../Engine/Content/EngineMaterials/Substrate/GLints/dict_16_192_64_0p5_0p02_0051_0013.uasset" 6015
"../../../Engine/Content/EngineMaterials/Substrate/GLints/dict_16_192_64_0p5_0p02_0053_0012.uasset" 6016
"../../../Engine/Content/EngineMaterials/Substrate/GLints/dict_16_192_64_0p5_0p02_0053_0011.uasset" 6017
"../../../Engine/Content/EngineMaterials/Substrate/GLints/dict_16_192_64_0p5_0p02_0053_0010.uasset" 6018
"/Engine/EngineMaterials/Substrate/GLints/dict_16_192_64_0p5_0p02_0053_0009" 6019
"/Engine/EngineMaterials/Substrate/GLints/dict_16_192_64_0p5_0p02_0053_0008" 6020
"/Engine/EngineMaterials/Substrate/GLints/dict_16_192_64_0p5_0p02_0053_0007" 6021
"/Engine/EngineMaterials/Substrate/GLints/dict_16_192_64_0p5_0p02_0053_0006" 6022
"/Engine/EngineMaterials/Substrate/GLints/dict_16_192_64_0p5_0p02_0053_0005" 6023
"/Engine/EngineMaterials/Substrate/GLints/dict_16_192_64_0p5_0p02_0053_0004" 6024
"/Engine/EngineMaterials/Substrate/GLints/dict_16_192_64_0p5_0p02_0053_0003" 6025
"/Engine/EngineMaterials/Substrate/GLints/dict_16_192_64_0p5_0p02_0053_0002" 6026
"/Engine/EngineMaterials/Substrate/GLints/dict_16_192_64_0p5_0p02_0053_0001" 6027
"/Engine/EngineMaterials/Substrate/GLints/dict_16_192_64_0p5_0p02_0053_0000" 6028
"/Engine/EngineMaterials/Substrate/GLints/dict_16_192_64_0p5_0p02_0052_0015" 6029
"/Engine/EngineMaterials/Substrate/GLints/dict_16_192_64_0p5_0p02_0052_0014" 6030
"/Engine/EngineMaterials/Substrate/GLints/dict_16_192_64_0p5_0p02_0052_0013" 6031
"/Engine/EngineMaterials/Substrate/GLints/dict_16_192_64_0p5_0p02_0052_0012" 6032
"/Engine/EngineMaterials/Substrate/GLints/dict_16_192_64_0p5_0p02_0052_0011" 6033
"/Engine/EngineMaterials/Substrate/GLints/dict_16_192_64_0p5_0p02_0052_0010" 6034
"/Engine/EngineMaterials/Substrate/GLints/dict_16_192_64_0p5_0p02_0052_0009" 6035
"/Engine/EngineMaterials/Substrate/GLints/dict_16_192_64_0p5_0p02_0052_0008" 6036
"/Engine/EngineMaterials/Substrate/GLints/dict_16_192_64_0p5_0p02_0052_0007" 6037
"/Engine/EngineMaterials/Substrate/GLints/dict_16_192_64_0p5_0p02_0052_0006" 6038
"/Engine/EngineMaterials/Substrate/GLints/dict_16_192_64_0p5_0p02_0052_0005" 6039
"/Engine/EngineMaterials/Substrate/GLints/dict_16_192_64_0p5_0p02_0052_0004" 6040
"/Engine/EngineMaterials/Substrate/GLints/dict_16_192_64_0p5_0p02_0052_0003" 6041
"/Engine/EngineMaterials/Substrate/GLints/dict_16_192_64_0p5_0p02_0052_0002" 6042
"/Engine/EngineMaterials/Substrate/GLints/dict_16_192_64_0p5_0p02_0052_0001" 6043
"/Engine/EngineMaterials/Substrate/GLints/dict_16_192_64_0p5_0p02_0052_0000" 6044
"/Engine/EngineMaterials/Substrate/GLints/dict_16_192_64_0p5_0p02_0051_0015" 6045
"/Engine/EngineMaterials/Substrate/GLints/dict_16_192_64_0p5_0p02_0051_0014" 6046
"/Engine/EngineMaterials/Substrate/GLints/dict_16_192_64_0p5_0p02_0051_0013" 6047
"../../../Engine/Content/EngineMaterials/Substrate/GLints/dict_16_192_64_0p5_0p02_0053_0013.uasset" 6048
"../../../Engine/Content/EngineMaterials/Substrate/GLints/dict_16_192_64_0p5_0p02_0053_0014.uasset" 6049
"../../../Engine/Content/EngineMaterials/Substrate/GLints/dict_16_192_64_0p5_0p02_0054_0001.uasset" 6050
"../../../Engine/Content/EngineMaterials/Substrate/GLints/dict_16_192_64_0p5_0p02_0054_0004.uasset" 6051
"../../../Engine/Content/EngineMaterials/Substrate/GLints/dict_16_192_64_0p5_0p02_0054_0002.uasset" 6052
"../../../Engine/Content/EngineMaterials/Substrate/GLints/dict_16_192_64_0p5_0p02_0053_0015.uasset" 6053
"../../../Engine/Content/EngineMaterials/Substrate/GLints/dict_16_192_64_0p5_0p02_0054_0006.uasset" 6054
"../../../Engine/Content/EngineMaterials/Substrate/GLints/dict_16_192_64_0p5_0p02_0054_0008.uasset" 6055
"../../../Engine/Content/EngineMaterials/Substrate/GLints/dict_16_192_64_0p5_0p02_0054_0010.uasset" 6056
"/Engine/EngineMaterials/Substrate/GLints/dict_16_192_64_0p5_0p02_0053_0012" 6057
"../../../Engine/Content/EngineMaterials/Substrate/GLints/dict_16_192_64_0p5_0p02_0054_0011.uasset" 6058
"../../../Engine/Content/EngineMaterials/Substrate/GLints/dict_16_192_64_0p5_0p02_0054_0000.uasset" 6059
"../../../Engine/Content/EngineMaterials/Substrate/GLints/dict_16_192_64_0p5_0p02_0054_0012.uasset" 6060
"../../../Engine/Content/EngineMaterials/Substrate/GLints/dict_16_192_64_0p5_0p02_0054_0014.uasset" 6061
"../../../Engine/Content/EngineMaterials/Substrate/GLints/dict_16_192_64_0p5_0p02_0054_0013.uasset" 6062
"../../../Engine/Content/EngineMaterials/Substrate/GLints/dict_16_192_64_0p5_0p02_0054_0009.uasset" 6063
"../../../Engine/Content/EngineMaterials/Substrate/GLints/dict_16_192_64_0p5_0p02_0055_0003.uasset" 6064
"../../../Engine/Content/EngineMaterials/Substrate/GLints/dict_16_192_64_0p5_0p02_0055_0002.uasset" 6065
"../../../Engine/Content/EngineMaterials/Substrate/GLints/dict_16_192_64_0p5_0p02_0055_0000.uasset" 6066
"../../../Engine/Content/EngineMaterials/Substrate/GLints/dict_16_192_64_0p5_0p02_0055_0008.uasset" 6067
"../../../Engine/Content/EngineMaterials/Substrate/GLints/dict_16_192_64_0p5_0p02_0054_0007.uasset" 6068
"../../../Engine/Content/EngineMaterials/Substrate/GLints/dict_16_192_64_0p5_0p02_0055_0009.uasset" 6069
"../../../Engine/Content/EngineMaterials/Substrate/GLints/dict_16_192_64_0p5_0p02_0055_0005.uasset" 6070
"../../../Engine/Content/EngineMaterials/Substrate/GLints/dict_16_192_64_0p5_0p02_0054_0003.uasset" 6071
"../../../Engine/Content/EngineMaterials/Substrate/GLints/dict_16_192_64_0p5_0p02_0055_0007.uasset" 6072
"../../../Engine/Content/EngineMaterials/Substrate/GLints/dict_16_192_64_0p5_0p02_0054_0005.uasset" 6073
"../../../Engine/Content/EngineMaterials/Substrate/GLints/dict_16_192_64_0p5_0p02_0054_0015.uasset" 6074
"../../../Engine/Content/EngineMaterials/Substrate/GLints/dict_16_192_64_0p5_0p02_0055_0001.uasset" 6075
"../../../Engine/Content/EngineMaterials/Substrate/GLints/dict_16_192_64_0p5_0p02_0055_0006.uasset" 6076
"../../../Engine/Content/EngineMaterials/Substrate/GLints/dict_16_192_64_0p5_0p02_0055_0004.uasset" 6077
"/Engine/EngineMaterials/Substrate/GLints/dict_16_192_64_0p5_0p02_0053_0011" 6078
"/Engine/EngineMaterials/Substrate/GLints/dict_16_192_64_0p5_0p02_0053_0010" 6079
"../../../Engine/Content/EngineMaterials/Substrate/GLints/dict_16_192_64_0p5_0p02_0055_0010.uasset" 6080
"/Engine/EngineMaterials/Substrate/GLints/dict_16_192_64_0p5_0p02_0055_0009" 6081
"../../../Engine/Content/EngineMaterials/Substrate/GLints/dict_16_192_64_0p5_0p02_0055_0011.uasset" 6082
"../../../Engine/Content/EngineMaterials/Substrate/GLints/dict_16_192_64_0p5_0p02_0055_0012.uasset" 6083
"/Engine/EngineMaterials/Substrate/GLints/dict_16_192_64_0p5_0p02_0055_0008" 6084
"/Engine/EngineMaterials/Substrate/GLints/dict_16_192_64_0p5_0p02_0055_0007" 6085
"/Engine/EngineMaterials/Substrate/GLints/dict_16_192_64_0p5_0p02_0055_0006" 6086
"/Engine/EngineMaterials/Substrate/GLints/dict_16_192_64_0p5_0p02_0055_0005" 6087
"/Engine/EngineMaterials/Substrate/GLints/dict_16_192_64_0p5_0p02_0055_0004" 6088
"/Engine/EngineMaterials/Substrate/GLints/dict_16_192_64_0p5_0p02_0055_0003" 6089
"/Engine/EngineMaterials/Substrate/GLints/dict_16_192_64_0p5_0p02_0055_0002" 6090
"/Engine/EngineMaterials/Substrate/GLints/dict_16_192_64_0p5_0p02_0055_0001" 6091
"/Engine/EngineMaterials/Substrate/GLints/dict_16_192_64_0p5_0p02_0055_0000" 6092
"/Engine/EngineMaterials/Substrate/GLints/dict_16_192_64_0p5_0p02_0054_0015" 6093
"/Engine/EngineMaterials/Substrate/GLints/dict_16_192_64_0p5_0p02_0054_0014" 6094
"/Engine/EngineMaterials/Substrate/GLints/dict_16_192_64_0p5_0p02_0054_0013" 6095
"/Engine/EngineMaterials/Substrate/GLints/dict_16_192_64_0p5_0p02_0054_0012" 6096
"/Engine/EngineMaterials/Substrate/GLints/dict_16_192_64_0p5_0p02_0054_0011" 6097
"/Engine/EngineMaterials/Substrate/GLints/dict_16_192_64_0p5_0p02_0054_0010" 6098
"/Engine/EngineMaterials/Substrate/GLints/dict_16_192_64_0p5_0p02_0054_0009" 6099
"/Engine/EngineMaterials/Substrate/GLints/dict_16_192_64_0p5_0p02_0054_0008" 6100
"/Engine/EngineMaterials/Substrate/GLints/dict_16_192_64_0p5_0p02_0054_0007" 6101
"/Engine/EngineMaterials/Substrate/GLints/dict_16_192_64_0p5_0p02_0054_0006" 6102
"/Engine/EngineMaterials/Substrate/GLints/dict_16_192_64_0p5_0p02_0054_0005" 6103
"/Engine/EngineMaterials/Substrate/GLints/dict_16_192_64_0p5_0p02_0054_0004" 6104
"/Engine/EngineMaterials/Substrate/GLints/dict_16_192_64_0p5_0p02_0054_0003" 6105
"/Engine/EngineMaterials/Substrate/GLints/dict_16_192_64_0p5_0p02_0054_0002" 6106
"/Engine/EngineMaterials/Substrate/GLints/dict_16_192_64_0p5_0p02_0054_0001" 6107
"/Engine/EngineMaterials/Substrate/GLints/dict_16_192_64_0p5_0p02_0054_0000" 6108
"/Engine/EngineMaterials/Substrate/GLints/dict_16_192_64_0p5_0p02_0053_0015" 6109
"/Engine/EngineMaterials/Substrate/GLints/dict_16_192_64_0p5_0p02_0053_0014" 6110
"/Engine/EngineMaterials/Substrate/GLints/dict_16_192_64_0p5_0p02_0053_0013" 6111
"../../../Engine/Content/EngineMaterials/Substrate/GLints/dict_16_192_64_0p5_0p02_0055_0014.uasset" 6112
"../../../Engine/Content/EngineMaterials/Substrate/GLints/dict_16_192_64_0p5_0p02_0056_0001.uasset" 6113
"../../../Engine/Content/EngineMaterials/Substrate/GLints/dict_16_192_64_0p5_0p02_0055_0013.uasset" 6114
"../../../Engine/Content/EngineMaterials/Substrate/GLints/dict_16_192_64_0p5_0p02_0056_0000.uasset" 6115
"../../../Engine/Content/EngineMaterials/Substrate/GLints/dict_16_192_64_0p5_0p02_0056_0008.uasset" 6116
"../../../Engine/Content/EngineMaterials/Substrate/GLints/dict_16_192_64_0p5_0p02_0056_0009.uasset" 6117
"../../../Engine/Content/EngineMaterials/Substrate/GLints/dict_16_192_64_0p5_0p02_0056_0004.uasset" 6118
"../../../Engine/Content/EngineMaterials/Substrate/GLints/dict_16_192_64_0p5_0p02_0056_0014.uasset" 6119
"../../../Engine/Content/EngineMaterials/Substrate/GLints/dict_16_192_64_0p5_0p02_0056_0015.uasset" 6120
"../../../Engine/Content/EngineMaterials/Substrate/GLints/dict_16_192_64_0p5_0p02_0057_0000.uasset" 6121
"../../../Engine/Content/EngineMaterials/Substrate/GLints/dict_16_192_64_0p5_0p02_0056_0006.uasset" 6122
"../../../Engine/Content/EngineMaterials/Substrate/GLints/dict_16_192_64_0p5_0p02_0056_0007.uasset" 6123
"/Engine/EngineMaterials/Substrate/GLints/dict_16_192_64_0p5_0p02_0055_0012" 6124
"../../../Engine/Content/EngineMaterials/Substrate/GLints/dict_16_192_64_0p5_0p02_0056_0002.uasset" 6125
"../../../Engine/Content/EngineMaterials/Substrate/GLints/dict_16_192_64_0p5_0p02_0057_0001.uasset" 6126
"../../../Engine/Content/EngineMaterials/Substrate/GLints/dict_16_192_64_0p5_0p02_0057_0002.uasset" 6127
"../../../Engine/Content/EngineMaterials/Substrate/GLints/dict_16_192_64_0p5_0p02_0056_0011.uasset" 6128
"../../../Engine/Content/EngineMaterials/Substrate/GLints/dict_16_192_64_0p5_0p02_0056_0005.uasset" 6129
"../../../Engine/Content/EngineMaterials/Substrate/GLints/dict_16_192_64_0p5_0p02_0057_0005.uasset" 6130
"../../../Engine/Content/EngineMaterials/Substrate/GLints/dict_16_192_64_0p5_0p02_0057_0008.uasset" 6131
"../../../Engine/Content/EngineMaterials/Substrate/GLints/dict_16_192_64_0p5_0p02_0056_0003.uasset" 6132
"../../../Engine/Content/EngineMaterials/Substrate/GLints/dict_16_192_64_0p5_0p02_0056_0013.uasset" 6133
"../../../Engine/Content/EngineMaterials/Substrate/GLints/dict_16_192_64_0p5_0p02_0057_0009.uasset" 6134
"../../../Engine/Content/EngineMaterials/Substrate/GLints/dict_16_192_64_0p5_0p02_0056_0010.uasset" 6135
"../../../Engine/Content/EngineMaterials/Substrate/GLints/dict_16_192_64_0p5_0p02_0056_0012.uasset" 6136
"../../../Engine/Content/EngineMaterials/Substrate/GLints/dict_16_192_64_0p5_0p02_0057_0003.uasset" 6137
"../../../Engine/Content/EngineMaterials/Substrate/GLints/dict_16_192_64_0p5_0p02_0057_0004.uasset" 6138
"../../../Engine/Content/EngineMaterials/Substrate/GLints/dict_16_192_64_0p5_0p02_0057_0007.uasset" 6139
"../../../Engine/Content/EngineMaterials/Substrate/GLints/dict_16_192_64_0p5_0p02_0055_0015.uasset" 6140
"../../../Engine/Content/EngineMaterials/Substrate/GLints/dict_16_192_64_0p5_0p02_0057_0006.uasset" 6141
"/Engine/EngineMaterials/Substrate/GLints/dict_16_192_64_0p5_0p02_0055_0011" 6142
"/Engine/EngineMaterials/Substrate/GLints/dict_16_192_64_0p5_0p02_0055_0010" 6143
"../../../Engine/Content/EngineMaterials/Substrate/GLints/dict_16_192_64_0p5_0p02_0057_0012.uasset" 6144
"../../../Engine/Content/EngineMaterials/Substrate/GLints/dict_16_192_64_0p5_0p02_0057_0010.uasset" 6145
"../../../Engine/Content/EngineMaterials/Substrate/GLints/dict_16_192_64_0p5_0p02_0057_0011.uasset" 6146
"/Engine/EngineMaterials/Substrate/GLints/dict_16_192_64_0p5_0p02_0057_0009" 6147
"/Engine/EngineMaterials/Substrate/GLints/dict_16_192_64_0p5_0p02_0057_0008" 6148
"/Engine/EngineMaterials/Substrate/GLints/dict_16_192_64_0p5_0p02_0057_0007" 6149
"/Engine/EngineMaterials/Substrate/GLints/dict_16_192_64_0p5_0p02_0057_0006" 6150
"/Engine/EngineMaterials/Substrate/GLints/dict_16_192_64_0p5_0p02_0057_0005" 6151
"/Engine/EngineMaterials/Substrate/GLints/dict_16_192_64_0p5_0p02_0057_0004" 6152
"/Engine/EngineMaterials/Substrate/GLints/dict_16_192_64_0p5_0p02_0057_0003" 6153
"/Engine/EngineMaterials/Substrate/GLints/dict_16_192_64_0p5_0p02_0057_0002" 6154
"/Engine/EngineMaterials/Substrate/GLints/dict_16_192_64_0p5_0p02_0057_0001" 6155
"/Engine/EngineMaterials/Substrate/GLints/dict_16_192_64_0p5_0p02_0057_0000" 6156
"/Engine/EngineMaterials/Substrate/GLints/dict_16_192_64_0p5_0p02_0056_0015" 6157
"/Engine/EngineMaterials/Substrate/GLints/dict_16_192_64_0p5_0p02_0056_0014" 6158
"/Engine/EngineMaterials/Substrate/GLints/dict_16_192_64_0p5_0p02_0056_0013" 6159
"/Engine/EngineMaterials/Substrate/GLints/dict_16_192_64_0p5_0p02_0056_0012" 6160
"/Engine/EngineMaterials/Substrate/GLints/dict_16_192_64_0p5_0p02_0056_0011" 6161
"/Engine/EngineMaterials/Substrate/GLints/dict_16_192_64_0p5_0p02_0056_0010" 6162
"/Engine/EngineMaterials/Substrate/GLints/dict_16_192_64_0p5_0p02_0056_0009" 6163
"/Engine/EngineMaterials/Substrate/GLints/dict_16_192_64_0p5_0p02_0056_0008" 6164
"/Engine/EngineMaterials/Substrate/GLints/dict_16_192_64_0p5_0p02_0056_0007" 6165
"/Engine/EngineMaterials/Substrate/GLints/dict_16_192_64_0p5_0p02_0056_0006" 6166
"/Engine/EngineMaterials/Substrate/GLints/dict_16_192_64_0p5_0p02_0056_0005" 6167
"/Engine/EngineMaterials/Substrate/GLints/dict_16_192_64_0p5_0p02_0056_0004" 6168
"/Engine/EngineMaterials/Substrate/GLints/dict_16_192_64_0p5_0p02_0056_0003" 6169
"/Engine/EngineMaterials/Substrate/GLints/dict_16_192_64_0p5_0p02_0056_0002" 6170
"/Engine/EngineMaterials/Substrate/GLints/dict_16_192_64_0p5_0p02_0056_0001" 6171
"/Engine/EngineMaterials/Substrate/GLints/dict_16_192_64_0p5_0p02_0056_0000" 6172
"/Engine/EngineMaterials/Substrate/GLints/dict_16_192_64_0p5_0p02_0055_0015" 6173
"/Engine/EngineMaterials/Substrate/GLints/dict_16_192_64_0p5_0p02_0055_0014" 6174
"/Engine/EngineMaterials/Substrate/GLints/dict_16_192_64_0p5_0p02_0055_0013" 6175
"../../../Engine/Content/EngineMaterials/Substrate/GLints/dict_16_192_64_0p5_0p02_0057_0013.uasset" 6176
"../../../Engine/Content/EngineMaterials/Substrate/GLints/dict_16_192_64_0p5_0p02_0057_0015.uasset" 6177
"../../../Engine/Content/EngineMaterials/Substrate/GLints/dict_16_192_64_0p5_0p02_0058_0000.uasset" 6178
"../../../Engine/Content/EngineMaterials/Substrate/GLints/dict_16_192_64_0p5_0p02_0058_0002.uasset" 6179
"../../../Engine/Content/EngineMaterials/Substrate/GLints/dict_16_192_64_0p5_0p02_0057_0014.uasset" 6180
"../../../Engine/Content/EngineMaterials/Substrate/GLints/dict_16_192_64_0p5_0p02_0058_0004.uasset" 6181
"/Engine/EngineMaterials/Substrate/GLints/dict_16_192_64_0p5_0p02_0057_0012" 6182
"../../../Engine/Content/EngineMaterials/Substrate/GLints/dict_16_192_64_0p5_0p02_0058_0003.uasset" 6183
"../../../Engine/Content/EngineMaterials/Substrate/GLints/dict_16_192_64_0p5_0p02_0058_0009.uasset" 6184
"../../../Engine/Content/EngineMaterials/Substrate/GLints/dict_16_192_64_0p5_0p02_0058_0008.uasset" 6185
"../../../Engine/Content/EngineMaterials/Substrate/GLints/dict_16_192_64_0p5_0p02_0058_0013.uasset" 6186
"../../../Engine/Content/EngineMaterials/Substrate/GLints/dict_16_192_64_0p5_0p02_0058_0012.uasset" 6187
"../../../Engine/Content/EngineMaterials/Substrate/GLints/dict_16_192_64_0p5_0p02_0059_0000.uasset" 6188
"../../../Engine/Content/EngineMaterials/Substrate/GLints/dict_16_192_64_0p5_0p02_0059_0003.uasset" 6189
"../../../Engine/Content/EngineMaterials/Substrate/GLints/dict_16_192_64_0p5_0p02_0058_0005.uasset" 6190
"../../../Engine/Content/EngineMaterials/Substrate/GLints/dict_16_192_64_0p5_0p02_0059_0002.uasset" 6191
"../../../Engine/Content/EngineMaterials/Substrate/GLints/dict_16_192_64_0p5_0p02_0058_0006.uasset" 6192
"../../../Engine/Content/EngineMaterials/Substrate/GLints/dict_16_192_64_0p5_0p02_0058_0014.uasset" 6193
"../../../Engine/Content/EngineMaterials/Substrate/GLints/dict_16_192_64_0p5_0p02_0058_0011.uasset" 6194
"../../../Engine/Content/EngineMaterials/Substrate/GLints/dict_16_192_64_0p5_0p02_0059_0009.uasset" 6195
"../../../Engine/Content/EngineMaterials/Substrate/GLints/dict_16_192_64_0p5_0p02_0059_0005.uasset" 6196
"../../../Engine/Content/EngineMaterials/Substrate/GLints/dict_16_192_64_0p5_0p02_0059_0006.uasset" 6197
"../../../Engine/Content/EngineMaterials/Substrate/GLints/dict_16_192_64_0p5_0p02_0058_0001.uasset" 6198
"../../../Engine/Content/EngineMaterials/Substrate/GLints/dict_16_192_64_0p5_0p02_0059_0008.uasset" 6199
"../../../Engine/Content/EngineMaterials/Substrate/GLints/dict_16_192_64_0p5_0p02_0058_0010.uasset" 6200
"/Engine/EngineMaterials/Substrate/GLints/dict_16_192_64_0p5_0p02_0057_0011" 6201
"../../../Engine/Content/EngineMaterials/Substrate/GLints/dict_16_192_64_0p5_0p02_0059_0001.uasset" 6202
"../../../Engine/Content/EngineMaterials/Substrate/GLints/dict_16_192_64_0p5_0p02_0059_0004.uasset" 6203
"../../../Engine/Content/EngineMaterials/Substrate/GLints/dict_16_192_64_0p5_0p02_0058_0015.uasset" 6204
"../../../Engine/Content/EngineMaterials/Substrate/GLints/dict_16_192_64_0p5_0p02_0059_0007.uasset" 6205
"../../../Engine/Content/EngineMaterials/Substrate/GLints/dict_16_192_64_0p5_0p02_0058_0007.uasset" 6206
"/Engine/EngineMaterials/Substrate/GLints/dict_16_192_64_0p5_0p02_0057_0010" 6207
"../../../Engine/Content/EngineMaterials/Substrate/GLints/dict_16_192_64_0p5_0p02_0059_0010.uasset" 6208
"../../../Engine/Content/EngineMaterials/Substrate/GLints/dict_16_192_64_0p5_0p02_0059_0011.uasset" 6209
"../../../Engine/Content/EngineMaterials/Substrate/GLints/dict_16_192_64_0p5_0p02_0059_0012.uasset" 6210
"/Engine/EngineMaterials/Substrate/GLints/dict_16_192_64_0p5_0p02_0059_0009" 6211
"/Engine/EngineMaterials/Substrate/GLints/dict_16_192_64_0p5_0p02_0059_0008" 6212
"/Engine/EngineMaterials/Substrate/GLints/dict_16_192_64_0p5_0p02_0059_0007" 6213
"/Engine/EngineMaterials/Substrate/GLints/dict_16_192_64_0p5_0p02_0059_0006" 6214
"/Engine/EngineMaterials/Substrate/GLints/dict_16_192_64_0p5_0p02_0059_0005" 6215
"/Engine/EngineMaterials/Substrate/GLints/dict_16_192_64_0p5_0p02_0059_0004" 6216
"/Engine/EngineMaterials/Substrate/GLints/dict_16_192_64_0p5_0p02_0059_0003" 6217
"/Engine/EngineMaterials/Substrate/GLints/dict_16_192_64_0p5_0p02_0059_0002" 6218
"/Engine/EngineMaterials/Substrate/GLints/dict_16_192_64_0p5_0p02_0059_0001" 6219
"/Engine/EngineMaterials/Substrate/GLints/dict_16_192_64_0p5_0p02_0059_0000" 6220
"/Engine/EngineMaterials/Substrate/GLints/dict_16_192_64_0p5_0p02_0058_0015" 6221
"/Engine/EngineMaterials/Substrate/GLints/dict_16_192_64_0p5_0p02_0058_0014" 6222
"/Engine/EngineMaterials/Substrate/GLints/dict_16_192_64_0p5_0p02_0058_0013" 6223
"/Engine/EngineMaterials/Substrate/GLints/dict_16_192_64_0p5_0p02_0058_0012" 6224
"/Engine/EngineMaterials/Substrate/GLints/dict_16_192_64_0p5_0p02_0058_0011" 6225
"/Engine/EngineMaterials/Substrate/GLints/dict_16_192_64_0p5_0p02_0058_0010" 6226
"/Engine/EngineMaterials/Substrate/GLints/dict_16_192_64_0p5_0p02_0058_0009" 6227
"/Engine/EngineMaterials/Substrate/GLints/dict_16_192_64_0p5_0p02_0058_0008" 6228
"/Engine/EngineMaterials/Substrate/GLints/dict_16_192_64_0p5_0p02_0058_0007" 6229
"/Engine/EngineMaterials/Substrate/GLints/dict_16_192_64_0p5_0p02_0058_0006" 6230
"/Engine/EngineMaterials/Substrate/GLints/dict_16_192_64_0p5_0p02_0058_0005" 6231
"/Engine/EngineMaterials/Substrate/GLints/dict_16_192_64_0p5_0p02_0058_0004" 6232
"/Engine/EngineMaterials/Substrate/GLints/dict_16_192_64_0p5_0p02_0058_0003" 6233
"/Engine/EngineMaterials/Substrate/GLints/dict_16_192_64_0p5_0p02_0058_0002" 6234
"/Engine/EngineMaterials/Substrate/GLints/dict_16_192_64_0p5_0p02_0058_0001" 6235
"/Engine/EngineMaterials/Substrate/GLints/dict_16_192_64_0p5_0p02_0058_0000" 6236
"/Engine/EngineMaterials/Substrate/GLints/dict_16_192_64_0p5_0p02_0057_0015" 6237
"/Engine/EngineMaterials/Substrate/GLints/dict_16_192_64_0p5_0p02_0057_0014" 6238
"/Engine/EngineMaterials/Substrate/GLints/dict_16_192_64_0p5_0p02_0057_0013" 6239
"../../../Engine/Content/EngineMaterials/Substrate/GLints/dict_16_192_64_0p5_0p02_0059_0014.uasset" 6240
"../../../Engine/Content/EngineMaterials/Substrate/GLints/dict_16_192_64_0p5_0p02_0059_0013.uasset" 6241
"../../../Engine/Content/EngineMaterials/Substrate/GLints/dict_16_192_64_0p5_0p02_0060_0000.uasset" 6242
"../../../Engine/Content/EngineMaterials/Substrate/GLints/dict_16_192_64_0p5_0p02_0060_0001.uasset" 6243
"../../../Engine/Content/EngineMaterials/Substrate/GLints/dict_16_192_64_0p5_0p02_0060_0009.uasset" 6244
"../../../Engine/Content/EngineMaterials/Substrate/GLints/dict_16_192_64_0p5_0p02_0060_0006.uasset" 6245
"../../../Engine/Content/EngineMaterials/Substrate/GLints/dict_16_192_64_0p5_0p02_0061_0000.uasset" 6246
"../../../Engine/Content/EngineMaterials/Substrate/GLints/dict_16_192_64_0p5_0p02_0060_0003.uasset" 6247
"../../../Engine/Content/EngineMaterials/Substrate/GLints/dict_16_192_64_0p5_0p02_0061_0001.uasset" 6248
"../../../Engine/Content/EngineMaterials/Substrate/GLints/dict_16_192_64_0p5_0p02_0060_0004.uasset" 6249
"../../../Engine/Content/EngineMaterials/Substrate/GLints/dict_16_192_64_0p5_0p02_0061_0003.uasset" 6250
"../../../Engine/Content/EngineMaterials/Substrate/GLints/dict_16_192_64_0p5_0p02_0061_0004.uasset" 6251
"../../../Engine/Content/EngineMaterials/Substrate/GLints/dict_16_192_64_0p5_0p02_0060_0005.uasset" 6252
"../../../Engine/Content/EngineMaterials/Substrate/GLints/dict_16_192_64_0p5_0p02_0060_0010.uasset" 6253
"../../../Engine/Content/EngineMaterials/Substrate/GLints/dict_16_192_64_0p5_0p02_0060_0008.uasset" 6254
"../../../Engine/Content/EngineMaterials/Substrate/GLints/dict_16_192_64_0p5_0p02_0060_0002.uasset" 6255
"../../../Engine/Content/EngineMaterials/Substrate/GLints/dict_16_192_64_0p5_0p02_0060_0011.uasset" 6256
"../../../Engine/Content/EngineMaterials/Substrate/GLints/dict_16_192_64_0p5_0p02_0060_0012.uasset" 6257
"../../../Engine/Content/EngineMaterials/Substrate/GLints/dict_16_192_64_0p5_0p02_0060_0007.uasset" 6258
"/Engine/EngineMaterials/Substrate/GLints/dict_16_192_64_0p5_0p02_0059_0012" 6259
"../../../Engine/Content/EngineMaterials/Substrate/GLints/dict_16_192_64_0p5_0p02_0060_0014.uasset" 6260
"../../../Engine/Content/EngineMaterials/Substrate/GLints/dict_16_192_64_0p5_0p02_0060_0013.uasset" 6261
"../../../Engine/Content/EngineMaterials/Substrate/GLints/dict_16_192_64_0p5_0p02_0060_0015.uasset" 6262
"../../../Engine/Content/EngineMaterials/Substrate/GLints/dict_16_192_64_0p5_0p02_0059_0015.uasset" 6263
"../../../Engine/Content/EngineMaterials/Substrate/GLints/dict_16_192_64_0p5_0p02_0061_0002.uasset" 6264
"../../../Engine/Content/EngineMaterials/Substrate/GLints/dict_16_192_64_0p5_0p02_0061_0006.uasset" 6265
"../../../Engine/Content/EngineMaterials/Substrate/GLints/dict_16_192_64_0p5_0p02_0061_0007.uasset" 6266
"../../../Engine/Content/EngineMaterials/Substrate/GLints/dict_16_192_64_0p5_0p02_0061_0005.uasset" 6267
"../../../Engine/Content/EngineMaterials/Substrate/GLints/dict_16_192_64_0p5_0p02_0061_0008.uasset" 6268
"/Engine/EngineMaterials/Substrate/GLints/dict_16_192_64_0p5_0p02_0059_0011" 6269
"../../../Engine/Content/EngineMaterials/Substrate/GLints/dict_16_192_64_0p5_0p02_0061_0009.uasset" 6270
"/Engine/EngineMaterials/Substrate/GLints/dict_16_192_64_0p5_0p02_0059_0010" 6271
"../../../Engine/Content/EngineMaterials/Substrate/GLints/dict_16_192_64_0p5_0p02_0061_0010.uasset" 6272
"../../../Engine/Content/EngineMaterials/Substrate/GLints/dict_16_192_64_0p5_0p02_0061_0011.uasset" 6273
"../../../Engine/Content/EngineMaterials/Substrate/GLints/dict_16_192_64_0p5_0p02_0061_0012.uasset" 6274
"/Engine/EngineMaterials/Substrate/GLints/dict_16_192_64_0p5_0p02_0061_0009" 6275
"/Engine/EngineMaterials/Substrate/GLints/dict_16_192_64_0p5_0p02_0061_0008" 6276
"/Engine/EngineMaterials/Substrate/GLints/dict_16_192_64_0p5_0p02_0061_0007" 6277
"/Engine/EngineMaterials/Substrate/GLints/dict_16_192_64_0p5_0p02_0061_0006" 6278
"/Engine/EngineMaterials/Substrate/GLints/dict_16_192_64_0p5_0p02_0061_0005" 6279
"/Engine/EngineMaterials/Substrate/GLints/dict_16_192_64_0p5_0p02_0061_0004" 6280
"/Engine/EngineMaterials/Substrate/GLints/dict_16_192_64_0p5_0p02_0061_0003" 6281
"/Engine/EngineMaterials/Substrate/GLints/dict_16_192_64_0p5_0p02_0061_0002" 6282
"/Engine/EngineMaterials/Substrate/GLints/dict_16_192_64_0p5_0p02_0061_0001" 6283
"/Engine/EngineMaterials/Substrate/GLints/dict_16_192_64_0p5_0p02_0061_0000" 6284
"/Engine/EngineMaterials/Substrate/GLints/dict_16_192_64_0p5_0p02_0060_0015" 6285
"/Engine/EngineMaterials/Substrate/GLints/dict_16_192_64_0p5_0p02_0060_0014" 6286
"/Engine/EngineMaterials/Substrate/GLints/dict_16_192_64_0p5_0p02_0060_0013" 6287
"/Engine/EngineMaterials/Substrate/GLints/dict_16_192_64_0p5_0p02_0060_0012" 6288
"/Engine/EngineMaterials/Substrate/GLints/dict_16_192_64_0p5_0p02_0060_0011" 6289
"/Engine/EngineMaterials/Substrate/GLints/dict_16_192_64_0p5_0p02_0060_0010" 6290
"/Engine/EngineMaterials/Substrate/GLints/dict_16_192_64_0p5_0p02_0060_0009" 6291
"/Engine/EngineMaterials/Substrate/GLints/dict_16_192_64_0p5_0p02_0060_0008" 6292
"/Engine/EngineMaterials/Substrate/GLints/dict_16_192_64_0p5_0p02_0060_0007" 6293
"/Engine/EngineMaterials/Substrate/GLints/dict_16_192_64_0p5_0p02_0060_0006" 6294
"/Engine/EngineMaterials/Substrate/GLints/dict_16_192_64_0p5_0p02_0060_0005" 6295
"/Engine/EngineMaterials/Substrate/GLints/dict_16_192_64_0p5_0p02_0060_0004" 6296
"/Engine/EngineMaterials/Substrate/GLints/dict_16_192_64_0p5_0p02_0060_0003" 6297
"/Engine/EngineMaterials/Substrate/GLints/dict_16_192_64_0p5_0p02_0060_0002" 6298
"/Engine/EngineMaterials/Substrate/GLints/dict_16_192_64_0p5_0p02_0060_0001" 6299
"/Engine/EngineMaterials/Substrate/GLints/dict_16_192_64_0p5_0p02_0060_0000" 6300
"/Engine/EngineMaterials/Substrate/GLints/dict_16_192_64_0p5_0p02_0059_0015" 6301
"/Engine/EngineMaterials/Substrate/GLints/dict_16_192_64_0p5_0p02_0059_0014" 6302
"/Engine/EngineMaterials/Substrate/GLints/dict_16_192_64_0p5_0p02_0059_0013" 6303
"../../../Engine/Content/EngineMaterials/Substrate/GLints/dict_16_192_64_0p5_0p02_0061_0014.uasset" 6304
"../../../Engine/Content/EngineMaterials/Substrate/GLints/dict_16_192_64_0p5_0p02_0061_0013.uasset" 6305
"../../../Engine/Content/EngineMaterials/Substrate/GLints/dict_16_192_64_0p5_0p02_0062_0000.uasset" 6306
"../../../Engine/Content/EngineMaterials/Substrate/GLints/dict_16_192_64_0p5_0p02_0062_0003.uasset" 6307
"../../../Engine/Content/EngineMaterials/Substrate/GLints/dict_16_192_64_0p5_0p02_0062_0001.uasset" 6308
"/Engine/EngineMaterials/Substrate/GLints/dict_16_192_64_0p5_0p02_0061_0012" 6309
"../../../Engine/Content/EngineMaterials/Substrate/GLints/dict_16_192_64_0p5_0p02_0062_0010.uasset" 6310
"../../../Engine/Content/EngineMaterials/Substrate/GLints/dict_16_192_64_0p5_0p02_0062_0002.uasset" 6311
"../../../Engine/Content/EngineMaterials/Substrate/GLints/dict_16_192_64_0p5_0p02_0062_0005.uasset" 6312
"../../../Engine/Content/EngineMaterials/Substrate/GLints/dict_16_192_64_0p5_0p02_0062_0013.uasset" 6313
"../../../Engine/Content/EngineMaterials/Substrate/GLints/dict_16_192_64_0p5_0p02_0062_0009.uasset" 6314
"../../../Engine/Content/EngineMaterials/Substrate/GLints/dict_16_192_64_0p5_0p02_0063_0001.uasset" 6315
"../../../Engine/Content/EngineMaterials/Substrate/GLints/dict_16_192_64_0p5_0p02_0062_0011.uasset" 6316
"../../../Engine/Content/EngineMaterials/Substrate/GLints/dict_16_192_64_0p5_0p02_0063_0002.uasset" 6317
"../../../Engine/Content/EngineMaterials/Substrate/GLints/dict_16_192_64_0p5_0p02_0063_0003.uasset" 6318
"../../../Engine/Content/EngineMaterials/Substrate/GLints/dict_16_192_64_0p5_0p02_0062_0008.uasset" 6319
"../../../Engine/Content/EngineMaterials/Substrate/GLints/dict_16_192_64_0p5_0p02_0063_0004.uasset" 6320
"../../../Engine/Content/EngineMaterials/Substrate/GLints/dict_16_192_64_0p5_0p02_0062_0012.uasset" 6321
"../../../Engine/Content/EngineMaterials/Substrate/GLints/dict_16_192_64_0p5_0p02_0063_0005.uasset" 6322
"../../../Engine/Content/EngineMaterials/Substrate/GLints/dict_16_192_64_0p5_0p02_0062_0007.uasset" 6323
"../../../Engine/Content/EngineMaterials/Substrate/GLints/dict_16_192_64_0p5_0p02_0063_0008.uasset" 6324
"../../../Engine/Content/EngineMaterials/Substrate/GLints/dict_16_192_64_0p5_0p02_0062_0014.uasset" 6325
"../../../Engine/Content/EngineMaterials/Substrate/GLints/dict_16_192_64_0p5_0p02_0062_0004.uasset" 6326
"../../../Engine/Content/EngineMaterials/Substrate/GLints/dict_16_192_64_0p5_0p02_0063_0000.uasset" 6327
"../../../Engine/Content/EngineMaterials/Substrate/GLints/dict_16_192_64_0p5_0p02_0062_0015.uasset" 6328
"../../../Engine/Content/EngineMaterials/Substrate/GLints/dict_16_192_64_0p5_0p02_0062_0006.uasset" 6329
"../../../Engine/Content/EngineMaterials/Substrate/GLints/dict_16_192_64_0p5_0p02_0063_0006.uasset" 6330
"../../../Engine/Content/EngineMaterials/Substrate/GLints/dict_16_192_64_0p5_0p02_0061_0015.uasset" 6331
"../../../Engine/Content/EngineMaterials/Substrate/GLints/dict_16_192_64_0p5_0p02_0063_0007.uasset" 6332
"../../../Engine/Content/EngineMaterials/Substrate/GLints/dict_16_192_64_0p5_0p02_0063_0009.uasset" 6333
"/Engine/EngineMaterials/Substrate/GLints/dict_16_192_64_0p5_0p02_0061_0011" 6334
"/Engine/EngineMaterials/Substrate/GLints/dict_16_192_64_0p5_0p02_0061_0010" 6335
"../../../Engine/Content/EngineMaterials/Substrate/GLints/dict_16_192_64_0p5_0p02_0063_0010.uasset" 6336
"../../../Engine/Content/EngineMaterials/Substrate/GLints/dict_16_192_64_0p5_0p02_0063_0011.uasset" 6337
"../../../Engine/Content/EngineMaterials/Substrate/GLints/dict_16_192_64_0p5_0p02_0063_0012.uasset" 6338
"/Engine/EngineMaterials/Substrate/GLints/dict_16_192_64_0p5_0p02_0063_0009" 6339
"/Engine/EngineMaterials/Substrate/GLints/dict_16_192_64_0p5_0p02_0063_0008" 6340
"/Engine/EngineMaterials/Substrate/GLints/dict_16_192_64_0p5_0p02_0063_0007" 6341
"/Engine/EngineMaterials/Substrate/GLints/dict_16_192_64_0p5_0p02_0063_0006" 6342
"/Engine/EngineMaterials/Substrate/GLints/dict_16_192_64_0p5_0p02_0063_0005" 6343
"/Engine/EngineMaterials/Substrate/GLints/dict_16_192_64_0p5_0p02_0063_0004" 6344
"/Engine/EngineMaterials/Substrate/GLints/dict_16_192_64_0p5_0p02_0063_0003" 6345
"/Engine/EngineMaterials/Substrate/GLints/dict_16_192_64_0p5_0p02_0063_0002" 6346
"/Engine/EngineMaterials/Substrate/GLints/dict_16_192_64_0p5_0p02_0063_0001" 6347
"/Engine/EngineMaterials/Substrate/GLints/dict_16_192_64_0p5_0p02_0063_0000" 6348
"/Engine/EngineMaterials/Substrate/GLints/dict_16_192_64_0p5_0p02_0062_0015" 6349
"/Engine/EngineMaterials/Substrate/GLints/dict_16_192_64_0p5_0p02_0062_0014" 6350
"/Engine/EngineMaterials/Substrate/GLints/dict_16_192_64_0p5_0p02_0062_0013" 6351
"/Engine/EngineMaterials/Substrate/GLints/dict_16_192_64_0p5_0p02_0062_0012" 6352
"/Engine/EngineMaterials/Substrate/GLints/dict_16_192_64_0p5_0p02_0062_0011" 6353
"/Engine/EngineMaterials/Substrate/GLints/dict_16_192_64_0p5_0p02_0062_0010" 6354
"/Engine/EngineMaterials/Substrate/GLints/dict_16_192_64_0p5_0p02_0062_0009" 6355
"/Engine/EngineMaterials/Substrate/GLints/dict_16_192_64_0p5_0p02_0062_0008" 6356
"/Engine/EngineMaterials/Substrate/GLints/dict_16_192_64_0p5_0p02_0062_0007" 6357
"/Engine/EngineMaterials/Substrate/GLints/dict_16_192_64_0p5_0p02_0062_0006" 6358
"/Engine/EngineMaterials/Substrate/GLints/dict_16_192_64_0p5_0p02_0062_0005" 6359
"/Engine/EngineMaterials/Substrate/GLints/dict_16_192_64_0p5_0p02_0062_0004" 6360
"/Engine/EngineMaterials/Substrate/GLints/dict_16_192_64_0p5_0p02_0062_0003" 6361
"/Engine/EngineMaterials/Substrate/GLints/dict_16_192_64_0p5_0p02_0062_0002" 6362
"/Engine/EngineMaterials/Substrate/GLints/dict_16_192_64_0p5_0p02_0062_0001" 6363
"/Engine/EngineMaterials/Substrate/GLints/dict_16_192_64_0p5_0p02_0062_0000" 6364
"/Engine/EngineMaterials/Substrate/GLints/dict_16_192_64_0p5_0p02_0061_0015" 6365
"/Engine/EngineMaterials/Substrate/GLints/dict_16_192_64_0p5_0p02_0061_0014" 6366
"/Engine/EngineMaterials/Substrate/GLints/dict_16_192_64_0p5_0p02_0061_0013" 6367
"../../../Engine/Content/EngineMaterials/Substrate/GLints/dict_16_192_64_0p5_0p02_0063_0013.uasset" 6368
"../../../Engine/Content/EngineMaterials/Substrate/GLints/dict_16_192_64_0p5_0p02_0063_0014.uasset" 6369
"../../../Engine/Content/EngineMaterials/Substrate/Glints2/dict_0000_0002.uasset" 6370
"../../../Engine/Content/EngineMaterials/Substrate/Glints2/dict_0000_0004.uasset" 6371
"../../../Engine/Content/EngineMaterials/Substrate/Glints2/dict_0000_0006.uasset" 6372
"../../../Engine/Content/EngineMaterials/Substrate/GLints/dict_16_192_64_0p5_0p02_0063_0015.uasset" 6373
"../../../Engine/Content/EngineMaterials/Substrate/GLints/AGlintTex2dArray.uasset" 6374
"../../../Engine/Content/EngineMaterials/Substrate/Glints2/dict_0000_0000.uasset" 6375
"/Engine/EngineMaterials/Substrate/GLints/dict_16_192_64_0p5_0p02_0063_0012" 6376
"../../../Engine/Content/EngineMaterials/Substrate/Glints2/dict_0000_0003.uasset" 6377
"../../../Engine/Content/EngineMaterials/Substrate/Glints2/dict_0000_0007.uasset" 6378
"../../../Engine/Content/EngineMaterials/Substrate/Glints2/dict_0000_0011.uasset" 6379
"../../../Engine/Content/EngineMaterials/Substrate/Glints2/dict_0000_0012.uasset" 6380
"../../../Engine/Content/EngineMaterials/Substrate/Glints2/dict_0000_0009.uasset" 6381
"../../../Engine/Content/EngineMaterials/Substrate/Glints2/dict_0000_0017.uasset" 6382
"../../../Engine/Content/EngineMaterials/Substrate/Glints2/dict_0000_0019.uasset" 6383
"../../../Engine/Content/EngineMaterials/Substrate/Glints2/dict_0000_0018.uasset" 6384
"../../../Engine/Content/EngineMaterials/Substrate/Glints2/dict_0000_0016.uasset" 6385
"../../../Engine/Content/EngineMaterials/Substrate/Glints2/dict_0000_0010.uasset" 6386
"../../../Engine/Content/EngineMaterials/Substrate/Glints2/dict_0000_0022.uasset" 6387
"../../../Engine/Content/EngineMaterials/Substrate/Glints2/dict_0000_0013.uasset" 6388
"../../../Engine/Content/EngineMaterials/Substrate/Glints2/dict_0000_0023.uasset" 6389
"../../../Engine/Content/EngineMaterials/Substrate/Glints2/dict_0000_0008.uasset" 6390
"../../../Engine/Content/EngineMaterials/Substrate/Glints2/dict_0000_0020.uasset" 6391
"../../../Engine/Content/EngineMaterials/Substrate/Glints2/dict_0000_0024.uasset" 6392
"../../../Engine/Content/EngineMaterials/Substrate/Glints2/dict_0000_0015.uasset" 6393
"../../../Engine/Content/EngineMaterials/Substrate/Glints2/dict_0000_0001.uasset" 6394
"../../../Engine/Content/EngineMaterials/Substrate/Glints2/dict_0000_0014.uasset" 6395
"../../../Engine/Content/EngineMaterials/Substrate/Glints2/dict_0000_0005.uasset" 6396
"../../../Engine/Content/EngineMaterials/Substrate/Glints2/dict_0000_0021.uasset" 6397
"/Engine/EngineMaterials/Substrate/GLints/dict_16_192_64_0p5_0p02_0063_0011" 6398
"/Engine/EngineMaterials/Substrate/GLints/dict_16_192_64_0p5_0p02_0063_0010" 6399
"../../../Engine/Content/EngineMaterials/Substrate/Glints2/dict_0000_0025.uasset" 6400
"../../../Engine/Content/EngineMaterials/Substrate/Glints2/dict_0000_0026.uasset" 6401
"../../../Engine/Content/EngineMaterials/Substrate/Glints2/dict_0000_0027.uasset" 6402
"/Engine/EngineMaterials/Substrate/Glints2/dict_0000_0024" 6403
"/Engine/EngineMaterials/Substrate/Glints2/dict_0000_0023" 6404
"/Engine/EngineMaterials/Substrate/Glints2/dict_0000_0022" 6405
"/Engine/EngineMaterials/Substrate/Glints2/dict_0000_0021" 6406
"/Engine/EngineMaterials/Substrate/Glints2/dict_0000_0020" 6407
"/Engine/EngineMaterials/Substrate/Glints2/dict_0000_0019" 6408
"/Engine/EngineMaterials/Substrate/Glints2/dict_0000_0018" 6409
"/Engine/EngineMaterials/Substrate/Glints2/dict_0000_0017" 6410
"/Engine/EngineMaterials/Substrate/Glints2/dict_0000_0016" 6411
"/Engine/EngineMaterials/Substrate/Glints2/dict_0000_0015" 6412
"/Engine/EngineMaterials/Substrate/Glints2/dict_0000_0014" 6413
"/Engine/EngineMaterials/Substrate/Glints2/dict_0000_0013" 6414
"/Engine/EngineMaterials/Substrate/Glints2/dict_0000_0012" 6415
"/Engine/EngineMaterials/Substrate/Glints2/dict_0000_0011" 6416
"/Engine/EngineMaterials/Substrate/Glints2/dict_0000_0010" 6417
"/Engine/EngineMaterials/Substrate/Glints2/dict_0000_0009" 6418
"/Engine/EngineMaterials/Substrate/Glints2/dict_0000_0008" 6419
"/Engine/EngineMaterials/Substrate/Glints2/dict_0000_0007" 6420
"/Engine/EngineMaterials/Substrate/Glints2/dict_0000_0006" 6421
"/Engine/EngineMaterials/Substrate/Glints2/dict_0000_0005" 6422
"/Engine/EngineMaterials/Substrate/Glints2/dict_0000_0004" 6423
"/Engine/EngineMaterials/Substrate/Glints2/dict_0000_0003" 6424
"/Engine/EngineMaterials/Substrate/Glints2/dict_0000_0025" 6425
"/Engine/EngineMaterials/Substrate/Glints2/dict_0000_0002" 6426
"/Engine/EngineMaterials/Substrate/Glints2/dict_0000_0001" 6427
"/Engine/EngineMaterials/Substrate/Glints2/dict_0000_0000" 6428
"/Engine/EngineMaterials/Substrate/GLints/AGlintTex2dArray" 6429
"../../../Engine/Content/EngineMaterials/Substrate/Glints2/dict_0000_0029.uasset" 6430
"../../../Engine/Content/EngineMaterials/Substrate/Glints2/dict_0000_0030.uasset" 6431
"../../../Engine/Content/EngineMaterials/Substrate/Glints2/dict_0000_0032.uasset" 6432
"../../../Engine/Content/EngineMaterials/Substrate/Glints2/dict_0000_0033.uasset" 6433
"/Engine/EngineMaterials/Substrate/Glints2/dict_0000_0027" 6434
"../../../Engine/Content/EngineMaterials/Substrate/Glints2/dict_0000_0034.uasset" 6435
"../../../Engine/Content/EngineMaterials/Substrate/Glints2/dict_0000_0041.uasset" 6436
"../../../Engine/Content/EngineMaterials/Substrate/Glints2/dict_0000_0037.uasset" 6437
"../../../Engine/Content/EngineMaterials/Substrate/Glints2/dict_0000_0042.uasset" 6438
"../../../Engine/Content/EngineMaterials/Substrate/Glints2/dict_0000_0028.uasset" 6439
"../../../Engine/Content/EngineMaterials/Substrate/Glints2/dict_0000_0047.uasset" 6440
"../../../Engine/Content/EngineMaterials/Substrate/Glints2/dict_0000_0044.uasset" 6441
"../../../Engine/Content/EngineMaterials/Substrate/Glints2/dict_0000_0035.uasset" 6442
"../../../Engine/Content/EngineMaterials/Substrate/Glints2/dict_0000_0046.uasset" 6443
"../../../Engine/Content/EngineMaterials/Substrate/Glints2/dict_0000_0049.uasset" 6444
"../../../Engine/Content/EngineMaterials/Substrate/Glints2/dict_0000_0051.uasset" 6445
"../../../Engine/Content/EngineMaterials/Substrate/Glints2/dict_0000_0043.uasset" 6446
"../../../Engine/Content/EngineMaterials/Substrate/Glints2/dict_0000_0031.uasset" 6447
"../../../Engine/Content/EngineMaterials/Substrate/Glints2/dict_0000_0052.uasset" 6448
"../../../Engine/Content/EngineMaterials/Substrate/Glints2/dict_0000_0050.uasset" 6449
"../../../Engine/Content/EngineMaterials/Substrate/Glints2/dict_0000_0048.uasset" 6450
"../../../Engine/Content/EngineMaterials/Substrate/Glints2/dict_0000_0056.uasset" 6451
"../../../Engine/Content/EngineMaterials/Substrate/Glints2/dict_0000_0054.uasset" 6452
"../../../Engine/Content/EngineMaterials/Substrate/Glints2/dict_0000_0053.uasset" 6453
"../../../Engine/Content/EngineMaterials/Substrate/Glints2/dict_0000_0055.uasset" 6454
"../../../Engine/Content/EngineMaterials/Substrate/Glints2/dict_0000_0038.uasset" 6455
"../../../Engine/Content/EngineMaterials/Substrate/Glints2/dict_0000_0040.uasset" 6456
"../../../Engine/Content/EngineMaterials/Substrate/Glints2/dict_0000_0039.uasset" 6457
"../../../Engine/Content/EngineMaterials/Substrate/Glints2/dict_0000_0057.uasset" 6458
"/Engine/EngineMaterials/Substrate/Glints2/dict_0000_0026" 6459
"../../../Engine/Content/EngineMaterials/Substrate/Glints2/dict_0000_0045.uasset" 6460
"../../../Engine/Content/EngineMaterials/Substrate/Glints2/dict_0000_0036.uasset" 6461
"../../../Engine/Content/EngineMaterials/Substrate/Glints2/dict_0000_0058.uasset" 6462
"../../../Engine/Content/EngineMaterials/Substrate/Glints2/dict_0000_0059.uasset" 6463
"/Engine/EngineMaterials/Substrate/Glints2/dict_0000_0057" 6464
"/Engine/EngineMaterials/Substrate/Glints2/dict_0000_0056" 6465
"/Engine/EngineMaterials/Substrate/Glints2/dict_0000_0055" 6466
"/Engine/EngineMaterials/Substrate/Glints2/dict_0000_0054" 6467
"/Engine/EngineMaterials/Substrate/Glints2/dict_0000_0053" 6468
"/Engine/EngineMaterials/Substrate/Glints2/dict_0000_0052" 6469
"/Engine/EngineMaterials/Substrate/Glints2/dict_0000_0051" 6470
"/Engine/EngineMaterials/Substrate/Glints2/dict_0000_0050" 6471
"/Engine/EngineMaterials/Substrate/Glints2/dict_0000_0049" 6472
"/Engine/EngineMaterials/Substrate/Glints2/dict_0000_0048" 6473
"/Engine/EngineMaterials/Substrate/Glints2/dict_0000_0047" 6474
"/Engine/EngineMaterials/Substrate/Glints2/dict_0000_0046" 6475
"/Engine/EngineMaterials/Substrate/Glints2/dict_0000_0045" 6476
"/Engine/EngineMaterials/Substrate/Glints2/dict_0000_0044" 6477
"/Engine/EngineMaterials/Substrate/Glints2/dict_0000_0043" 6478
"/Engine/EngineMaterials/Substrate/Glints2/dict_0000_0042" 6479
"/Engine/EngineMaterials/Substrate/Glints2/dict_0000_0041" 6480
"/Engine/EngineMaterials/Substrate/Glints2/dict_0000_0040" 6481
"/Engine/EngineMaterials/Substrate/Glints2/dict_0000_0039" 6482
"/Engine/EngineMaterials/Substrate/Glints2/dict_0000_0038" 6483
"/Engine/EngineMaterials/Substrate/Glints2/dict_0000_0037" 6484
"/Engine/EngineMaterials/Substrate/Glints2/dict_0000_0036" 6485
"/Engine/EngineMaterials/Substrate/Glints2/dict_0000_0035" 6486
"/Engine/EngineMaterials/Substrate/Glints2/dict_0000_0034" 6487
"/Engine/EngineMaterials/Substrate/Glints2/dict_0000_0033" 6488
"/Engine/EngineMaterials/Substrate/Glints2/dict_0000_0032" 6489
"/Engine/EngineMaterials/Substrate/Glints2/dict_0000_0031" 6490
"/Engine/EngineMaterials/Substrate/Glints2/dict_0000_0030" 6491
"/Engine/EngineMaterials/Substrate/Glints2/dict_0000_0029" 6492
"/Engine/EngineMaterials/Substrate/Glints2/dict_0000_0028" 6493
"../../../Engine/Content/EngineMaterials/Substrate/Glints2/dict_0000_0061.uasset" 6494
"../../../Engine/Content/EngineMaterials/Substrate/Glints2/dict_0000_0062.uasset" 6495
"../../../Engine/Content/EngineMaterials/Substrate/Glints2/dict_0000_0060.uasset" 6496
"../../../Engine/Content/EngineMaterials/Substrate/Glints2/dict_0000_0076.uasset" 6497
"../../../Engine/Content/EngineMaterials/Substrate/Glints2/dict_0000_0063.uasset" 6498
"../../../Engine/Content/EngineMaterials/Substrate/Glints2/dict_0000_0079.uasset" 6499
"../../../Engine/Content/EngineMaterials/Substrate/Glints2/dict_0000_0066.uasset" 6500
"../../../Engine/Content/EngineMaterials/Substrate/Glints2/dict_0000_0078.uasset" 6501
"../../../Engine/Content/EngineMaterials/Substrate/Glints2/dict_0000_0074.uasset" 6502
"../../../Engine/Content/EngineMaterials/Substrate/Glints2/dict_0000_0080.uasset" 6503
"../../../Engine/Content/EngineMaterials/Substrate/Glints2/dict_0000_0064.uasset" 6504
"../../../Engine/Content/EngineMaterials/Substrate/Glints2/dict_0000_0081.uasset" 6505
"../../../Engine/Content/EngineMaterials/Substrate/Glints2/dict_0000_0084.uasset" 6506
"../../../Engine/Content/EngineMaterials/Substrate/Glints2/dict_0000_0083.uasset" 6507
"../../../Engine/Content/EngineMaterials/Substrate/Glints2/dict_0000_0082.uasset" 6508
"../../../Engine/Content/EngineMaterials/Substrate/Glints2/dict_0000_0069.uasset" 6509
"../../../Engine/Content/EngineMaterials/Substrate/Glints2/dict_0000_0089.uasset" 6510
"../../../Engine/Content/EngineMaterials/Substrate/Glints2/dict_0000_0086.uasset" 6511
"../../../Engine/Content/EngineMaterials/Substrate/Glints2/dict_0000_0068.uasset" 6512
"../../../Engine/Content/EngineMaterials/Substrate/Glints2/dict_0000_0067.uasset" 6513
"../../../Engine/Content/EngineMaterials/Substrate/Glints2/dict_0000_0071.uasset" 6514
"../../../Engine/Content/EngineMaterials/Substrate/Glints2/dict_0000_0073.uasset" 6515
"../../../Engine/Content/EngineMaterials/Substrate/Glints2/dict_0000_0065.uasset" 6516
"../../../Engine/Content/EngineMaterials/Substrate/Glints2/dict_0000_0077.uasset" 6517
"/Engine/EngineMaterials/Substrate/Glints2/dict_0000_0059" 6518
"../../../Engine/Content/EngineMaterials/Substrate/Glints2/dict_0000_0075.uasset" 6519
"../../../Engine/Content/EngineMaterials/Substrate/Glints2/dict_0000_0072.uasset" 6520
"../../../Engine/Content/EngineMaterials/Substrate/Glints2/dict_0000_0070.uasset" 6521
"../../../Engine/Content/EngineMaterials/Substrate/Glints2/dict_0000_0088.uasset" 6522
"../../../Engine/Content/EngineMaterials/Substrate/Glints2/dict_0000_0085.uasset" 6523
"../../../Engine/Content/EngineMaterials/Substrate/Glints2/dict_0000_0087.uasset" 6524
"/Engine/EngineMaterials/Substrate/Glints2/dict_0000_0058" 6525
"/Engine/EngineMaterials/Substrate/Glints2/dict_0000_0061" 6526
"../../../Engine/Content/EngineMaterials/Substrate/Glints2/dict_0000_0090.uasset" 6527
"/Engine/EngineMaterials/Substrate/Glints2/dict_0000_0089" 6528
"../../../Engine/Content/EngineMaterials/Substrate/Glints2/dict_0000_0092.uasset" 6529
"../../../Engine/Content/EngineMaterials/Substrate/Glints2/dict_0000_0091.uasset" 6530
"/Engine/EngineMaterials/Substrate/Glints2/dict_0000_0088" 6531
"/Engine/EngineMaterials/Substrate/Glints2/dict_0000_0087" 6532
"/Engine/EngineMaterials/Substrate/Glints2/dict_0000_0086" 6533
"/Engine/EngineMaterials/Substrate/Glints2/dict_0000_0085" 6534
"/Engine/EngineMaterials/Substrate/Glints2/dict_0000_0084" 6535
"/Engine/EngineMaterials/Substrate/Glints2/dict_0000_0083" 6536
"/Engine/EngineMaterials/Substrate/Glints2/dict_0000_0082" 6537
"/Engine/EngineMaterials/Substrate/Glints2/dict_0000_0081" 6538
"/Engine/EngineMaterials/Substrate/Glints2/dict_0000_0080" 6539
"/Engine/EngineMaterials/Substrate/Glints2/dict_0000_0079" 6540
"/Engine/EngineMaterials/Substrate/Glints2/dict_0000_0078" 6541
"/Engine/EngineMaterials/Substrate/Glints2/dict_0000_0077" 6542
"/Engine/EngineMaterials/Substrate/Glints2/dict_0000_0076" 6543
"/Engine/EngineMaterials/Substrate/Glints2/dict_0000_0075" 6544
"/Engine/EngineMaterials/Substrate/Glints2/dict_0000_0074" 6545
"/Engine/EngineMaterials/Substrate/Glints2/dict_0000_0073" 6546
"/Engine/EngineMaterials/Substrate/Glints2/dict_0000_0072" 6547
"/Engine/EngineMaterials/Substrate/Glints2/dict_0000_0071" 6548
"/Engine/EngineMaterials/Substrate/Glints2/dict_0000_0070" 6549
"/Engine/EngineMaterials/Substrate/Glints2/dict_0000_0069" 6550
"/Engine/EngineMaterials/Substrate/Glints2/dict_0000_0068" 6551
"/Engine/EngineMaterials/Substrate/Glints2/dict_0000_0067" 6552
"/Engine/EngineMaterials/Substrate/Glints2/dict_0000_0066" 6553
"/Engine/EngineMaterials/Substrate/Glints2/dict_0000_0065" 6554
"/Engine/EngineMaterials/Substrate/Glints2/dict_0000_0064" 6555
"/Engine/EngineMaterials/Substrate/Glints2/dict_0000_0063" 6556
"/Engine/EngineMaterials/Substrate/Glints2/dict_0000_0062" 6557
"/Engine/EngineMaterials/Substrate/Glints2/dict_0000_0060" 6558
"../../../Engine/Content/EngineMaterials/Substrate/Glints2/dict_0000_0093.uasset" 6559
"../../../Engine/Content/EngineMaterials/Substrate/Glints2/dict_0000_0094.uasset" 6560
"../../../Engine/Content/EngineMaterials/Substrate/Glints2/dict_0000_0095.uasset" 6561
"../../../Engine/Content/EngineMaterials/Substrate/Glints2/dict_0000_0097.uasset" 6562
"/Engine/EngineMaterials/Substrate/Glints2/dict_0000_0092" 6563
"../../../Engine/Content/EngineMaterials/Substrate/Glints2/dict_0000_0096.uasset" 6564
"../../../Engine/Content/EngineMaterials/Substrate/Glints2/dict_0000_0103.uasset" 6565
"../../../Engine/Content/EngineMaterials/Substrate/Glints2/dict_0000_0098.uasset" 6566
"../../../Engine/Content/EngineMaterials/Substrate/Glints2/dict_0000_0111.uasset" 6567
"../../../Engine/Content/EngineMaterials/Substrate/Glints2/dict_0000_0104.uasset" 6568
"../../../Engine/Content/EngineMaterials/Substrate/Glints2/dict_0000_0099.uasset" 6569
"../../../Engine/Content/EngineMaterials/Substrate/Glints2/dict_0000_0110.uasset" 6570
"../../../Engine/Content/EngineMaterials/Substrate/Glints2/dict_0000_0113.uasset" 6571
"../../../Engine/Content/EngineMaterials/Substrate/Glints2/dict_0000_0112.uasset" 6572
"../../../Engine/Content/EngineMaterials/Substrate/Glints2/dict_0000_0108.uasset" 6573
"../../../Engine/Content/EngineMaterials/Substrate/Glints2/dict_0000_0115.uasset" 6574
"../../../Engine/Content/EngineMaterials/Substrate/Glints2/dict_0000_0114.uasset" 6575
"../../../Engine/Content/EngineMaterials/Substrate/Glints2/dict_0000_0117.uasset" 6576
"../../../Engine/Content/EngineMaterials/Substrate/Glints2/dict_0000_0118.uasset" 6577
"../../../Engine/Content/EngineMaterials/Substrate/Glints2/dict_0000_0106.uasset" 6578
"../../../Engine/Content/EngineMaterials/Substrate/Glints2/dict_0000_0120.uasset" 6579
"../../../Engine/Content/EngineMaterials/Substrate/Glints2/dict_0000_0109.uasset" 6580
"../../../Engine/Content/EngineMaterials/Substrate/Glints2/dict_0000_0119.uasset" 6581
"../../../Engine/Content/EngineMaterials/Substrate/Glints2/dict_0000_0121.uasset" 6582
"../../../Engine/Content/EngineMaterials/Substrate/Glints2/dict_0000_0116.uasset" 6583
"../../../Engine/Content/EngineMaterials/Substrate/Glints2/dict_0000_0105.uasset" 6584
"../../../Engine/Content/EngineMaterials/Substrate/Glints2/dict_0000_0107.uasset" 6585
"../../../Engine/Content/EngineMaterials/Substrate/Glints2/dict_0000_0101.uasset" 6586
"../../../Engine/Content/EngineMaterials/Substrate/Glints2/dict_0000_0102.uasset" 6587
"/Engine/EngineMaterials/Substrate/Glints2/dict_0000_0091" 6588
"../../../Engine/Content/EngineMaterials/Substrate/Glints2/dict_0000_0100.uasset" 6589
"/Engine/EngineMaterials/Substrate/Glints2/dict_0000_0090" 6590
"../../../Engine/Content/EngineMaterials/Substrate/Glints2/dict_0000_0122.uasset" 6591
"/Engine/EngineMaterials/Substrate/Glints2/dict_0000_0121" 6592
"../../../Engine/Content/EngineMaterials/Substrate/Glints2/dict_0000_0124.uasset" 6593
"../../../Engine/Content/EngineMaterials/Substrate/Glints2/dict_0000_0123.uasset" 6594
"/Engine/EngineMaterials/Substrate/Glints2/dict_0000_0120" 6595
"/Engine/EngineMaterials/Substrate/Glints2/dict_0000_0119" 6596
"/Engine/EngineMaterials/Substrate/Glints2/dict_0000_0118" 6597
"/Engine/EngineMaterials/Substrate/Glints2/dict_0000_0117" 6598
"/Engine/EngineMaterials/Substrate/Glints2/dict_0000_0116" 6599
"/Engine/EngineMaterials/Substrate/Glints2/dict_0000_0115" 6600
"/Engine/EngineMaterials/Substrate/Glints2/dict_0000_0114" 6601
"/Engine/EngineMaterials/Substrate/Glints2/dict_0000_0113" 6602
"/Engine/EngineMaterials/Substrate/Glints2/dict_0000_0112" 6603
"/Engine/EngineMaterials/Substrate/Glints2/dict_0000_0111" 6604
"/Engine/EngineMaterials/Substrate/Glints2/dict_0000_0110" 6605
"/Engine/EngineMaterials/Substrate/Glints2/dict_0000_0109" 6606
"/Engine/EngineMaterials/Substrate/Glints2/dict_0000_0108" 6607
"/Engine/EngineMaterials/Substrate/Glints2/dict_0000_0107" 6608
"/Engine/EngineMaterials/Substrate/Glints2/dict_0000_0106" 6609
"/Engine/EngineMaterials/Substrate/Glints2/dict_0000_0105" 6610
"/Engine/EngineMaterials/Substrate/Glints2/dict_0000_0104" 6611
"/Engine/EngineMaterials/Substrate/Glints2/dict_0000_0103" 6612
"/Engine/EngineMaterials/Substrate/Glints2/dict_0000_0102" 6613
"/Engine/EngineMaterials/Substrate/Glints2/dict_0000_0101" 6614
"/Engine/EngineMaterials/Substrate/Glints2/dict_0000_0100" 6615
"/Engine/EngineMaterials/Substrate/Glints2/dict_0000_0099" 6616
"/Engine/EngineMaterials/Substrate/Glints2/dict_0000_0098" 6617
"/Engine/EngineMaterials/Substrate/Glints2/dict_0000_0097" 6618
"/Engine/EngineMaterials/Substrate/Glints2/dict_0000_0096" 6619
"/Engine/EngineMaterials/Substrate/Glints2/dict_0000_0095" 6620
"/Engine/EngineMaterials/Substrate/Glints2/dict_0000_0094" 6621
"/Engine/EngineMaterials/Substrate/Glints2/dict_0000_0093" 6622
"../../../Engine/Content/EngineMaterials/Substrate/Glints2/dict_0000_0125.uasset" 6623
"../../../Engine/Content/EngineMaterials/Substrate/Glints2/dict_0000_0127.uasset" 6624
"../../../Engine/Content/EngineMaterials/Substrate/Glints2/dict_0000_0129.uasset" 6625
"../../../Engine/Content/EngineMaterials/Substrate/Glints2/dict_0000_0126.uasset" 6626
"../../../Engine/Content/EngineMaterials/Substrate/Glints2/dict_0000_0130.uasset" 6627
"../../../Engine/Content/EngineMaterials/Substrate/Glints2/dict_0000_0131.uasset" 6628
"../../../Engine/Content/EngineMaterials/Substrate/Glints2/dict_0000_0133.uasset" 6629
"../../../Engine/Content/EngineMaterials/Substrate/Glints2/dict_0000_0136.uasset" 6630
"/Engine/EngineMaterials/Substrate/Glints2/dict_0000_0124" 6631
"../../../Engine/Content/EngineMaterials/Substrate/Glints2/dict_0000_0138.uasset" 6632
"../../../Engine/Content/EngineMaterials/Substrate/Glints2/dict_0000_0128.uasset" 6633
"../../../Engine/Content/EngineMaterials/Substrate/Glints2/dict_0000_0143.uasset" 6634
"../../../Engine/Content/EngineMaterials/Substrate/Glints2/dict_0000_0144.uasset" 6635
"../../../Engine/Content/EngineMaterials/Substrate/Glints2/dict_0000_0148.uasset" 6636
"../../../Engine/Content/EngineMaterials/Substrate/Glints2/dict_0000_0132.uasset" 6637
"../../../Engine/Content/EngineMaterials/Substrate/Glints2/dict_0000_0134.uasset" 6638
"../../../Engine/Content/EngineMaterials/Substrate/Glints2/dict_0000_0146.uasset" 6639
"../../../Engine/Content/EngineMaterials/Substrate/Glints2/dict_0000_0151.uasset" 6640
"../../../Engine/Content/EngineMaterials/Substrate/Glints2/dict_0000_0135.uasset" 6641
"../../../Engine/Content/EngineMaterials/Substrate/Glints2/dict_0000_0150.uasset" 6642
"../../../Engine/Content/EngineMaterials/Substrate/Glints2/dict_0000_0142.uasset" 6643
"../../../Engine/Content/EngineMaterials/Substrate/Glints2/dict_0000_0140.uasset" 6644
"../../../Engine/Content/EngineMaterials/Substrate/Glints2/dict_0000_0145.uasset" 6645
"../../../Engine/Content/EngineMaterials/Substrate/Glints2/dict_0000_0149.uasset" 6646
"../../../Engine/Content/EngineMaterials/Substrate/Glints2/dict_0000_0137.uasset" 6647
"../../../Engine/Content/EngineMaterials/Substrate/Glints2/dict_0000_0147.uasset" 6648
"../../../Engine/Content/EngineMaterials/Substrate/Glints2/dict_0000_0152.uasset" 6649
"../../../Engine/Content/EngineMaterials/Substrate/Glints2/dict_0000_0153.uasset" 6650
"../../../Engine/Content/EngineMaterials/Substrate/Glints2/dict_0000_0141.uasset" 6651
"../../../Engine/Content/EngineMaterials/Substrate/Glints2/dict_0000_0139.uasset" 6652
"/Engine/EngineMaterials/Substrate/Glints2/dict_0000_0123" 6653
"/Engine/EngineMaterials/Substrate/Glints2/dict_0000_0127" 6654
"/Engine/EngineMaterials/Substrate/Glints2/dict_0000_0122" 6655
"/Engine/EngineMaterials/Substrate/Glints2/dict_0000_0125" 6656
"../../../Engine/Content/EngineMaterials/Substrate/Glints2/dict_0000_0154.uasset" 6657
"../../../Engine/Content/EngineMaterials/Substrate/Glints2/dict_0000_0157.uasset" 6658
"../../../Engine/Content/EngineMaterials/Substrate/Glints2/dict_0000_0156.uasset" 6659
"../../../Engine/Content/EngineMaterials/Substrate/Glints2/dict_0000_0155.uasset" 6660
"/Engine/EngineMaterials/Substrate/Glints2/dict_0000_0153" 6661
"../../../Engine/Content/EngineMaterials/Substrate/Glints2/dict_0000_0158.uasset" 6662
"/Engine/EngineMaterials/Substrate/Glints2/dict_0000_0152" 6663
"/Engine/EngineMaterials/Substrate/Glints2/dict_0000_0151" 6664
"/Engine/EngineMaterials/Substrate/Glints2/dict_0000_0150" 6665
"/Engine/EngineMaterials/Substrate/Glints2/dict_0000_0149" 6666
"/Engine/EngineMaterials/Substrate/Glints2/dict_0000_0148" 6667
"/Engine/EngineMaterials/Substrate/Glints2/dict_0000_0147" 6668
"/Engine/EngineMaterials/Substrate/Glints2/dict_0000_0146" 6669
"/Engine/EngineMaterials/Substrate/Glints2/dict_0000_0145" 6670
"/Engine/EngineMaterials/Substrate/Glints2/dict_0000_0144" 6671
"/Engine/EngineMaterials/Substrate/Glints2/dict_0000_0143" 6672
"/Engine/EngineMaterials/Substrate/Glints2/dict_0000_0142" 6673
"/Engine/EngineMaterials/Substrate/Glints2/dict_0000_0141" 6674
"/Engine/EngineMaterials/Substrate/Glints2/dict_0000_0140" 6675
"/Engine/EngineMaterials/Substrate/Glints2/dict_0000_0139" 6676
"/Engine/EngineMaterials/Substrate/Glints2/dict_0000_0138" 6677
"/Engine/EngineMaterials/Substrate/Glints2/dict_0000_0137" 6678
"/Engine/EngineMaterials/Substrate/Glints2/dict_0000_0136" 6679
"/Engine/EngineMaterials/Substrate/Glints2/dict_0000_0135" 6680
"/Engine/EngineMaterials/Substrate/Glints2/dict_0000_0134" 6681
"/Engine/EngineMaterials/Substrate/Glints2/dict_0000_0133" 6682
"/Engine/EngineMaterials/Substrate/Glints2/dict_0000_0132" 6683
"/Engine/EngineMaterials/Substrate/Glints2/dict_0000_0131" 6684
"/Engine/EngineMaterials/Substrate/Glints2/dict_0000_0130" 6685
"/Engine/EngineMaterials/Substrate/Glints2/dict_0000_0129" 6686
"/Engine/EngineMaterials/Substrate/Glints2/dict_0000_0128" 6687
"/Engine/EngineMaterials/Substrate/Glints2/dict_0000_0126" 6688
"/Engine/EngineMaterials/Substrate/Glints2/dict_0000_0154" 6689
"../../../Engine/Content/EngineMaterials/Substrate/Glints2/dict_0000_0159.uasset" 6690
"../../../Engine/Content/EngineMaterials/Substrate/Glints2/dict_0000_0160.uasset" 6691
"../../../Engine/Content/EngineMaterials/Substrate/Glints2/dict_0000_0161.uasset" 6692
"/Engine/EngineMaterials/Substrate/Glints2/dict_0000_0158" 6693
"../../../Engine/Content/EngineMaterials/Substrate/Glints2/dict_0000_0163.uasset" 6694
"../../../Engine/Content/EngineMaterials/Substrate/Glints2/dict_0000_0168.uasset" 6695
"../../../Engine/Content/EngineMaterials/Substrate/Glints2/dict_0000_0164.uasset" 6696
"../../../Engine/Content/EngineMaterials/Substrate/Glints2/dict_0000_0171.uasset" 6697
"../../../Engine/Content/EngineMaterials/Substrate/Glints2/dict_0000_0172.uasset" 6698
"../../../Engine/Content/EngineMaterials/Substrate/Glints2/dict_0000_0176.uasset" 6699
"../../../Engine/Content/EngineMaterials/Substrate/Glints2/dict_0000_0173.uasset" 6700
"../../../Engine/Content/EngineMaterials/Substrate/Glints2/dict_0000_0177.uasset" 6701
"../../../Engine/Content/EngineMaterials/Substrate/Glints2/dict_0000_0162.uasset" 6702
"../../../Engine/Content/EngineMaterials/Substrate/Glints2/dict_0000_0175.uasset" 6703
"../../../Engine/Content/EngineMaterials/Substrate/Glints2/dict_0000_0179.uasset" 6704
"../../../Engine/Content/EngineMaterials/Substrate/Glints2/dict_0000_0180.uasset" 6705
"../../../Engine/Content/EngineMaterials/Substrate/Glints2/dict_0000_0178.uasset" 6706
"../../../Engine/Content/EngineMaterials/Substrate/Glints2/dict_0000_0181.uasset" 6707
"../../../Engine/Content/EngineMaterials/Substrate/Glints2/dict_0000_0183.uasset" 6708
"../../../Engine/Content/EngineMaterials/Substrate/Glints2/dict_0000_0169.uasset" 6709
"../../../Engine/Content/EngineMaterials/Substrate/Glints2/dict_0000_0185.uasset" 6710
"../../../Engine/Content/EngineMaterials/Substrate/Glints2/dict_0000_0182.uasset" 6711
"../../../Engine/Content/EngineMaterials/Substrate/Glints2/dict_0000_0170.uasset" 6712
"../../../Engine/Content/EngineMaterials/Substrate/Glints2/dict_0000_0166.uasset" 6713
"../../../Engine/Content/EngineMaterials/Substrate/Glints2/dict_0000_0186.uasset" 6714
"../../../Engine/Content/EngineMaterials/Substrate/Glints2/dict_0000_0167.uasset" 6715
"../../../Engine/Content/EngineMaterials/Substrate/Glints2/dict_0000_0184.uasset" 6716
"../../../Engine/Content/EngineMaterials/Substrate/Glints2/dict_0000_0174.uasset" 6717
"../../../Engine/Content/EngineMaterials/Substrate/Glints2/dict_0000_0165.uasset" 6718
"/Engine/EngineMaterials/Substrate/Glints2/dict_0000_0157" 6719
"/Engine/EngineMaterials/Substrate/Glints2/dict_0000_0156" 6720
"/Engine/EngineMaterials/Substrate/Glints2/dict_0000_0155" 6721
"../../../Engine/Content/EngineMaterials/Substrate/Glints2/dict_0000_0187.uasset" 6722
"../../../Engine/Content/EngineMaterials/Substrate/Glints2/dict_0000_0188.uasset" 6723
"../../../Engine/Content/EngineMaterials/Substrate/Glints2/dict_0000_0189.uasset" 6724
"/Engine/EngineMaterials/Substrate/Glints2/dict_0000_0186" 6725
"../../../Engine/Content/EngineMaterials/Substrate/Glints2/dict_0000_0190.uasset" 6726
"/Engine/EngineMaterials/Substrate/Glints2/dict_0000_0185" 6727
"/Engine/EngineMaterials/Substrate/Glints2/dict_0000_0184" 6728
"/Engine/EngineMaterials/Substrate/Glints2/dict_0000_0183" 6729
"/Engine/EngineMaterials/Substrate/Glints2/dict_0000_0182" 6730
"/Engine/EngineMaterials/Substrate/Glints2/dict_0000_0181" 6731
"/Engine/EngineMaterials/Substrate/Glints2/dict_0000_0180" 6732
"/Engine/EngineMaterials/Substrate/Glints2/dict_0000_0179" 6733
"/Engine/EngineMaterials/Substrate/Glints2/dict_0000_0178" 6734
"/Engine/EngineMaterials/Substrate/Glints2/dict_0000_0177" 6735
"/Engine/EngineMaterials/Substrate/Glints2/dict_0000_0176" 6736
"/Engine/EngineMaterials/Substrate/Glints2/dict_0000_0175" 6737
"/Engine/EngineMaterials/Substrate/Glints2/dict_0000_0174" 6738
"/Engine/EngineMaterials/Substrate/Glints2/dict_0000_0173" 6739
"/Engine/EngineMaterials/Substrate/Glints2/dict_0000_0172" 6740
"/Engine/EngineMaterials/Substrate/Glints2/dict_0000_0171" 6741
"/Engine/EngineMaterials/Substrate/Glints2/dict_0000_0170" 6742
"/Engine/EngineMaterials/Substrate/Glints2/dict_0000_0169" 6743
"/Engine/EngineMaterials/Substrate/Glints2/dict_0000_0168" 6744
"/Engine/EngineMaterials/Substrate/Glints2/dict_0000_0167" 6745
"/Engine/EngineMaterials/Substrate/Glints2/dict_0000_0166" 6746
"/Engine/EngineMaterials/Substrate/Glints2/dict_0000_0165" 6747
"/Engine/EngineMaterials/Substrate/Glints2/dict_0000_0164" 6748
"/Engine/EngineMaterials/Substrate/Glints2/dict_0000_0163" 6749
"/Engine/EngineMaterials/Substrate/Glints2/dict_0000_0162" 6750
"/Engine/EngineMaterials/Substrate/Glints2/dict_0000_0161" 6751
"/Engine/EngineMaterials/Substrate/Glints2/dict_0000_0160" 6752
"/Engine/EngineMaterials/Substrate/Glints2/dict_0000_0159" 6753
"../../../Engine/Content/EngineMaterials/Substrate/Glints2/dict_0000_0191.uasset" 6754
"../../../Engine/Content/EngineMaterials/Substrate/Glints2/dict_0000_0197.uasset" 6755
"../../../Engine/Content/EngineMaterials/Substrate/Glints2/dict_0000_0201.uasset" 6756
"../../../Engine/Content/EngineMaterials/Substrate/Glints2/dict_0000_0196.uasset" 6757
"../../../Engine/Content/EngineMaterials/Substrate/Glints2/dict_0000_0202.uasset" 6758
"../../../Engine/Content/EngineMaterials/Substrate/Glints2/dict_0000_0203.uasset" 6759
"../../../Engine/Content/EngineMaterials/Substrate/Glints2/dict_0000_0210.uasset" 6760
"../../../Engine/Content/EngineMaterials/Substrate/Glints2/dict_0000_0208.uasset" 6761
"../../../Engine/Content/EngineMaterials/Substrate/Glints2/dict_0000_0207.uasset" 6762
"../../../Engine/Content/EngineMaterials/Substrate/Glints2/dict_0000_0212.uasset" 6763
"../../../Engine/Content/EngineMaterials/Substrate/Glints2/dict_0000_0194.uasset" 6764
"../../../Engine/Content/EngineMaterials/Substrate/Glints2/dict_0000_0200.uasset" 6765
"../../../Engine/Content/EngineMaterials/Substrate/Glints2/dict_0000_0204.uasset" 6766
"/Engine/EngineMaterials/Substrate/Glints2/dict_0000_0190" 6767
"../../../Engine/Content/EngineMaterials/Substrate/Glints2/dict_0000_0205.uasset" 6768
"../../../Engine/Content/EngineMaterials/Substrate/Glints2/dict_0000_0192.uasset" 6769
"../../../Engine/Content/EngineMaterials/Substrate/Glints2/dict_0000_0217.uasset" 6770
"../../../Engine/Content/EngineMaterials/Substrate/Glints2/dict_0000_0216.uasset" 6771
"../../../Engine/Content/EngineMaterials/Substrate/Glints2/dict_0000_0193.uasset" 6772
"../../../Engine/Content/EngineMaterials/Substrate/Glints2/dict_0000_0206.uasset" 6773
"../../../Engine/Content/EngineMaterials/Substrate/Glints2/dict_0000_0218.uasset" 6774
"../../../Engine/Content/EngineMaterials/Substrate/Glints2/dict_0000_0211.uasset" 6775
"../../../Engine/Content/EngineMaterials/Substrate/Glints2/dict_0000_0213.uasset" 6776
"../../../Engine/Content/EngineMaterials/Substrate/Glints2/dict_0000_0198.uasset" 6777
"../../../Engine/Content/EngineMaterials/Substrate/Glints2/dict_0000_0209.uasset" 6778
"../../../Engine/Content/EngineMaterials/Substrate/Glints2/dict_0000_0214.uasset" 6779
"../../../Engine/Content/EngineMaterials/Substrate/Glints2/dict_0000_0195.uasset" 6780
"../../../Engine/Content/EngineMaterials/Substrate/Glints2/dict_0000_0215.uasset" 6781
"../../../Engine/Content/EngineMaterials/Substrate/Glints2/dict_0000_0199.uasset" 6782
"/Engine/EngineMaterials/Substrate/Glints2/dict_0000_0189" 6783
"/Engine/EngineMaterials/Substrate/Glints2/dict_0000_0188" 6784
"/Engine/EngineMaterials/Substrate/Glints2/dict_0000_0187" 6785
"../../../Engine/Content/EngineMaterials/Substrate/Glints2/dict_0000_0219.uasset" 6786
"../../../Engine/Content/EngineMaterials/Substrate/Glints2/dict_0000_0220.uasset" 6787
"../../../Engine/Content/EngineMaterials/Substrate/Glints2/dict_0000_0221.uasset" 6788
"../../../Engine/Content/EngineMaterials/Substrate/Glints2/dict_0000_0222.uasset" 6789
"/Engine/EngineMaterials/Substrate/Glints2/dict_0000_0218" 6790
"/Engine/EngineMaterials/Substrate/Glints2/dict_0000_0217" 6791
"/Engine/EngineMaterials/Substrate/Glints2/dict_0000_0216" 6792
"/Engine/EngineMaterials/Substrate/Glints2/dict_0000_0215" 6793
"/Engine/EngineMaterials/Substrate/Glints2/dict_0000_0214" 6794
"/Engine/EngineMaterials/Substrate/Glints2/dict_0000_0213" 6795
"/Engine/EngineMaterials/Substrate/Glints2/dict_0000_0212" 6796
"/Engine/EngineMaterials/Substrate/Glints2/dict_0000_0211" 6797
"/Engine/EngineMaterials/Substrate/Glints2/dict_0000_0210" 6798
"/Engine/EngineMaterials/Substrate/Glints2/dict_0000_0209" 6799
"/Engine/EngineMaterials/Substrate/Glints2/dict_0000_0208" 6800
"/Engine/EngineMaterials/Substrate/Glints2/dict_0000_0207" 6801
"/Engine/EngineMaterials/Substrate/Glints2/dict_0000_0206" 6802
"/Engine/EngineMaterials/Substrate/Glints2/dict_0000_0205" 6803
"/Engine/EngineMaterials/Substrate/Glints2/dict_0000_0204" 6804
"/Engine/EngineMaterials/Substrate/Glints2/dict_0000_0203" 6805
"/Engine/EngineMaterials/Substrate/Glints2/dict_0000_0202" 6806
"/Engine/EngineMaterials/Substrate/Glints2/dict_0000_0201" 6807
"/Engine/EngineMaterials/Substrate/Glints2/dict_0000_0200" 6808
"/Engine/EngineMaterials/Substrate/Glints2/dict_0000_0199" 6809
"/Engine/EngineMaterials/Substrate/Glints2/dict_0000_0198" 6810
"/Engine/EngineMaterials/Substrate/Glints2/dict_0000_0197" 6811
"/Engine/EngineMaterials/Substrate/Glints2/dict_0000_0196" 6812
"/Engine/EngineMaterials/Substrate/Glints2/dict_0000_0195" 6813
"/Engine/EngineMaterials/Substrate/Glints2/dict_0000_0194" 6814
"/Engine/EngineMaterials/Substrate/Glints2/dict_0000_0193" 6815
"/Engine/EngineMaterials/Substrate/Glints2/dict_0000_0192" 6816
"/Engine/EngineMaterials/Substrate/Glints2/dict_0000_0191" 6817
"../../../Engine/Content/EngineMaterials/Substrate/Glints2/dict_0000_0228.uasset" 6818
"../../../Engine/Content/EngineMaterials/Substrate/Glints2/dict_0000_0229.uasset" 6819
"../../../Engine/Content/EngineMaterials/Substrate/Glints2/dict_0000_0227.uasset" 6820
"/Engine/EngineMaterials/Substrate/Glints2/dict_0000_0222" 6821
"../../../Engine/Content/EngineMaterials/Substrate/Glints2/dict_0000_0231.uasset" 6822
"../../../Engine/Content/EngineMaterials/Substrate/Glints2/dict_0000_0235.uasset" 6823
"../../../Engine/Content/EngineMaterials/Substrate/Glints2/dict_0000_0224.uasset" 6824
"../../../Engine/Content/EngineMaterials/Substrate/Glints2/dict_0000_0233.uasset" 6825
"../../../Engine/Content/EngineMaterials/Substrate/Glints2/dict_0000_0238.uasset" 6826
"../../../Engine/Content/EngineMaterials/Substrate/Glints2/dict_0000_0240.uasset" 6827
"../../../Engine/Content/EngineMaterials/Substrate/Glints2/dict_0000_0237.uasset" 6828
"../../../Engine/Content/EngineMaterials/Substrate/Glints2/dict_0000_0242.uasset" 6829
"../../../Engine/Content/EngineMaterials/Substrate/Glints2/dict_0000_0239.uasset" 6830
"../../../Engine/Content/EngineMaterials/Substrate/Glints2/dict_0000_0223.uasset" 6831
"../../../Engine/Content/EngineMaterials/Substrate/Glints2/dict_0000_0245.uasset" 6832
"../../../Engine/Content/EngineMaterials/Substrate/Glints2/dict_0000_0244.uasset" 6833
"../../../Engine/Content/EngineMaterials/Substrate/Glints2/dict_0000_0232.uasset" 6834
"../../../Engine/Content/EngineMaterials/Substrate/Glints2/dict_0000_0249.uasset" 6835
"../../../Engine/Content/EngineMaterials/Substrate/Glints2/dict_0000_0248.uasset" 6836
"../../../Engine/Content/EngineMaterials/Substrate/Glints2/dict_0000_0234.uasset" 6837
"../../../Engine/Content/EngineMaterials/Substrate/Glints2/dict_0000_0241.uasset" 6838
"../../../Engine/Content/EngineMaterials/Substrate/Glints2/dict_0000_0246.uasset" 6839
"../../../Engine/Content/EngineMaterials/Substrate/Glints2/dict_0000_0250.uasset" 6840
"../../../Engine/Content/EngineMaterials/Substrate/Glints2/dict_0000_0225.uasset" 6841
"../../../Engine/Content/EngineMaterials/Substrate/Glints2/dict_0000_0226.uasset" 6842
"../../../Engine/Content/EngineMaterials/Substrate/Glints2/dict_0000_0243.uasset" 6843
"../../../Engine/Content/EngineMaterials/Substrate/Glints2/dict_0000_0230.uasset" 6844
"../../../Engine/Content/EngineMaterials/Substrate/Glints2/dict_0000_0236.uasset" 6845
"../../../Engine/Content/EngineMaterials/Substrate/Glints2/dict_0000_0247.uasset" 6846
"/Engine/EngineMaterials/Substrate/Glints2/dict_0000_0221" 6847
"/Engine/EngineMaterials/Substrate/Glints2/dict_0000_0220" 6848
"/Engine/EngineMaterials/Substrate/Glints2/dict_0000_0219" 6849
"../../../Engine/Content/EngineMaterials/Substrate/Glints2/dict_0000_0251.uasset" 6850
"../../../Engine/Content/EngineMaterials/Substrate/Glints2/dict_0000_0253.uasset" 6851
"../../../Engine/Content/EngineMaterials/Substrate/Glints2/dict_0000_0252.uasset" 6852
"/Engine/EngineMaterials/Substrate/Glints2/dict_0000_0250" 6853
"../../../Engine/Content/EngineMaterials/Substrate/Glints2/dict_0000_0254.uasset" 6854
"/Engine/EngineMaterials/Substrate/Glints2/dict_0000_0249" 6855
"/Engine/EngineMaterials/Substrate/Glints2/dict_0000_0248" 6856
"/Engine/EngineMaterials/Substrate/Glints2/dict_0000_0247" 6857
"/Engine/EngineMaterials/Substrate/Glints2/dict_0000_0246" 6858
"/Engine/EngineMaterials/Substrate/Glints2/dict_0000_0245" 6859
"/Engine/EngineMaterials/Substrate/Glints2/dict_0000_0244" 6860
"/Engine/EngineMaterials/Substrate/Glints2/dict_0000_0243" 6861
"/Engine/EngineMaterials/Substrate/Glints2/dict_0000_0242" 6862
"/Engine/EngineMaterials/Substrate/Glints2/dict_0000_0241" 6863
"/Engine/EngineMaterials/Substrate/Glints2/dict_0000_0240" 6864
"/Engine/EngineMaterials/Substrate/Glints2/dict_0000_0239" 6865
"/Engine/EngineMaterials/Substrate/Glints2/dict_0000_0238" 6866
"/Engine/EngineMaterials/Substrate/Glints2/dict_0000_0237" 6867
"/Engine/EngineMaterials/Substrate/Glints2/dict_0000_0236" 6868
"/Engine/EngineMaterials/Substrate/Glints2/dict_0000_0235" 6869
"/Engine/EngineMaterials/Substrate/Glints2/dict_0000_0234" 6870
"/Engine/EngineMaterials/Substrate/Glints2/dict_0000_0233" 6871
"/Engine/EngineMaterials/Substrate/Glints2/dict_0000_0232" 6872
"/Engine/EngineMaterials/Substrate/Glints2/dict_0000_0231" 6873
"/Engine/EngineMaterials/Substrate/Glints2/dict_0000_0230" 6874
"/Engine/EngineMaterials/Substrate/Glints2/dict_0000_0229" 6875
"/Engine/EngineMaterials/Substrate/Glints2/dict_0000_0228" 6876
"/Engine/EngineMaterials/Substrate/Glints2/dict_0000_0227" 6877
"/Engine/EngineMaterials/Substrate/Glints2/dict_0000_0226" 6878
"/Engine/EngineMaterials/Substrate/Glints2/dict_0000_0225" 6879
"/Engine/EngineMaterials/Substrate/Glints2/dict_0000_0224" 6880
"/Engine/EngineMaterials/Substrate/Glints2/dict_0000_0223" 6881
"../../../Engine/Content/EngineMaterials/Substrate/Glints2/dict_0001_0000.uasset" 6882
"../../../Engine/Content/EngineMaterials/Substrate/Glints2/dict_0001_0001.uasset" 6883
"../../../Engine/Content/EngineMaterials/Substrate/Glints2/dict_0001_0002.uasset" 6884
"../../../Engine/Content/EngineMaterials/Substrate/Glints2/dict_0001_0005.uasset" 6885
"../../../Engine/Content/EngineMaterials/Substrate/Glints2/dict_0001_0004.uasset" 6886
"../../../Engine/Content/EngineMaterials/Substrate/Glints2/dict_0001_0010.uasset" 6887
"../../../Engine/Content/EngineMaterials/Substrate/Glints2/dict_0001_0007.uasset" 6888
"../../../Engine/Content/EngineMaterials/Substrate/Glints2/dict_0001_0013.uasset" 6889
"/Engine/EngineMaterials/Substrate/Glints2/dict_0000_0254" 6890
"../../../Engine/Content/EngineMaterials/Substrate/Glints2/dict_0001_0011.uasset" 6891
"../../../Engine/Content/EngineMaterials/Substrate/Glints2/dict_0001_0015.uasset" 6892
"../../../Engine/Content/EngineMaterials/Substrate/Glints2/dict_0001_0008.uasset" 6893
"../../../Engine/Content/EngineMaterials/Substrate/Glints2/dict_0001_0017.uasset" 6894
"../../../Engine/Content/EngineMaterials/Substrate/Glints2/dict_0001_0019.uasset" 6895
"../../../Engine/Content/EngineMaterials/Substrate/Glints2/dict_0001_0012.uasset" 6896
"../../../Engine/Content/EngineMaterials/Substrate/Glints2/dict_0001_0014.uasset" 6897
"../../../Engine/Content/EngineMaterials/Substrate/Glints2/dict_0001_0021.uasset" 6898
"../../../Engine/Content/EngineMaterials/Substrate/Glints2/dict_0001_0003.uasset" 6899
"../../../Engine/Content/EngineMaterials/Substrate/Glints2/dict_0001_0024.uasset" 6900
"../../../Engine/Content/EngineMaterials/Substrate/Glints2/dict_0000_0255.uasset" 6901
"../../../Engine/Content/EngineMaterials/Substrate/Glints2/dict_0001_0022.uasset" 6902
"../../../Engine/Content/EngineMaterials/Substrate/Glints2/dict_0001_0026.uasset" 6903
"../../../Engine/Content/EngineMaterials/Substrate/Glints2/dict_0001_0025.uasset" 6904
"../../../Engine/Content/EngineMaterials/Substrate/Glints2/dict_0001_0023.uasset" 6905
"../../../Engine/Content/EngineMaterials/Substrate/Glints2/dict_0001_0018.uasset" 6906
"../../../Engine/Content/EngineMaterials/Substrate/Glints2/dict_0001_0006.uasset" 6907
"../../../Engine/Content/EngineMaterials/Substrate/Glints2/dict_0001_0020.uasset" 6908
"../../../Engine/Content/EngineMaterials/Substrate/Glints2/dict_0001_0009.uasset" 6909
"../../../Engine/Content/EngineMaterials/Substrate/Glints2/dict_0001_0016.uasset" 6910
"/Engine/EngineMaterials/Substrate/Glints2/dict_0000_0253" 6911
"/Engine/EngineMaterials/Substrate/Glints2/dict_0000_0252" 6912
"/Engine/EngineMaterials/Substrate/Glints2/dict_0000_0251" 6913
"../../../Engine/Content/EngineMaterials/Substrate/Glints2/dict_0001_0027.uasset" 6914
"../../../Engine/Content/EngineMaterials/Substrate/Glints2/dict_0001_0028.uasset" 6915
"/Engine/EngineMaterials/Substrate/Glints2/dict_0001_0026" 6916
"../../../Engine/Content/EngineMaterials/Substrate/Glints2/dict_0001_0029.uasset" 6917
"../../../Engine/Content/EngineMaterials/Substrate/Glints2/dict_0001_0030.uasset" 6918
"/Engine/EngineMaterials/Substrate/Glints2/dict_0001_0025" 6919
"/Engine/EngineMaterials/Substrate/Glints2/dict_0001_0024" 6920
"/Engine/EngineMaterials/Substrate/Glints2/dict_0001_0023" 6921
"/Engine/EngineMaterials/Substrate/Glints2/dict_0001_0022" 6922
"/Engine/EngineMaterials/Substrate/Glints2/dict_0001_0021" 6923
"/Engine/EngineMaterials/Substrate/Glints2/dict_0001_0020" 6924
"/Engine/EngineMaterials/Substrate/Glints2/dict_0001_0019" 6925
"/Engine/EngineMaterials/Substrate/Glints2/dict_0001_0018" 6926
"/Engine/EngineMaterials/Substrate/Glints2/dict_0001_0017" 6927
"/Engine/EngineMaterials/Substrate/Glints2/dict_0001_0016" 6928
"/Engine/EngineMaterials/Substrate/Glints2/dict_0001_0015" 6929
"/Engine/EngineMaterials/Substrate/Glints2/dict_0001_0014" 6930
"/Engine/EngineMaterials/Substrate/Glints2/dict_0001_0013" 6931
"/Engine/EngineMaterials/Substrate/Glints2/dict_0001_0012" 6932
"/Engine/EngineMaterials/Substrate/Glints2/dict_0001_0011" 6933
"/Engine/EngineMaterials/Substrate/Glints2/dict_0001_0010" 6934
"/Engine/EngineMaterials/Substrate/Glints2/dict_0001_0009" 6935
"/Engine/EngineMaterials/Substrate/Glints2/dict_0001_0008" 6936
"/Engine/EngineMaterials/Substrate/Glints2/dict_0001_0007" 6937
"/Engine/EngineMaterials/Substrate/Glints2/dict_0001_0006" 6938
"/Engine/EngineMaterials/Substrate/Glints2/dict_0001_0005" 6939
"/Engine/EngineMaterials/Substrate/Glints2/dict_0001_0004" 6940
"/Engine/EngineMaterials/Substrate/Glints2/dict_0001_0003" 6941
"/Engine/EngineMaterials/Substrate/Glints2/dict_0001_0002" 6942
"/Engine/EngineMaterials/Substrate/Glints2/dict_0001_0001" 6943
"/Engine/EngineMaterials/Substrate/Glints2/dict_0001_0000" 6944
"/Engine/EngineMaterials/Substrate/Glints2/dict_0001_0027" 6945
"/Engine/EngineMaterials/Substrate/Glints2/dict_0000_0255" 6946
"../../../Engine/Content/EngineMaterials/Substrate/Glints2/dict_0001_0032.uasset" 6947
"../../../Engine/Content/EngineMaterials/Substrate/Glints2/dict_0001_0037.uasset" 6948
"../../../Engine/Content/EngineMaterials/Substrate/Glints2/dict_0001_0039.uasset" 6949
"../../../Engine/Content/EngineMaterials/Substrate/Glints2/dict_0001_0038.uasset" 6950
"../../../Engine/Content/EngineMaterials/Substrate/Glints2/dict_0001_0036.uasset" 6951
"../../../Engine/Content/EngineMaterials/Substrate/Glints2/dict_0001_0040.uasset" 6952
"../../../Engine/Content/EngineMaterials/Substrate/Glints2/dict_0001_0043.uasset" 6953
"../../../Engine/Content/EngineMaterials/Substrate/Glints2/dict_0001_0046.uasset" 6954
"../../../Engine/Content/EngineMaterials/Substrate/Glints2/dict_0001_0035.uasset" 6955
"../../../Engine/Content/EngineMaterials/Substrate/Glints2/dict_0001_0047.uasset" 6956
"../../../Engine/Content/EngineMaterials/Substrate/Glints2/dict_0001_0042.uasset" 6957
"../../../Engine/Content/EngineMaterials/Substrate/Glints2/dict_0001_0045.uasset" 6958
"../../../Engine/Content/EngineMaterials/Substrate/Glints2/dict_0001_0031.uasset" 6959
"/Engine/EngineMaterials/Substrate/Glints2/dict_0001_0030" 6960
"../../../Engine/Content/EngineMaterials/Substrate/Glints2/dict_0001_0049.uasset" 6961
"../../../Engine/Content/EngineMaterials/Substrate/Glints2/dict_0001_0052.uasset" 6962
"../../../Engine/Content/EngineMaterials/Substrate/Glints2/dict_0001_0050.uasset" 6963
"../../../Engine/Content/EngineMaterials/Substrate/Glints2/dict_0001_0053.uasset" 6964
"../../../Engine/Content/EngineMaterials/Substrate/Glints2/dict_0001_0055.uasset" 6965
"../../../Engine/Content/EngineMaterials/Substrate/Glints2/dict_0001_0057.uasset" 6966
"../../../Engine/Content/EngineMaterials/Substrate/Glints2/dict_0001_0058.uasset" 6967
"../../../Engine/Content/EngineMaterials/Substrate/Glints2/dict_0001_0051.uasset" 6968
"../../../Engine/Content/EngineMaterials/Substrate/Glints2/dict_0001_0059.uasset" 6969
"../../../Engine/Content/EngineMaterials/Substrate/Glints2/dict_0001_0034.uasset" 6970
"../../../Engine/Content/EngineMaterials/Substrate/Glints2/dict_0001_0054.uasset" 6971
"../../../Engine/Content/EngineMaterials/Substrate/Glints2/dict_0001_0044.uasset" 6972
"../../../Engine/Content/EngineMaterials/Substrate/Glints2/dict_0001_0033.uasset" 6973
"../../../Engine/Content/EngineMaterials/Substrate/Glints2/dict_0001_0056.uasset" 6974
"../../../Engine/Content/EngineMaterials/Substrate/Glints2/dict_0001_0048.uasset" 6975
"../../../Engine/Content/EngineMaterials/Substrate/Glints2/dict_0001_0041.uasset" 6976
"/Engine/EngineMaterials/Substrate/Glints2/dict_0001_0029" 6977
"/Engine/EngineMaterials/Substrate/Glints2/dict_0001_0028" 6978
"../../../Engine/Content/EngineMaterials/Substrate/Glints2/dict_0001_0062.uasset" 6979
"../../../Engine/Content/EngineMaterials/Substrate/Glints2/dict_0001_0061.uasset" 6980
"../../../Engine/Content/EngineMaterials/Substrate/Glints2/dict_0001_0060.uasset" 6981
"/Engine/EngineMaterials/Substrate/Glints2/dict_0001_0059" 6982
"/Engine/EngineMaterials/Substrate/Glints2/dict_0001_0058" 6983
"/Engine/EngineMaterials/Substrate/Glints2/dict_0001_0057" 6984
"/Engine/EngineMaterials/Substrate/Glints2/dict_0001_0056" 6985
"/Engine/EngineMaterials/Substrate/Glints2/dict_0001_0055" 6986
"/Engine/EngineMaterials/Substrate/Glints2/dict_0001_0054" 6987
"/Engine/EngineMaterials/Substrate/Glints2/dict_0001_0053" 6988
"/Engine/EngineMaterials/Substrate/Glints2/dict_0001_0052" 6989
"/Engine/EngineMaterials/Substrate/Glints2/dict_0001_0051" 6990
"/Engine/EngineMaterials/Substrate/Glints2/dict_0001_0050" 6991
"/Engine/EngineMaterials/Substrate/Glints2/dict_0001_0049" 6992
"/Engine/EngineMaterials/Substrate/Glints2/dict_0001_0048" 6993
"/Engine/EngineMaterials/Substrate/Glints2/dict_0001_0047" 6994
"/Engine/EngineMaterials/Substrate/Glints2/dict_0001_0046" 6995
"/Engine/EngineMaterials/Substrate/Glints2/dict_0001_0045" 6996
"/Engine/EngineMaterials/Substrate/Glints2/dict_0001_0044" 6997
"/Engine/EngineMaterials/Substrate/Glints2/dict_0001_0043" 6998
"/Engine/EngineMaterials/Substrate/Glints2/dict_0001_0042" 6999
"/Engine/EngineMaterials/Substrate/Glints2/dict_0001_0041" 7000
"/Engine/EngineMaterials/Substrate/Glints2/dict_0001_0040" 7001
"/Engine/EngineMaterials/Substrate/Glints2/dict_0001_0039" 7002
"/Engine/EngineMaterials/Substrate/Glints2/dict_0001_0038" 7003
"/Engine/EngineMaterials/Substrate/Glints2/dict_0001_0037" 7004
"/Engine/EngineMaterials/Substrate/Glints2/dict_0001_0036" 7005
"/Engine/EngineMaterials/Substrate/Glints2/dict_0001_0035" 7006
"/Engine/EngineMaterials/Substrate/Glints2/dict_0001_0034" 7007
"/Engine/EngineMaterials/Substrate/Glints2/dict_0001_0033" 7008
"/Engine/EngineMaterials/Substrate/Glints2/dict_0001_0032" 7009
"/Engine/EngineMaterials/Substrate/Glints2/dict_0001_0031" 7010
"../../../Engine/Content/EngineMaterials/Substrate/Glints2/dict_0001_0065.uasset" 7011
"../../../Engine/Content/EngineMaterials/Substrate/Glints2/dict_0001_0064.uasset" 7012
"../../../Engine/Content/EngineMaterials/Substrate/Glints2/dict_0001_0067.uasset" 7013
"../../../Engine/Content/EngineMaterials/Substrate/Glints2/dict_0001_0066.uasset" 7014
"../../../Engine/Content/EngineMaterials/Substrate/Glints2/dict_0001_0074.uasset" 7015
"../../../Engine/Content/EngineMaterials/Substrate/Glints2/dict_0001_0078.uasset" 7016
"/Engine/EngineMaterials/Substrate/Glints2/dict_0001_0062" 7017
"../../../Engine/Content/EngineMaterials/Substrate/Glints2/dict_0001_0075.uasset" 7018
"../../../Engine/Content/EngineMaterials/Substrate/Glints2/dict_0001_0077.uasset" 7019
"../../../Engine/Content/EngineMaterials/Substrate/Glints2/dict_0001_0070.uasset" 7020
"../../../Engine/Content/EngineMaterials/Substrate/Glints2/dict_0001_0083.uasset" 7021
"../../../Engine/Content/EngineMaterials/Substrate/Glints2/dict_0001_0084.uasset" 7022
"../../../Engine/Content/EngineMaterials/Substrate/Glints2/dict_0001_0063.uasset" 7023
"../../../Engine/Content/EngineMaterials/Substrate/Glints2/dict_0001_0072.uasset" 7024
"../../../Engine/Content/EngineMaterials/Substrate/Glints2/dict_0001_0079.uasset" 7025
"../../../Engine/Content/EngineMaterials/Substrate/Glints2/dict_0001_0085.uasset" 7026
"../../../Engine/Content/EngineMaterials/Substrate/Glints2/dict_0001_0086.uasset" 7027
"../../../Engine/Content/EngineMaterials/Substrate/Glints2/dict_0001_0071.uasset" 7028
"../../../Engine/Content/EngineMaterials/Substrate/Glints2/dict_0001_0087.uasset" 7029
"../../../Engine/Content/EngineMaterials/Substrate/Glints2/dict_0001_0089.uasset" 7030
"../../../Engine/Content/EngineMaterials/Substrate/Glints2/dict_0001_0090.uasset" 7031
"../../../Engine/Content/EngineMaterials/Substrate/Glints2/dict_0001_0081.uasset" 7032
"../../../Engine/Content/EngineMaterials/Substrate/Glints2/dict_0001_0082.uasset" 7033
"../../../Engine/Content/EngineMaterials/Substrate/Glints2/dict_0001_0076.uasset" 7034
"../../../Engine/Content/EngineMaterials/Substrate/Glints2/dict_0001_0073.uasset" 7035
"../../../Engine/Content/EngineMaterials/Substrate/Glints2/dict_0001_0068.uasset" 7036
"../../../Engine/Content/EngineMaterials/Substrate/Glints2/dict_0001_0069.uasset" 7037
"/Engine/EngineMaterials/Substrate/Glints2/dict_0001_0061" 7038
"../../../Engine/Content/EngineMaterials/Substrate/Glints2/dict_0001_0080.uasset" 7039
"../../../Engine/Content/EngineMaterials/Substrate/Glints2/dict_0001_0088.uasset" 7040
"../../../Engine/Content/EngineMaterials/Substrate/Glints2/dict_0001_0091.uasset" 7041
"/Engine/EngineMaterials/Substrate/Glints2/dict_0001_0060" 7042
"../../../Engine/Content/EngineMaterials/Substrate/Glints2/dict_0001_0093.uasset" 7043
"../../../Engine/Content/EngineMaterials/Substrate/Glints2/dict_0001_0092.uasset" 7044
"../../../Engine/Content/EngineMaterials/Substrate/Glints2/dict_0001_0094.uasset" 7045
"/Engine/EngineMaterials/Substrate/Glints2/dict_0001_0091" 7046
"/Engine/EngineMaterials/Substrate/Glints2/dict_0001_0090" 7047
"/Engine/EngineMaterials/Substrate/Glints2/dict_0001_0089" 7048
"/Engine/EngineMaterials/Substrate/Glints2/dict_0001_0088" 7049
"/Engine/EngineMaterials/Substrate/Glints2/dict_0001_0087" 7050
"/Engine/EngineMaterials/Substrate/Glints2/dict_0001_0086" 7051
"/Engine/EngineMaterials/Substrate/Glints2/dict_0001_0085" 7052
"/Engine/EngineMaterials/Substrate/Glints2/dict_0001_0084" 7053
"/Engine/EngineMaterials/Substrate/Glints2/dict_0001_0083" 7054
"/Engine/EngineMaterials/Substrate/Glints2/dict_0001_0082" 7055
"/Engine/EngineMaterials/Substrate/Glints2/dict_0001_0081" 7056
"/Engine/EngineMaterials/Substrate/Glints2/dict_0001_0080" 7057
"/Engine/EngineMaterials/Substrate/Glints2/dict_0001_0079" 7058
"/Engine/EngineMaterials/Substrate/Glints2/dict_0001_0078" 7059
"/Engine/EngineMaterials/Substrate/Glints2/dict_0001_0077" 7060
"/Engine/EngineMaterials/Substrate/Glints2/dict_0001_0076" 7061
"/Engine/EngineMaterials/Substrate/Glints2/dict_0001_0075" 7062
"/Engine/EngineMaterials/Substrate/Glints2/dict_0001_0074" 7063
"/Engine/EngineMaterials/Substrate/Glints2/dict_0001_0073" 7064
"/Engine/EngineMaterials/Substrate/Glints2/dict_0001_0072" 7065
"/Engine/EngineMaterials/Substrate/Glints2/dict_0001_0071" 7066
"/Engine/EngineMaterials/Substrate/Glints2/dict_0001_0070" 7067
"/Engine/EngineMaterials/Substrate/Glints2/dict_0001_0069" 7068
"/Engine/EngineMaterials/Substrate/Glints2/dict_0001_0068" 7069
"/Engine/EngineMaterials/Substrate/Glints2/dict_0001_0067" 7070
"/Engine/EngineMaterials/Substrate/Glints2/dict_0001_0066" 7071
"/Engine/EngineMaterials/Substrate/Glints2/dict_0001_0065" 7072
"/Engine/EngineMaterials/Substrate/Glints2/dict_0001_0064" 7073
"/Engine/EngineMaterials/Substrate/Glints2/dict_0001_0063" 7074
"../../../Engine/Content/EngineMaterials/Substrate/Glints2/dict_0001_0095.uasset" 7075
"../../../Engine/Content/EngineMaterials/Substrate/Glints2/dict_0001_0096.uasset" 7076
"../../../Engine/Content/EngineMaterials/Substrate/Glints2/dict_0001_0097.uasset" 7077
"../../../Engine/Content/EngineMaterials/Substrate/Glints2/dict_0001_0100.uasset" 7078
"../../../Engine/Content/EngineMaterials/Substrate/Glints2/dict_0001_0098.uasset" 7079
"../../../Engine/Content/EngineMaterials/Substrate/Glints2/dict_0001_0102.uasset" 7080
"../../../Engine/Content/EngineMaterials/Substrate/Glints2/dict_0001_0101.uasset" 7081
"../../../Engine/Content/EngineMaterials/Substrate/Glints2/dict_0001_0104.uasset" 7082
"../../../Engine/Content/EngineMaterials/Substrate/Glints2/dict_0001_0103.uasset" 7083
"/Engine/EngineMaterials/Substrate/Glints2/dict_0001_0094" 7084
"../../../Engine/Content/EngineMaterials/Substrate/Glints2/dict_0001_0099.uasset" 7085
"../../../Engine/Content/EngineMaterials/Substrate/Glints2/dict_0001_0115.uasset" 7086
"../../../Engine/Content/EngineMaterials/Substrate/Glints2/dict_0001_0114.uasset" 7087
"../../../Engine/Content/EngineMaterials/Substrate/Glints2/dict_0001_0116.uasset" 7088
"../../../Engine/Content/EngineMaterials/Substrate/Glints2/dict_0001_0118.uasset" 7089
"../../../Engine/Content/EngineMaterials/Substrate/Glints2/dict_0001_0107.uasset" 7090
"../../../Engine/Content/EngineMaterials/Substrate/Glints2/dict_0001_0117.uasset" 7091
"../../../Engine/Content/EngineMaterials/Substrate/Glints2/dict_0001_0109.uasset" 7092
"../../../Engine/Content/EngineMaterials/Substrate/Glints2/dict_0001_0122.uasset" 7093
"../../../Engine/Content/EngineMaterials/Substrate/Glints2/dict_0001_0113.uasset" 7094
"../../../Engine/Content/EngineMaterials/Substrate/Glints2/dict_0001_0111.uasset" 7095
"../../../Engine/Content/EngineMaterials/Substrate/Glints2/dict_0001_0123.uasset" 7096
"../../../Engine/Content/EngineMaterials/Substrate/Glints2/dict_0001_0106.uasset" 7097
"../../../Engine/Content/EngineMaterials/Substrate/Glints2/dict_0001_0120.uasset" 7098
"../../../Engine/Content/EngineMaterials/Substrate/Glints2/dict_0001_0108.uasset" 7099
"../../../Engine/Content/EngineMaterials/Substrate/Glints2/dict_0001_0119.uasset" 7100
"../../../Engine/Content/EngineMaterials/Substrate/Glints2/dict_0001_0110.uasset" 7101
"../../../Engine/Content/EngineMaterials/Substrate/Glints2/dict_0001_0121.uasset" 7102
"/Engine/EngineMaterials/Substrate/Glints2/dict_0001_0093" 7103
"../../../Engine/Content/EngineMaterials/Substrate/Glints2/dict_0001_0112.uasset" 7104
"../../../Engine/Content/EngineMaterials/Substrate/Glints2/dict_0001_0105.uasset" 7105
"/Engine/EngineMaterials/Substrate/Glints2/dict_0001_0092" 7106
"/Engine/EngineMaterials/Substrate/Glints2/dict_0001_0096" 7107
"/Engine/EngineMaterials/Substrate/Glints2/dict_0001_0095" 7108
"../../../Engine/Content/EngineMaterials/Substrate/Glints2/dict_0001_0124.uasset" 7109
"../../../Engine/Content/EngineMaterials/Substrate/Glints2/dict_0001_0125.uasset" 7110
"../../../Engine/Content/EngineMaterials/Substrate/Glints2/dict_0001_0126.uasset" 7111
"../../../Engine/Content/EngineMaterials/Substrate/Glints2/dict_0001_0127.uasset" 7112
"../../../Engine/Content/EngineMaterials/Substrate/Glints2/dict_0001_0128.uasset" 7113
"/Engine/EngineMaterials/Substrate/Glints2/dict_0001_0123" 7114
"/Engine/EngineMaterials/Substrate/Glints2/dict_0001_0122" 7115
"/Engine/EngineMaterials/Substrate/Glints2/dict_0001_0121" 7116
"/Engine/EngineMaterials/Substrate/Glints2/dict_0001_0120" 7117
"/Engine/EngineMaterials/Substrate/Glints2/dict_0001_0119" 7118
"/Engine/EngineMaterials/Substrate/Glints2/dict_0001_0118" 7119
"/Engine/EngineMaterials/Substrate/Glints2/dict_0001_0117" 7120
"/Engine/EngineMaterials/Substrate/Glints2/dict_0001_0116" 7121
"/Engine/EngineMaterials/Substrate/Glints2/dict_0001_0115" 7122
"/Engine/EngineMaterials/Substrate/Glints2/dict_0001_0114" 7123
"/Engine/EngineMaterials/Substrate/Glints2/dict_0001_0113" 7124
"/Engine/EngineMaterials/Substrate/Glints2/dict_0001_0112" 7125
"/Engine/EngineMaterials/Substrate/Glints2/dict_0001_0111" 7126
"/Engine/EngineMaterials/Substrate/Glints2/dict_0001_0110" 7127
"/Engine/EngineMaterials/Substrate/Glints2/dict_0001_0109" 7128
"/Engine/EngineMaterials/Substrate/Glints2/dict_0001_0108" 7129
"/Engine/EngineMaterials/Substrate/Glints2/dict_0001_0107" 7130
"/Engine/EngineMaterials/Substrate/Glints2/dict_0001_0106" 7131
"/Engine/EngineMaterials/Substrate/Glints2/dict_0001_0105" 7132
"/Engine/EngineMaterials/Substrate/Glints2/dict_0001_0104" 7133
"/Engine/EngineMaterials/Substrate/Glints2/dict_0001_0103" 7134
"/Engine/EngineMaterials/Substrate/Glints2/dict_0001_0102" 7135
"/Engine/EngineMaterials/Substrate/Glints2/dict_0001_0101" 7136
"/Engine/EngineMaterials/Substrate/Glints2/dict_0001_0100" 7137
"/Engine/EngineMaterials/Substrate/Glints2/dict_0001_0099" 7138
"/Engine/EngineMaterials/Substrate/Glints2/dict_0001_0098" 7139
"/Engine/EngineMaterials/Substrate/Glints2/dict_0001_0097" 7140
"/Engine/EngineMaterials/Substrate/Glints2/dict_0001_0124" 7141
"../../../Engine/Content/EngineMaterials/Substrate/Glints2/dict_0001_0129.uasset" 7142
"../../../Engine/Content/EngineMaterials/Substrate/Glints2/dict_0001_0130.uasset" 7143
"../../../Engine/Content/EngineMaterials/Substrate/Glints2/dict_0001_0131.uasset" 7144
"../../../Engine/Content/EngineMaterials/Substrate/Glints2/dict_0001_0132.uasset" 7145
"../../../Engine/Content/EngineMaterials/Substrate/Glints2/dict_0001_0136.uasset" 7146
"../../../Engine/Content/EngineMaterials/Substrate/Glints2/dict_0001_0140.uasset" 7147
"../../../Engine/Content/EngineMaterials/Substrate/Glints2/dict_0001_0133.uasset" 7148
"../../../Engine/Content/EngineMaterials/Substrate/Glints2/dict_0001_0145.uasset" 7149
"../../../Engine/Content/EngineMaterials/Substrate/Glints2/dict_0001_0141.uasset" 7150
"/Engine/EngineMaterials/Substrate/Glints2/dict_0001_0128" 7151
"../../../Engine/Content/EngineMaterials/Substrate/Glints2/dict_0001_0135.uasset" 7152
"../../../Engine/Content/EngineMaterials/Substrate/Glints2/dict_0001_0134.uasset" 7153
"../../../Engine/Content/EngineMaterials/Substrate/Glints2/dict_0001_0139.uasset" 7154
"../../../Engine/Content/EngineMaterials/Substrate/Glints2/dict_0001_0142.uasset" 7155
"../../../Engine/Content/EngineMaterials/Substrate/Glints2/dict_0001_0148.uasset" 7156
"../../../Engine/Content/EngineMaterials/Substrate/Glints2/dict_0001_0150.uasset" 7157
"../../../Engine/Content/EngineMaterials/Substrate/Glints2/dict_0001_0138.uasset" 7158
"../../../Engine/Content/EngineMaterials/Substrate/Glints2/dict_0001_0147.uasset" 7159
"../../../Engine/Content/EngineMaterials/Substrate/Glints2/dict_0001_0154.uasset" 7160
"../../../Engine/Content/EngineMaterials/Substrate/Glints2/dict_0001_0153.uasset" 7161
"../../../Engine/Content/EngineMaterials/Substrate/Glints2/dict_0001_0151.uasset" 7162
"../../../Engine/Content/EngineMaterials/Substrate/Glints2/dict_0001_0156.uasset" 7163
"../../../Engine/Content/EngineMaterials/Substrate/Glints2/dict_0001_0146.uasset" 7164
"../../../Engine/Content/EngineMaterials/Substrate/Glints2/dict_0001_0152.uasset" 7165
"../../../Engine/Content/EngineMaterials/Substrate/Glints2/dict_0001_0149.uasset" 7166
"../../../Engine/Content/EngineMaterials/Substrate/Glints2/dict_0001_0137.uasset" 7167
"../../../Engine/Content/EngineMaterials/Substrate/Glints2/dict_0001_0144.uasset" 7168
"../../../Engine/Content/EngineMaterials/Substrate/Glints2/dict_0001_0143.uasset" 7169
"../../../Engine/Content/EngineMaterials/Substrate/Glints2/dict_0001_0155.uasset" 7170
"/Engine/EngineMaterials/Substrate/Glints2/dict_0001_0127" 7171
"/Engine/EngineMaterials/Substrate/Glints2/dict_0001_0132" 7172
"/Engine/EngineMaterials/Substrate/Glints2/dict_0001_0126" 7173
"/Engine/EngineMaterials/Substrate/Glints2/dict_0001_0130" 7174
"/Engine/EngineMaterials/Substrate/Glints2/dict_0001_0125" 7175
"/Engine/EngineMaterials/Substrate/Glints2/dict_0001_0129" 7176
"../../../Engine/Content/EngineMaterials/Substrate/Glints2/dict_0001_0157.uasset" 7177
"../../../Engine/Content/EngineMaterials/Substrate/Glints2/dict_0001_0159.uasset" 7178
"../../../Engine/Content/EngineMaterials/Substrate/Glints2/dict_0001_0158.uasset" 7179
"/Engine/EngineMaterials/Substrate/Glints2/dict_0001_0156" 7180
"../../../Engine/Content/EngineMaterials/Substrate/Glints2/dict_0001_0160.uasset" 7181
"../../../Engine/Content/EngineMaterials/Substrate/Glints2/dict_0001_0161.uasset" 7182
"../../../Engine/Content/EngineMaterials/Substrate/Glints2/dict_0001_0162.uasset" 7183
"../../../Engine/Content/EngineMaterials/Substrate/Glints2/dict_0001_0163.uasset" 7184
"/Engine/EngineMaterials/Substrate/Glints2/dict_0001_0155" 7185
"/Engine/EngineMaterials/Substrate/Glints2/dict_0001_0154" 7186
"/Engine/EngineMaterials/Substrate/Glints2/dict_0001_0153" 7187
"/Engine/EngineMaterials/Substrate/Glints2/dict_0001_0152" 7188
"/Engine/EngineMaterials/Substrate/Glints2/dict_0001_0151" 7189
"/Engine/EngineMaterials/Substrate/Glints2/dict_0001_0150" 7190
"/Engine/EngineMaterials/Substrate/Glints2/dict_0001_0149" 7191
"/Engine/EngineMaterials/Substrate/Glints2/dict_0001_0148" 7192
"/Engine/EngineMaterials/Substrate/Glints2/dict_0001_0147" 7193
"/Engine/EngineMaterials/Substrate/Glints2/dict_0001_0146" 7194
"/Engine/EngineMaterials/Substrate/Glints2/dict_0001_0145" 7195
"/Engine/EngineMaterials/Substrate/Glints2/dict_0001_0144" 7196
"/Engine/EngineMaterials/Substrate/Glints2/dict_0001_0143" 7197
"/Engine/EngineMaterials/Substrate/Glints2/dict_0001_0142" 7198
"/Engine/EngineMaterials/Substrate/Glints2/dict_0001_0141" 7199
"/Engine/EngineMaterials/Substrate/Glints2/dict_0001_0140" 7200
"/Engine/EngineMaterials/Substrate/Glints2/dict_0001_0139" 7201
"/Engine/EngineMaterials/Substrate/Glints2/dict_0001_0138" 7202
"/Engine/EngineMaterials/Substrate/Glints2/dict_0001_0137" 7203
"/Engine/EngineMaterials/Substrate/Glints2/dict_0001_0136" 7204
"/Engine/EngineMaterials/Substrate/Glints2/dict_0001_0135" 7205
"/Engine/EngineMaterials/Substrate/Glints2/dict_0001_0134" 7206
"/Engine/EngineMaterials/Substrate/Glints2/dict_0001_0133" 7207
"/Engine/EngineMaterials/Substrate/Glints2/dict_0001_0131" 7208
"/Engine/EngineMaterials/Substrate/Glints2/dict_0001_0157" 7209
"../../../Engine/Content/EngineMaterials/Substrate/Glints2/dict_0001_0164.uasset" 7210
"../../../Engine/Content/EngineMaterials/Substrate/Glints2/dict_0001_0165.uasset" 7211
"../../../Engine/Content/EngineMaterials/Substrate/Glints2/dict_0001_0166.uasset" 7212
"../../../Engine/Content/EngineMaterials/Substrate/Glints2/dict_0001_0167.uasset" 7213
"../../../Engine/Content/EngineMaterials/Substrate/Glints2/dict_0001_0169.uasset" 7214
"../../../Engine/Content/EngineMaterials/Substrate/Glints2/dict_0001_0172.uasset" 7215
"../../../Engine/Content/EngineMaterials/Substrate/Glints2/dict_0001_0171.uasset" 7216
"../../../Engine/Content/EngineMaterials/Substrate/Glints2/dict_0001_0173.uasset" 7217
"../../../Engine/Content/EngineMaterials/Substrate/Glints2/dict_0001_0168.uasset" 7218
"../../../Engine/Content/EngineMaterials/Substrate/Glints2/dict_0001_0177.uasset" 7219
"/Engine/EngineMaterials/Substrate/Glints2/dict_0001_0163" 7220
"../../../Engine/Content/EngineMaterials/Substrate/Glints2/dict_0001_0178.uasset" 7221
"../../../Engine/Content/EngineMaterials/Substrate/Glints2/dict_0001_0183.uasset" 7222
"../../../Engine/Content/EngineMaterials/Substrate/Glints2/dict_0001_0187.uasset" 7223
"../../../Engine/Content/EngineMaterials/Substrate/Glints2/dict_0001_0184.uasset" 7224
"../../../Engine/Content/EngineMaterials/Substrate/Glints2/dict_0001_0175.uasset" 7225
"../../../Engine/Content/EngineMaterials/Substrate/Glints2/dict_0001_0176.uasset" 7226
"../../../Engine/Content/EngineMaterials/Substrate/Glints2/dict_0001_0170.uasset" 7227
"../../../Engine/Content/EngineMaterials/Substrate/Glints2/dict_0001_0182.uasset" 7228
"../../../Engine/Content/EngineMaterials/Substrate/Glints2/dict_0001_0189.uasset" 7229
"../../../Engine/Content/EngineMaterials/Substrate/Glints2/dict_0001_0186.uasset" 7230
"../../../Engine/Content/EngineMaterials/Substrate/Glints2/dict_0001_0174.uasset" 7231
"../../../Engine/Content/EngineMaterials/Substrate/Glints2/dict_0001_0179.uasset" 7232
"../../../Engine/Content/EngineMaterials/Substrate/Glints2/dict_0001_0180.uasset" 7233
"../../../Engine/Content/EngineMaterials/Substrate/Glints2/dict_0001_0185.uasset" 7234
"../../../Engine/Content/EngineMaterials/Substrate/Glints2/dict_0001_0181.uasset" 7235
"../../../Engine/Content/EngineMaterials/Substrate/Glints2/dict_0001_0188.uasset" 7236
"/Engine/EngineMaterials/Substrate/Glints2/dict_0001_0162" 7237
"/Engine/EngineMaterials/Substrate/Glints2/dict_0001_0161" 7238
"/Engine/EngineMaterials/Substrate/Glints2/dict_0001_0160" 7239
"/Engine/EngineMaterials/Substrate/Glints2/dict_0001_0159" 7240
"/Engine/EngineMaterials/Substrate/Glints2/dict_0001_0158" 7241
"/Engine/EngineMaterials/Substrate/Glints2/dict_0001_0164" 7242
"../../../Engine/Content/EngineMaterials/Substrate/Glints2/dict_0001_0190.uasset" 7243
"../../../Engine/Content/EngineMaterials/Substrate/Glints2/dict_0001_0191.uasset" 7244
"../../../Engine/Content/EngineMaterials/Substrate/Glints2/dict_0001_0192.uasset" 7245
"../../../Engine/Content/EngineMaterials/Substrate/Glints2/dict_0001_0194.uasset" 7246
"../../../Engine/Content/EngineMaterials/Substrate/Glints2/dict_0001_0193.uasset" 7247
"../../../Engine/Content/EngineMaterials/Substrate/Glints2/dict_0001_0196.uasset" 7248
"/Engine/EngineMaterials/Substrate/Glints2/dict_0001_0189" 7249
"../../../Engine/Content/EngineMaterials/Substrate/Glints2/dict_0001_0195.uasset" 7250
"/Engine/EngineMaterials/Substrate/Glints2/dict_0001_0188" 7251
"/Engine/EngineMaterials/Substrate/Glints2/dict_0001_0187" 7252
"/Engine/EngineMaterials/Substrate/Glints2/dict_0001_0186" 7253
"/Engine/EngineMaterials/Substrate/Glints2/dict_0001_0185" 7254
"/Engine/EngineMaterials/Substrate/Glints2/dict_0001_0184" 7255
"/Engine/EngineMaterials/Substrate/Glints2/dict_0001_0183" 7256
"/Engine/EngineMaterials/Substrate/Glints2/dict_0001_0182" 7257
"/Engine/EngineMaterials/Substrate/Glints2/dict_0001_0181" 7258
"/Engine/EngineMaterials/Substrate/Glints2/dict_0001_0180" 7259
"/Engine/EngineMaterials/Substrate/Glints2/dict_0001_0179" 7260
"/Engine/EngineMaterials/Substrate/Glints2/dict_0001_0178" 7261
"/Engine/EngineMaterials/Substrate/Glints2/dict_0001_0177" 7262
"/Engine/EngineMaterials/Substrate/Glints2/dict_0001_0176" 7263
"/Engine/EngineMaterials/Substrate/Glints2/dict_0001_0175" 7264
"/Engine/EngineMaterials/Substrate/Glints2/dict_0001_0174" 7265
"/Engine/EngineMaterials/Substrate/Glints2/dict_0001_0173" 7266
"/Engine/EngineMaterials/Substrate/Glints2/dict_0001_0172" 7267
"/Engine/EngineMaterials/Substrate/Glints2/dict_0001_0171" 7268
"/Engine/EngineMaterials/Substrate/Glints2/dict_0001_0170" 7269
"/Engine/EngineMaterials/Substrate/Glints2/dict_0001_0169" 7270
"/Engine/EngineMaterials/Substrate/Glints2/dict_0001_0168" 7271
"/Engine/EngineMaterials/Substrate/Glints2/dict_0001_0167" 7272
"/Engine/EngineMaterials/Substrate/Glints2/dict_0001_0166" 7273
"/Engine/EngineMaterials/Substrate/Glints2/dict_0001_0165" 7274
"/Engine/EngineMaterials/Substrate/Glints2/dict_0001_0190" 7275
"../../../Engine/Content/EngineMaterials/Substrate/Glints2/dict_0001_0199.uasset" 7276
"../../../Engine/Content/EngineMaterials/Substrate/Glints2/dict_0001_0197.uasset" 7277
"../../../Engine/Content/EngineMaterials/Substrate/Glints2/dict_0001_0200.uasset" 7278
"../../../Engine/Content/EngineMaterials/Substrate/Glints2/dict_0001_0202.uasset" 7279
"../../../Engine/Content/EngineMaterials/Substrate/Glints2/dict_0001_0201.uasset" 7280
"../../../Engine/Content/EngineMaterials/Substrate/Glints2/dict_0001_0203.uasset" 7281
"/Engine/EngineMaterials/Substrate/Glints2/dict_0001_0196" 7282
"../../../Engine/Content/EngineMaterials/Substrate/Glints2/dict_0001_0206.uasset" 7283
"../../../Engine/Content/EngineMaterials/Substrate/Glints2/dict_0001_0207.uasset" 7284
"../../../Engine/Content/EngineMaterials/Substrate/Glints2/dict_0001_0212.uasset" 7285
"../../../Engine/Content/EngineMaterials/Substrate/Glints2/dict_0001_0213.uasset" 7286
"../../../Engine/Content/EngineMaterials/Substrate/Glints2/dict_0001_0204.uasset" 7287
"../../../Engine/Content/EngineMaterials/Substrate/Glints2/dict_0001_0210.uasset" 7288
"../../../Engine/Content/EngineMaterials/Substrate/Glints2/dict_0001_0217.uasset" 7289
"../../../Engine/Content/EngineMaterials/Substrate/Glints2/dict_0001_0205.uasset" 7290
"../../../Engine/Content/EngineMaterials/Substrate/Glints2/dict_0001_0220.uasset" 7291
"../../../Engine/Content/EngineMaterials/Substrate/Glints2/dict_0001_0221.uasset" 7292
"../../../Engine/Content/EngineMaterials/Substrate/Glints2/dict_0001_0209.uasset" 7293
"../../../Engine/Content/EngineMaterials/Substrate/Glints2/dict_0001_0216.uasset" 7294
"../../../Engine/Content/EngineMaterials/Substrate/Glints2/dict_0001_0208.uasset" 7295
"../../../Engine/Content/EngineMaterials/Substrate/Glints2/dict_0001_0222.uasset" 7296
"../../../Engine/Content/EngineMaterials/Substrate/Glints2/dict_0001_0215.uasset" 7297
"/Engine/EngineMaterials/Substrate/Glints2/dict_0001_0195" 7298
"../../../Engine/Content/EngineMaterials/Substrate/Glints2/dict_0001_0211.uasset" 7299
"../../../Engine/Content/EngineMaterials/Substrate/Glints2/dict_0001_0214.uasset" 7300
"../../../Engine/Content/EngineMaterials/Substrate/Glints2/dict_0001_0218.uasset" 7301
"../../../Engine/Content/EngineMaterials/Substrate/Glints2/dict_0001_0198.uasset" 7302
"../../../Engine/Content/EngineMaterials/Substrate/Glints2/dict_0001_0219.uasset" 7303
"/Engine/EngineMaterials/Substrate/Glints2/dict_0001_0194" 7304
"/Engine/EngineMaterials/Substrate/Glints2/dict_0001_0193" 7305
"/Engine/EngineMaterials/Substrate/Glints2/dict_0001_0192" 7306
"/Engine/EngineMaterials/Substrate/Glints2/dict_0001_0191" 7307
"../../../Engine/Content/EngineMaterials/Substrate/Glints2/dict_0001_0223.uasset" 7308
"../../../Engine/Content/EngineMaterials/Substrate/Glints2/dict_0001_0224.uasset" 7309
"../../../Engine/Content/EngineMaterials/Substrate/Glints2/dict_0001_0225.uasset" 7310
"../../../Engine/Content/EngineMaterials/Substrate/Glints2/dict_0001_0226.uasset" 7311
"/Engine/EngineMaterials/Substrate/Glints2/dict_0001_0222" 7312
"../../../Engine/Content/EngineMaterials/Substrate/Glints2/dict_0001_0227.uasset" 7313
"../../../Engine/Content/EngineMaterials/Substrate/Glints2/dict_0001_0228.uasset" 7314
"/Engine/EngineMaterials/Substrate/Glints2/dict_0001_0221" 7315
"/Engine/EngineMaterials/Substrate/Glints2/dict_0001_0220" 7316
"/Engine/EngineMaterials/Substrate/Glints2/dict_0001_0219" 7317
"/Engine/EngineMaterials/Substrate/Glints2/dict_0001_0218" 7318
"/Engine/EngineMaterials/Substrate/Glints2/dict_0001_0217" 7319
"/Engine/EngineMaterials/Substrate/Glints2/dict_0001_0216" 7320
"/Engine/EngineMaterials/Substrate/Glints2/dict_0001_0215" 7321
"/Engine/EngineMaterials/Substrate/Glints2/dict_0001_0214" 7322
"/Engine/EngineMaterials/Substrate/Glints2/dict_0001_0213" 7323
"/Engine/EngineMaterials/Substrate/Glints2/dict_0001_0212" 7324
"/Engine/EngineMaterials/Substrate/Glints2/dict_0001_0211" 7325
"/Engine/EngineMaterials/Substrate/Glints2/dict_0001_0210" 7326
"/Engine/EngineMaterials/Substrate/Glints2/dict_0001_0209" 7327
"/Engine/EngineMaterials/Substrate/Glints2/dict_0001_0208" 7328
"/Engine/EngineMaterials/Substrate/Glints2/dict_0001_0207" 7329
"/Engine/EngineMaterials/Substrate/Glints2/dict_0001_0206" 7330
"/Engine/EngineMaterials/Substrate/Glints2/dict_0001_0205" 7331
"/Engine/EngineMaterials/Substrate/Glints2/dict_0001_0204" 7332
"/Engine/EngineMaterials/Substrate/Glints2/dict_0001_0203" 7333
"/Engine/EngineMaterials/Substrate/Glints2/dict_0001_0202" 7334
"/Engine/EngineMaterials/Substrate/Glints2/dict_0001_0201" 7335
"/Engine/EngineMaterials/Substrate/Glints2/dict_0001_0200" 7336
"/Engine/EngineMaterials/Substrate/Glints2/dict_0001_0199" 7337
"/Engine/EngineMaterials/Substrate/Glints2/dict_0001_0198" 7338
"/Engine/EngineMaterials/Substrate/Glints2/dict_0001_0197" 7339
"../../../Engine/Content/EngineMaterials/Substrate/Glints2/dict_0001_0232.uasset" 7340
"../../../Engine/Content/EngineMaterials/Substrate/Glints2/dict_0001_0230.uasset" 7341
"../../../Engine/Content/EngineMaterials/Substrate/Glints2/dict_0001_0231.uasset" 7342
"../../../Engine/Content/EngineMaterials/Substrate/Glints2/dict_0001_0234.uasset" 7343
"../../../Engine/Content/EngineMaterials/Substrate/Glints2/dict_0001_0236.uasset" 7344
"../../../Engine/Content/EngineMaterials/Substrate/Glints2/dict_0001_0238.uasset" 7345
"../../../Engine/Content/EngineMaterials/Substrate/Glints2/dict_0001_0235.uasset" 7346
"/Engine/EngineMaterials/Substrate/Glints2/dict_0001_0228" 7347
"../../../Engine/Content/EngineMaterials/Substrate/Glints2/dict_0001_0242.uasset" 7348
"../../../Engine/Content/EngineMaterials/Substrate/Glints2/dict_0001_0229.uasset" 7349
"../../../Engine/Content/EngineMaterials/Substrate/Glints2/dict_0001_0237.uasset" 7350
"../../../Engine/Content/EngineMaterials/Substrate/Glints2/dict_0001_0241.uasset" 7351
"../../../Engine/Content/EngineMaterials/Substrate/Glints2/dict_0001_0249.uasset" 7352
"../../../Engine/Content/EngineMaterials/Substrate/Glints2/dict_0001_0250.uasset" 7353
"../../../Engine/Content/EngineMaterials/Substrate/Glints2/dict_0001_0245.uasset" 7354
"../../../Engine/Content/EngineMaterials/Substrate/Glints2/dict_0001_0243.uasset" 7355
"../../../Engine/Content/EngineMaterials/Substrate/Glints2/dict_0001_0254.uasset" 7356
"../../../Engine/Content/EngineMaterials/Substrate/Glints2/dict_0001_0248.uasset" 7357
"../../../Engine/Content/EngineMaterials/Substrate/Glints2/dict_0001_0247.uasset" 7358
"../../../Engine/Content/EngineMaterials/Substrate/Glints2/dict_0001_0239.uasset" 7359
"../../../Engine/Content/EngineMaterials/Substrate/Glints2/dict_0001_0253.uasset" 7360
"../../../Engine/Content/EngineMaterials/Substrate/Glints2/dict_0001_0251.uasset" 7361
"../../../Engine/Content/EngineMaterials/Substrate/Glints2/dict_0001_0252.uasset" 7362
"../../../Engine/Content/EngineMaterials/Substrate/Glints2/dict_0001_0244.uasset" 7363
"../../../Engine/Content/EngineMaterials/Substrate/Glints2/dict_0001_0233.uasset" 7364
"../../../Engine/Content/EngineMaterials/Substrate/Glints2/dict_0001_0246.uasset" 7365
"../../../Engine/Content/EngineMaterials/Substrate/Glints2/dict_0001_0240.uasset" 7366
"/Engine/EngineMaterials/Substrate/Glints2/dict_0001_0227" 7367
"/Engine/EngineMaterials/Substrate/Glints2/dict_0001_0226" 7368
"/Engine/EngineMaterials/Substrate/Glints2/dict_0001_0225" 7369
"/Engine/EngineMaterials/Substrate/Glints2/dict_0001_0224" 7370
"/Engine/EngineMaterials/Substrate/Glints2/dict_0001_0223" 7371
"../../../Engine/Content/EngineMaterials/Substrate/Glints2/dict_0001_0255.uasset" 7372
"../../../Engine/Content/EngineMaterials/Substrate/Glints2/dict_0002_0000.uasset" 7373
"../../../Engine/Content/EngineMaterials/Substrate/Glints2/dict_0002_0002.uasset" 7374
"../../../Engine/Content/EngineMaterials/Substrate/Glints2/dict_0002_0001.uasset" 7375
"../../../Engine/Content/EngineMaterials/Substrate/Glints2/dict_0002_0003.uasset" 7376
"../../../Engine/Content/EngineMaterials/Substrate/Glints2/dict_0002_0004.uasset" 7377
"/Engine/EngineMaterials/Substrate/Glints2/dict_0001_0254" 7378
"/Engine/EngineMaterials/Substrate/Glints2/dict_0001_0253" 7379
"/Engine/EngineMaterials/Substrate/Glints2/dict_0001_0252" 7380
"/Engine/EngineMaterials/Substrate/Glints2/dict_0001_0251" 7381
"/Engine/EngineMaterials/Substrate/Glints2/dict_0001_0250" 7382
"/Engine/EngineMaterials/Substrate/Glints2/dict_0001_0249" 7383
"/Engine/EngineMaterials/Substrate/Glints2/dict_0001_0248" 7384
"/Engine/EngineMaterials/Substrate/Glints2/dict_0001_0247" 7385
"/Engine/EngineMaterials/Substrate/Glints2/dict_0001_0246" 7386
"/Engine/EngineMaterials/Substrate/Glints2/dict_0001_0245" 7387
"/Engine/EngineMaterials/Substrate/Glints2/dict_0001_0244" 7388
"/Engine/EngineMaterials/Substrate/Glints2/dict_0001_0243" 7389
"/Engine/EngineMaterials/Substrate/Glints2/dict_0001_0242" 7390
"/Engine/EngineMaterials/Substrate/Glints2/dict_0001_0241" 7391
"/Engine/EngineMaterials/Substrate/Glints2/dict_0001_0240" 7392
"/Engine/EngineMaterials/Substrate/Glints2/dict_0001_0239" 7393
"/Engine/EngineMaterials/Substrate/Glints2/dict_0001_0238" 7394
"/Engine/EngineMaterials/Substrate/Glints2/dict_0001_0237" 7395
"/Engine/EngineMaterials/Substrate/Glints2/dict_0001_0236" 7396
"/Engine/EngineMaterials/Substrate/Glints2/dict_0001_0235" 7397
"/Engine/EngineMaterials/Substrate/Glints2/dict_0001_0234" 7398
"/Engine/EngineMaterials/Substrate/Glints2/dict_0001_0233" 7399
"/Engine/EngineMaterials/Substrate/Glints2/dict_0001_0232" 7400
"/Engine/EngineMaterials/Substrate/Glints2/dict_0001_0231" 7401
"/Engine/EngineMaterials/Substrate/Glints2/dict_0001_0230" 7402
"/Engine/EngineMaterials/Substrate/Glints2/dict_0001_0255" 7403
"/Engine/EngineMaterials/Substrate/Glints2/dict_0001_0229" 7404
"../../../Engine/Content/EngineMaterials/Substrate/Glints2/dict_0002_0005.uasset" 7405
"../../../Engine/Content/EngineMaterials/Substrate/Glints2/dict_0002_0007.uasset" 7406
"../../../Engine/Content/EngineMaterials/Substrate/Glints2/dict_0002_0006.uasset" 7407
"../../../Engine/Content/EngineMaterials/Substrate/Glints2/dict_0002_0009.uasset" 7408
"/Engine/EngineMaterials/Substrate/Glints2/dict_0002_0004" 7409
"../../../Engine/Content/EngineMaterials/Substrate/Glints2/dict_0002_0013.uasset" 7410
"../../../Engine/Content/EngineMaterials/Substrate/Glints2/dict_0002_0018.uasset" 7411
"../../../Engine/Content/EngineMaterials/Substrate/Glints2/dict_0002_0019.uasset" 7412
"../../../Engine/Content/EngineMaterials/Substrate/Glints2/dict_0002_0020.uasset" 7413
"../../../Engine/Content/EngineMaterials/Substrate/Glints2/dict_0002_0008.uasset" 7414
"../../../Engine/Content/EngineMaterials/Substrate/Glints2/dict_0002_0025.uasset" 7415
"../../../Engine/Content/EngineMaterials/Substrate/Glints2/dict_0002_0012.uasset" 7416
"../../../Engine/Content/EngineMaterials/Substrate/Glints2/dict_0002_0021.uasset" 7417
"../../../Engine/Content/EngineMaterials/Substrate/Glints2/dict_0002_0010.uasset" 7418
"../../../Engine/Content/EngineMaterials/Substrate/Glints2/dict_0002_0027.uasset" 7419
"../../../Engine/Content/EngineMaterials/Substrate/Glints2/dict_0002_0024.uasset" 7420
"../../../Engine/Content/EngineMaterials/Substrate/Glints2/dict_0002_0015.uasset" 7421
"../../../Engine/Content/EngineMaterials/Substrate/Glints2/dict_0002_0029.uasset" 7422
"../../../Engine/Content/EngineMaterials/Substrate/Glints2/dict_0002_0028.uasset" 7423
"../../../Engine/Content/EngineMaterials/Substrate/Glints2/dict_0002_0022.uasset" 7424
"../../../Engine/Content/EngineMaterials/Substrate/Glints2/dict_0002_0030.uasset" 7425
"../../../Engine/Content/EngineMaterials/Substrate/Glints2/dict_0002_0031.uasset" 7426
"../../../Engine/Content/EngineMaterials/Substrate/Glints2/dict_0002_0017.uasset" 7427
"../../../Engine/Content/EngineMaterials/Substrate/Glints2/dict_0002_0014.uasset" 7428
"../../../Engine/Content/EngineMaterials/Substrate/Glints2/dict_0002_0023.uasset" 7429
"../../../Engine/Content/EngineMaterials/Substrate/Glints2/dict_0002_0016.uasset" 7430
"../../../Engine/Content/EngineMaterials/Substrate/Glints2/dict_0002_0011.uasset" 7431
"../../../Engine/Content/EngineMaterials/Substrate/Glints2/dict_0002_0026.uasset" 7432
"/Engine/EngineMaterials/Substrate/Glints2/dict_0002_0003" 7433
"/Engine/EngineMaterials/Substrate/Glints2/dict_0002_0002" 7434
"/Engine/EngineMaterials/Substrate/Glints2/dict_0002_0001" 7435
"/Engine/EngineMaterials/Substrate/Glints2/dict_0002_0000" 7436
"../../../Engine/Content/EngineMaterials/Substrate/Glints2/dict_0002_0032.uasset" 7437
"../../../Engine/Content/EngineMaterials/Substrate/Glints2/dict_0002_0035.uasset" 7438
"/Engine/EngineMaterials/Substrate/Glints2/dict_0002_0031" 7439
"../../../Engine/Content/EngineMaterials/Substrate/Glints2/dict_0002_0034.uasset" 7440
"../../../Engine/Content/EngineMaterials/Substrate/Glints2/dict_0002_0036.uasset" 7441
"../../../Engine/Content/EngineMaterials/Substrate/Glints2/dict_0002_0033.uasset" 7442
"/Engine/EngineMaterials/Substrate/Glints2/dict_0002_0030" 7443
"/Engine/EngineMaterials/Substrate/Glints2/dict_0002_0029" 7444
"/Engine/EngineMaterials/Substrate/Glints2/dict_0002_0028" 7445
"/Engine/EngineMaterials/Substrate/Glints2/dict_0002_0027" 7446
"/Engine/EngineMaterials/Substrate/Glints2/dict_0002_0026" 7447
"/Engine/EngineMaterials/Substrate/Glints2/dict_0002_0025" 7448
"/Engine/EngineMaterials/Substrate/Glints2/dict_0002_0024" 7449
"/Engine/EngineMaterials/Substrate/Glints2/dict_0002_0023" 7450
"/Engine/EngineMaterials/Substrate/Glints2/dict_0002_0022" 7451
"/Engine/EngineMaterials/Substrate/Glints2/dict_0002_0021" 7452
"/Engine/EngineMaterials/Substrate/Glints2/dict_0002_0020" 7453
"/Engine/EngineMaterials/Substrate/Glints2/dict_0002_0019" 7454
"/Engine/EngineMaterials/Substrate/Glints2/dict_0002_0018" 7455
"/Engine/EngineMaterials/Substrate/Glints2/dict_0002_0017" 7456
"/Engine/EngineMaterials/Substrate/Glints2/dict_0002_0016" 7457
"/Engine/EngineMaterials/Substrate/Glints2/dict_0002_0015" 7458
"/Engine/EngineMaterials/Substrate/Glints2/dict_0002_0014" 7459
"/Engine/EngineMaterials/Substrate/Glints2/dict_0002_0013" 7460
"/Engine/EngineMaterials/Substrate/Glints2/dict_0002_0012" 7461
"/Engine/EngineMaterials/Substrate/Glints2/dict_0002_0011" 7462
"/Engine/EngineMaterials/Substrate/Glints2/dict_0002_0010" 7463
"/Engine/EngineMaterials/Substrate/Glints2/dict_0002_0009" 7464
"/Engine/EngineMaterials/Substrate/Glints2/dict_0002_0008" 7465
"/Engine/EngineMaterials/Substrate/Glints2/dict_0002_0007" 7466
"/Engine/EngineMaterials/Substrate/Glints2/dict_0002_0006" 7467
"/Engine/EngineMaterials/Substrate/Glints2/dict_0002_0005" 7468
"../../../Engine/Content/EngineMaterials/Substrate/Glints2/dict_0002_0039.uasset" 7469
"../../../Engine/Content/EngineMaterials/Substrate/Glints2/dict_0002_0040.uasset" 7470
"../../../Engine/Content/EngineMaterials/Substrate/Glints2/dict_0002_0045.uasset" 7471
"../../../Engine/Content/EngineMaterials/Substrate/Glints2/dict_0002_0041.uasset" 7472
"../../../Engine/Content/EngineMaterials/Substrate/Glints2/dict_0002_0046.uasset" 7473
"../../../Engine/Content/EngineMaterials/Substrate/Glints2/dict_0002_0037.uasset" 7474
"../../../Engine/Content/EngineMaterials/Substrate/Glints2/dict_0002_0047.uasset" 7475
"../../../Engine/Content/EngineMaterials/Substrate/Glints2/dict_0002_0043.uasset" 7476
"../../../Engine/Content/EngineMaterials/Substrate/Glints2/dict_0002_0038.uasset" 7477
"../../../Engine/Content/EngineMaterials/Substrate/Glints2/dict_0002_0051.uasset" 7478
"../../../Engine/Content/EngineMaterials/Substrate/Glints2/dict_0002_0053.uasset" 7479
"/Engine/EngineMaterials/Substrate/Glints2/dict_0002_0036" 7480
"../../../Engine/Content/EngineMaterials/Substrate/Glints2/dict_0002_0048.uasset" 7481
"../../../Engine/Content/EngineMaterials/Substrate/Glints2/dict_0002_0058.uasset" 7482
"../../../Engine/Content/EngineMaterials/Substrate/Glints2/dict_0002_0042.uasset" 7483
"../../../Engine/Content/EngineMaterials/Substrate/Glints2/dict_0002_0054.uasset" 7484
"../../../Engine/Content/EngineMaterials/Substrate/Glints2/dict_0002_0049.uasset" 7485
"../../../Engine/Content/EngineMaterials/Substrate/Glints2/dict_0002_0050.uasset" 7486
"../../../Engine/Content/EngineMaterials/Substrate/Glints2/dict_0002_0063.uasset" 7487
"../../../Engine/Content/EngineMaterials/Substrate/Glints2/dict_0002_0055.uasset" 7488
"../../../Engine/Content/EngineMaterials/Substrate/Glints2/dict_0002_0061.uasset" 7489
"../../../Engine/Content/EngineMaterials/Substrate/Glints2/dict_0002_0059.uasset" 7490
"../../../Engine/Content/EngineMaterials/Substrate/Glints2/dict_0002_0052.uasset" 7491
"../../../Engine/Content/EngineMaterials/Substrate/Glints2/dict_0002_0057.uasset" 7492
"../../../Engine/Content/EngineMaterials/Substrate/Glints2/dict_0002_0044.uasset" 7493
"../../../Engine/Content/EngineMaterials/Substrate/Glints2/dict_0002_0056.uasset" 7494
"../../../Engine/Content/EngineMaterials/Substrate/Glints2/dict_0002_0062.uasset" 7495
"../../../Engine/Content/EngineMaterials/Substrate/Glints2/dict_0002_0060.uasset" 7496
"/Engine/EngineMaterials/Substrate/Glints2/dict_0002_0035" 7497
"/Engine/EngineMaterials/Substrate/Glints2/dict_0002_0034" 7498
"/Engine/EngineMaterials/Substrate/Glints2/dict_0002_0033" 7499
"/Engine/EngineMaterials/Substrate/Glints2/dict_0002_0032" 7500
"../../../Engine/Content/EngineMaterials/Substrate/Glints2/dict_0002_0065.uasset" 7501
"../../../Engine/Content/EngineMaterials/Substrate/Glints2/dict_0002_0066.uasset" 7502
"../../../Engine/Content/EngineMaterials/Substrate/Glints2/dict_0002_0064.uasset" 7503
"../../../Engine/Content/EngineMaterials/Substrate/Glints2/dict_0002_0067.uasset" 7504
"../../../Engine/Content/EngineMaterials/Substrate/Glints2/dict_0002_0068.uasset" 7505
"/Engine/EngineMaterials/Substrate/Glints2/dict_0002_0063" 7506
"/Engine/EngineMaterials/Substrate/Glints2/dict_0002_0062" 7507
"/Engine/EngineMaterials/Substrate/Glints2/dict_0002_0061" 7508
"/Engine/EngineMaterials/Substrate/Glints2/dict_0002_0060" 7509
"/Engine/EngineMaterials/Substrate/Glints2/dict_0002_0059" 7510
"/Engine/EngineMaterials/Substrate/Glints2/dict_0002_0058" 7511
"/Engine/EngineMaterials/Substrate/Glints2/dict_0002_0057" 7512
"/Engine/EngineMaterials/Substrate/Glints2/dict_0002_0056" 7513
"/Engine/EngineMaterials/Substrate/Glints2/dict_0002_0055" 7514
"/Engine/EngineMaterials/Substrate/Glints2/dict_0002_0054" 7515
"/Engine/EngineMaterials/Substrate/Glints2/dict_0002_0053" 7516
"/Engine/EngineMaterials/Substrate/Glints2/dict_0002_0052" 7517
"/Engine/EngineMaterials/Substrate/Glints2/dict_0002_0051" 7518
"/Engine/EngineMaterials/Substrate/Glints2/dict_0002_0050" 7519
"/Engine/EngineMaterials/Substrate/Glints2/dict_0002_0049" 7520
"/Engine/EngineMaterials/Substrate/Glints2/dict_0002_0048" 7521
"/Engine/EngineMaterials/Substrate/Glints2/dict_0002_0047" 7522
"/Engine/EngineMaterials/Substrate/Glints2/dict_0002_0046" 7523
"/Engine/EngineMaterials/Substrate/Glints2/dict_0002_0045" 7524
"/Engine/EngineMaterials/Substrate/Glints2/dict_0002_0044" 7525
"/Engine/EngineMaterials/Substrate/Glints2/dict_0002_0043" 7526
"/Engine/EngineMaterials/Substrate/Glints2/dict_0002_0042" 7527
"/Engine/EngineMaterials/Substrate/Glints2/dict_0002_0041" 7528
"/Engine/EngineMaterials/Substrate/Glints2/dict_0002_0040" 7529
"/Engine/EngineMaterials/Substrate/Glints2/dict_0002_0039" 7530
"/Engine/EngineMaterials/Substrate/Glints2/dict_0002_0065" 7531
"/Engine/EngineMaterials/Substrate/Glints2/dict_0002_0038" 7532
"/Engine/EngineMaterials/Substrate/Glints2/dict_0002_0037" 7533
"../../../Engine/Content/EngineMaterials/Substrate/Glints2/dict_0002_0069.uasset" 7534
"/Engine/EngineMaterials/Substrate/Glints2/dict_0002_0068" 7535
"../../../Engine/Content/EngineMaterials/Substrate/Glints2/dict_0002_0072.uasset" 7536
"../../../Engine/Content/EngineMaterials/Substrate/Glints2/dict_0002_0074.uasset" 7537
"../../../Engine/Content/EngineMaterials/Substrate/Glints2/dict_0002_0076.uasset" 7538
"../../../Engine/Content/EngineMaterials/Substrate/Glints2/dict_0002_0078.uasset" 7539
"../../../Engine/Content/EngineMaterials/Substrate/Glints2/dict_0002_0077.uasset" 7540
"../../../Engine/Content/EngineMaterials/Substrate/Glints2/dict_0002_0070.uasset" 7541
"../../../Engine/Content/EngineMaterials/Substrate/Glints2/dict_0002_0082.uasset" 7542
"../../../Engine/Content/EngineMaterials/Substrate/Glints2/dict_0002_0081.uasset" 7543
"../../../Engine/Content/EngineMaterials/Substrate/Glints2/dict_0002_0079.uasset" 7544
"../../../Engine/Content/EngineMaterials/Substrate/Glints2/dict_0002_0073.uasset" 7545
"../../../Engine/Content/EngineMaterials/Substrate/Glints2/dict_0002_0085.uasset" 7546
"../../../Engine/Content/EngineMaterials/Substrate/Glints2/dict_0002_0090.uasset" 7547
"../../../Engine/Content/EngineMaterials/Substrate/Glints2/dict_0002_0092.uasset" 7548
"/Engine/EngineMaterials/Substrate/Glints2/dict_0002_0067" 7549
"../../../Engine/Content/EngineMaterials/Substrate/Glints2/dict_0002_0091.uasset" 7550
"../../../Engine/Content/EngineMaterials/Substrate/Glints2/dict_0002_0093.uasset" 7551
"../../../Engine/Content/EngineMaterials/Substrate/Glints2/dict_0002_0089.uasset" 7552
"../../../Engine/Content/EngineMaterials/Substrate/Glints2/dict_0002_0087.uasset" 7553
"../../../Engine/Content/EngineMaterials/Substrate/Glints2/dict_0002_0084.uasset" 7554
"../../../Engine/Content/EngineMaterials/Substrate/Glints2/dict_0002_0071.uasset" 7555
"../../../Engine/Content/EngineMaterials/Substrate/Glints2/dict_0002_0096.uasset" 7556
"../../../Engine/Content/EngineMaterials/Substrate/Glints2/dict_0002_0083.uasset" 7557
"../../../Engine/Content/EngineMaterials/Substrate/Glints2/dict_0002_0075.uasset" 7558
"../../../Engine/Content/EngineMaterials/Substrate/Glints2/dict_0002_0086.uasset" 7559
"../../../Engine/Content/EngineMaterials/Substrate/Glints2/dict_0002_0088.uasset" 7560
"../../../Engine/Content/EngineMaterials/Substrate/Glints2/dict_0002_0094.uasset" 7561
"../../../Engine/Content/EngineMaterials/Substrate/Glints2/dict_0002_0095.uasset" 7562
"../../../Engine/Content/EngineMaterials/Substrate/Glints2/dict_0002_0080.uasset" 7563
"/Engine/EngineMaterials/Substrate/Glints2/dict_0002_0066" 7564
"/Engine/EngineMaterials/Substrate/Glints2/dict_0002_0064" 7565
"../../../Engine/Content/EngineMaterials/Substrate/Glints2/dict_0002_0097.uasset" 7566
"../../../Engine/Content/EngineMaterials/Substrate/Glints2/dict_0002_0098.uasset" 7567
"/Engine/EngineMaterials/Substrate/Glints2/dict_0002_0096" 7568
"../../../Engine/Content/EngineMaterials/Substrate/Glints2/dict_0002_0099.uasset" 7569
"../../../Engine/Content/EngineMaterials/Substrate/Glints2/dict_0002_0100.uasset" 7570
"/Engine/EngineMaterials/Substrate/Glints2/dict_0002_0095" 7571
"/Engine/EngineMaterials/Substrate/Glints2/dict_0002_0094" 7572
"/Engine/EngineMaterials/Substrate/Glints2/dict_0002_0093" 7573
"/Engine/EngineMaterials/Substrate/Glints2/dict_0002_0092" 7574
"/Engine/EngineMaterials/Substrate/Glints2/dict_0002_0091" 7575
"/Engine/EngineMaterials/Substrate/Glints2/dict_0002_0090" 7576
"/Engine/EngineMaterials/Substrate/Glints2/dict_0002_0089" 7577
"/Engine/EngineMaterials/Substrate/Glints2/dict_0002_0088" 7578
"/Engine/EngineMaterials/Substrate/Glints2/dict_0002_0087" 7579
"/Engine/EngineMaterials/Substrate/Glints2/dict_0002_0086" 7580
"/Engine/EngineMaterials/Substrate/Glints2/dict_0002_0085" 7581
"/Engine/EngineMaterials/Substrate/Glints2/dict_0002_0084" 7582
"/Engine/EngineMaterials/Substrate/Glints2/dict_0002_0083" 7583
"/Engine/EngineMaterials/Substrate/Glints2/dict_0002_0082" 7584
"/Engine/EngineMaterials/Substrate/Glints2/dict_0002_0081" 7585
"/Engine/EngineMaterials/Substrate/Glints2/dict_0002_0080" 7586
"/Engine/EngineMaterials/Substrate/Glints2/dict_0002_0079" 7587
"/Engine/EngineMaterials/Substrate/Glints2/dict_0002_0078" 7588
"/Engine/EngineMaterials/Substrate/Glints2/dict_0002_0077" 7589
"/Engine/EngineMaterials/Substrate/Glints2/dict_0002_0076" 7590
"/Engine/EngineMaterials/Substrate/Glints2/dict_0002_0075" 7591
"/Engine/EngineMaterials/Substrate/Glints2/dict_0002_0074" 7592
"/Engine/EngineMaterials/Substrate/Glints2/dict_0002_0073" 7593
"/Engine/EngineMaterials/Substrate/Glints2/dict_0002_0072" 7594
"/Engine/EngineMaterials/Substrate/Glints2/dict_0002_0071" 7595
"/Engine/EngineMaterials/Substrate/Glints2/dict_0002_0097" 7596
"/Engine/EngineMaterials/Substrate/Glints2/dict_0002_0070" 7597
"/Engine/EngineMaterials/Substrate/Glints2/dict_0002_0069" 7598
"../../../Engine/Content/EngineMaterials/Substrate/Glints2/dict_0002_0101.uasset" 7599
"../../../Engine/Content/EngineMaterials/Substrate/Glints2/dict_0002_0103.uasset" 7600
"../../../Engine/Content/EngineMaterials/Substrate/Glints2/dict_0002_0104.uasset" 7601
"../../../Engine/Content/EngineMaterials/Substrate/Glints2/dict_0002_0102.uasset" 7602
"../../../Engine/Content/EngineMaterials/Substrate/Glints2/dict_0002_0105.uasset" 7603
"../../../Engine/Content/EngineMaterials/Substrate/Glints2/dict_0002_0111.uasset" 7604
"../../../Engine/Content/EngineMaterials/Substrate/Glints2/dict_0002_0109.uasset" 7605
"../../../Engine/Content/EngineMaterials/Substrate/Glints2/dict_0002_0115.uasset" 7606
"../../../Engine/Content/EngineMaterials/Substrate/Glints2/dict_0002_0114.uasset" 7607
"../../../Engine/Content/EngineMaterials/Substrate/Glints2/dict_0002_0117.uasset" 7608
"../../../Engine/Content/EngineMaterials/Substrate/Glints2/dict_0002_0116.uasset" 7609
"../../../Engine/Content/EngineMaterials/Substrate/Glints2/dict_0002_0107.uasset" 7610
"../../../Engine/Content/EngineMaterials/Substrate/Glints2/dict_0002_0120.uasset" 7611
"../../../Engine/Content/EngineMaterials/Substrate/Glints2/dict_0002_0108.uasset" 7612
"../../../Engine/Content/EngineMaterials/Substrate/Glints2/dict_0002_0113.uasset" 7613
"../../../Engine/Content/EngineMaterials/Substrate/Glints2/dict_0002_0118.uasset" 7614
"../../../Engine/Content/EngineMaterials/Substrate/Glints2/dict_0002_0121.uasset" 7615
"../../../Engine/Content/EngineMaterials/Substrate/Glints2/dict_0002_0123.uasset" 7616
"../../../Engine/Content/EngineMaterials/Substrate/Glints2/dict_0002_0126.uasset" 7617
"../../../Engine/Content/EngineMaterials/Substrate/Glints2/dict_0002_0125.uasset" 7618
"../../../Engine/Content/EngineMaterials/Substrate/Glints2/dict_0002_0127.uasset" 7619
"../../../Engine/Content/EngineMaterials/Substrate/Glints2/dict_0002_0128.uasset" 7620
"../../../Engine/Content/EngineMaterials/Substrate/Glints2/dict_0002_0122.uasset" 7621
"../../../Engine/Content/EngineMaterials/Substrate/Glints2/dict_0002_0129.uasset" 7622
"../../../Engine/Content/EngineMaterials/Substrate/Glints2/dict_0002_0110.uasset" 7623
"../../../Engine/Content/EngineMaterials/Substrate/Glints2/dict_0002_0112.uasset" 7624
"../../../Engine/Content/EngineMaterials/Substrate/Glints2/dict_0002_0106.uasset" 7625
"../../../Engine/Content/EngineMaterials/Substrate/Glints2/dict_0002_0119.uasset" 7626
"/Engine/EngineMaterials/Substrate/Glints2/dict_0002_0100" 7627
"../../../Engine/Content/EngineMaterials/Substrate/Glints2/dict_0002_0124.uasset" 7628
"/Engine/EngineMaterials/Substrate/Glints2/dict_0002_0099" 7629
"/Engine/EngineMaterials/Substrate/Glints2/dict_0002_0098" 7630
"/Engine/EngineMaterials/Substrate/Glints2/dict_0002_0104" 7631
"/Engine/EngineMaterials/Substrate/Glints2/dict_0002_0103" 7632
"/Engine/EngineMaterials/Substrate/Glints2/dict_0002_0102" 7633
"/Engine/EngineMaterials/Substrate/Glints2/dict_0002_0101" 7634
"../../../Engine/Content/EngineMaterials/Substrate/Glints2/dict_0002_0130.uasset" 7635
"../../../Engine/Content/EngineMaterials/Substrate/Glints2/dict_0002_0132.uasset" 7636
"../../../Engine/Content/EngineMaterials/Substrate/Glints2/dict_0002_0131.uasset" 7637
"../../../Engine/Content/EngineMaterials/Substrate/Glints2/dict_0002_0133.uasset" 7638
"../../../Engine/Content/EngineMaterials/Substrate/Glints2/dict_0002_0134.uasset" 7639
"../../../Engine/Content/EngineMaterials/Substrate/Glints2/dict_0002_0135.uasset" 7640
"/Engine/EngineMaterials/Substrate/Glints2/dict_0002_0129" 7641
"../../../Engine/Content/EngineMaterials/Substrate/Glints2/dict_0002_0136.uasset" 7642
"/Engine/EngineMaterials/Substrate/Glints2/dict_0002_0128" 7643
"/Engine/EngineMaterials/Substrate/Glints2/dict_0002_0127" 7644
"/Engine/EngineMaterials/Substrate/Glints2/dict_0002_0126" 7645
"/Engine/EngineMaterials/Substrate/Glints2/dict_0002_0125" 7646
"/Engine/EngineMaterials/Substrate/Glints2/dict_0002_0124" 7647
"/Engine/EngineMaterials/Substrate/Glints2/dict_0002_0123" 7648
"/Engine/EngineMaterials/Substrate/Glints2/dict_0002_0122" 7649
"/Engine/EngineMaterials/Substrate/Glints2/dict_0002_0121" 7650
"/Engine/EngineMaterials/Substrate/Glints2/dict_0002_0120" 7651
"/Engine/EngineMaterials/Substrate/Glints2/dict_0002_0119" 7652
"/Engine/EngineMaterials/Substrate/Glints2/dict_0002_0118" 7653
"/Engine/EngineMaterials/Substrate/Glints2/dict_0002_0117" 7654
"/Engine/EngineMaterials/Substrate/Glints2/dict_0002_0116" 7655
"/Engine/EngineMaterials/Substrate/Glints2/dict_0002_0115" 7656
"/Engine/EngineMaterials/Substrate/Glints2/dict_0002_0114" 7657
"/Engine/EngineMaterials/Substrate/Glints2/dict_0002_0113" 7658
"/Engine/EngineMaterials/Substrate/Glints2/dict_0002_0112" 7659
"/Engine/EngineMaterials/Substrate/Glints2/dict_0002_0111" 7660
"/Engine/EngineMaterials/Substrate/Glints2/dict_0002_0110" 7661
"/Engine/EngineMaterials/Substrate/Glints2/dict_0002_0109" 7662
"/Engine/EngineMaterials/Substrate/Glints2/dict_0002_0108" 7663
"/Engine/EngineMaterials/Substrate/Glints2/dict_0002_0107" 7664
"/Engine/EngineMaterials/Substrate/Glints2/dict_0002_0106" 7665
"/Engine/EngineMaterials/Substrate/Glints2/dict_0002_0105" 7666
"/Engine/EngineMaterials/Substrate/Glints2/dict_0002_0132" 7667
"/Engine/EngineMaterials/Substrate/Glints2/dict_0002_0130" 7668
"../../../Engine/Content/EngineMaterials/Substrate/Glints2/dict_0002_0137.uasset" 7669
"../../../Engine/Content/EngineMaterials/Substrate/Glints2/dict_0002_0138.uasset" 7670
"../../../Engine/Content/EngineMaterials/Substrate/Glints2/dict_0002_0139.uasset" 7671
"../../../Engine/Content/EngineMaterials/Substrate/Glints2/dict_0002_0141.uasset" 7672
"../../../Engine/Content/EngineMaterials/Substrate/Glints2/dict_0002_0143.uasset" 7673
"../../../Engine/Content/EngineMaterials/Substrate/Glints2/dict_0002_0142.uasset" 7674
"../../../Engine/Content/EngineMaterials/Substrate/Glints2/dict_0002_0147.uasset" 7675
"../../../Engine/Content/EngineMaterials/Substrate/Glints2/dict_0002_0146.uasset" 7676
"../../../Engine/Content/EngineMaterials/Substrate/Glints2/dict_0002_0153.uasset" 7677
"../../../Engine/Content/EngineMaterials/Substrate/Glints2/dict_0002_0144.uasset" 7678
"../../../Engine/Content/EngineMaterials/Substrate/Glints2/dict_0002_0154.uasset" 7679
"../../../Engine/Content/EngineMaterials/Substrate/Glints2/dict_0002_0157.uasset" 7680
"../../../Engine/Content/EngineMaterials/Substrate/Glints2/dict_0002_0158.uasset" 7681
"../../../Engine/Content/EngineMaterials/Substrate/Glints2/dict_0002_0159.uasset" 7682
"../../../Engine/Content/EngineMaterials/Substrate/Glints2/dict_0002_0149.uasset" 7683
"../../../Engine/Content/EngineMaterials/Substrate/Glints2/dict_0002_0161.uasset" 7684
"../../../Engine/Content/EngineMaterials/Substrate/Glints2/dict_0002_0162.uasset" 7685
"/Engine/EngineMaterials/Substrate/Glints2/dict_0002_0136" 7686
"../../../Engine/Content/EngineMaterials/Substrate/Glints2/dict_0002_0163.uasset" 7687
"../../../Engine/Content/EngineMaterials/Substrate/Glints2/dict_0002_0155.uasset" 7688
"../../../Engine/Content/EngineMaterials/Substrate/Glints2/dict_0002_0152.uasset" 7689
"../../../Engine/Content/EngineMaterials/Substrate/Glints2/dict_0002_0148.uasset" 7690
"../../../Engine/Content/EngineMaterials/Substrate/Glints2/dict_0002_0140.uasset" 7691
"../../../Engine/Content/EngineMaterials/Substrate/Glints2/dict_0002_0150.uasset" 7692
"../../../Engine/Content/EngineMaterials/Substrate/Glints2/dict_0002_0156.uasset" 7693
"../../../Engine/Content/EngineMaterials/Substrate/Glints2/dict_0002_0145.uasset" 7694
"../../../Engine/Content/EngineMaterials/Substrate/Glints2/dict_0002_0160.uasset" 7695
"../../../Engine/Content/EngineMaterials/Substrate/Glints2/dict_0002_0151.uasset" 7696
"/Engine/EngineMaterials/Substrate/Glints2/dict_0002_0135" 7697
"/Engine/EngineMaterials/Substrate/Glints2/dict_0002_0134" 7698
"/Engine/EngineMaterials/Substrate/Glints2/dict_0002_0133" 7699
"/Engine/EngineMaterials/Substrate/Glints2/dict_0002_0131" 7700
"../../../Engine/Content/EngineMaterials/Substrate/Glints2/dict_0002_0164.uasset" 7701
"../../../Engine/Content/EngineMaterials/Substrate/Glints2/dict_0002_0166.uasset" 7702
"../../../Engine/Content/EngineMaterials/Substrate/Glints2/dict_0002_0165.uasset" 7703
"../../../Engine/Content/EngineMaterials/Substrate/Glints2/dict_0002_0168.uasset" 7704
"/Engine/EngineMaterials/Substrate/Glints2/dict_0002_0163" 7705
"../../../Engine/Content/EngineMaterials/Substrate/Glints2/dict_0002_0167.uasset" 7706
"/Engine/EngineMaterials/Substrate/Glints2/dict_0002_0162" 7707
"/Engine/EngineMaterials/Substrate/Glints2/dict_0002_0161" 7708
"/Engine/EngineMaterials/Substrate/Glints2/dict_0002_0160" 7709
"/Engine/EngineMaterials/Substrate/Glints2/dict_0002_0159" 7710
"/Engine/EngineMaterials/Substrate/Glints2/dict_0002_0158" 7711
"/Engine/EngineMaterials/Substrate/Glints2/dict_0002_0157" 7712
"/Engine/EngineMaterials/Substrate/Glints2/dict_0002_0156" 7713
"/Engine/EngineMaterials/Substrate/Glints2/dict_0002_0155" 7714
"/Engine/EngineMaterials/Substrate/Glints2/dict_0002_0154" 7715
"/Engine/EngineMaterials/Substrate/Glints2/dict_0002_0153" 7716
"/Engine/EngineMaterials/Substrate/Glints2/dict_0002_0152" 7717
"/Engine/EngineMaterials/Substrate/Glints2/dict_0002_0151" 7718
"/Engine/EngineMaterials/Substrate/Glints2/dict_0002_0150" 7719
"/Engine/EngineMaterials/Substrate/Glints2/dict_0002_0149" 7720
"/Engine/EngineMaterials/Substrate/Glints2/dict_0002_0148" 7721
"/Engine/EngineMaterials/Substrate/Glints2/dict_0002_0147" 7722
"/Engine/EngineMaterials/Substrate/Glints2/dict_0002_0146" 7723
"/Engine/EngineMaterials/Substrate/Glints2/dict_0002_0145" 7724
"/Engine/EngineMaterials/Substrate/Glints2/dict_0002_0144" 7725
"/Engine/EngineMaterials/Substrate/Glints2/dict_0002_0143" 7726
"/Engine/EngineMaterials/Substrate/Glints2/dict_0002_0142" 7727
"/Engine/EngineMaterials/Substrate/Glints2/dict_0002_0141" 7728
"/Engine/EngineMaterials/Substrate/Glints2/dict_0002_0140" 7729
"/Engine/EngineMaterials/Substrate/Glints2/dict_0002_0139" 7730
"/Engine/EngineMaterials/Substrate/Glints2/dict_0002_0138" 7731
"/Engine/EngineMaterials/Substrate/Glints2/dict_0002_0164" 7732
"/Engine/EngineMaterials/Substrate/Glints2/dict_0002_0137" 7733
"../../../Engine/Content/EngineMaterials/Substrate/Glints2/dict_0002_0172.uasset" 7734
"../../../Engine/Content/EngineMaterials/Substrate/Glints2/dict_0002_0169.uasset" 7735
"../../../Engine/Content/EngineMaterials/Substrate/Glints2/dict_0002_0173.uasset" 7736
"../../../Engine/Content/EngineMaterials/Substrate/Glints2/dict_0002_0174.uasset" 7737
"../../../Engine/Content/EngineMaterials/Substrate/Glints2/dict_0002_0175.uasset" 7738
"../../../Engine/Content/EngineMaterials/Substrate/Glints2/dict_0002_0170.uasset" 7739
"/Engine/EngineMaterials/Substrate/Glints2/dict_0002_0168" 7740
"../../../Engine/Content/EngineMaterials/Substrate/Glints2/dict_0002_0179.uasset" 7741
"../../../Engine/Content/EngineMaterials/Substrate/Glints2/dict_0002_0181.uasset" 7742
"../../../Engine/Content/EngineMaterials/Substrate/Glints2/dict_0002_0178.uasset" 7743
"../../../Engine/Content/EngineMaterials/Substrate/Glints2/dict_0002_0186.uasset" 7744
"../../../Engine/Content/EngineMaterials/Substrate/Glints2/dict_0002_0185.uasset" 7745
"../../../Engine/Content/EngineMaterials/Substrate/Glints2/dict_0002_0177.uasset" 7746
"../../../Engine/Content/EngineMaterials/Substrate/Glints2/dict_0002_0190.uasset" 7747
"../../../Engine/Content/EngineMaterials/Substrate/Glints2/dict_0002_0192.uasset" 7748
"../../../Engine/Content/EngineMaterials/Substrate/Glints2/dict_0002_0191.uasset" 7749
"../../../Engine/Content/EngineMaterials/Substrate/Glints2/dict_0002_0193.uasset" 7750
"../../../Engine/Content/EngineMaterials/Substrate/Glints2/dict_0002_0195.uasset" 7751
"../../../Engine/Content/EngineMaterials/Substrate/Glints2/dict_0002_0176.uasset" 7752
"../../../Engine/Content/EngineMaterials/Substrate/Glints2/dict_0002_0188.uasset" 7753
"../../../Engine/Content/EngineMaterials/Substrate/Glints2/dict_0002_0182.uasset" 7754
"../../../Engine/Content/EngineMaterials/Substrate/Glints2/dict_0002_0183.uasset" 7755
"../../../Engine/Content/EngineMaterials/Substrate/Glints2/dict_0002_0194.uasset" 7756
"../../../Engine/Content/EngineMaterials/Substrate/Glints2/dict_0002_0196.uasset" 7757
"../../../Engine/Content/EngineMaterials/Substrate/Glints2/dict_0002_0187.uasset" 7758
"../../../Engine/Content/EngineMaterials/Substrate/Glints2/dict_0002_0180.uasset" 7759
"../../../Engine/Content/EngineMaterials/Substrate/Glints2/dict_0002_0171.uasset" 7760
"../../../Engine/Content/EngineMaterials/Substrate/Glints2/dict_0002_0184.uasset" 7761
"../../../Engine/Content/EngineMaterials/Substrate/Glints2/dict_0002_0189.uasset" 7762
"/Engine/EngineMaterials/Substrate/Glints2/dict_0002_0167" 7763
"/Engine/EngineMaterials/Substrate/Glints2/dict_0002_0166" 7764
"/Engine/EngineMaterials/Substrate/Glints2/dict_0002_0165" 7765
"../../../Engine/Content/EngineMaterials/Substrate/Glints2/dict_0002_0197.uasset" 7766
"../../../Engine/Content/EngineMaterials/Substrate/Glints2/dict_0002_0198.uasset" 7767
"../../../Engine/Content/EngineMaterials/Substrate/Glints2/dict_0002_0199.uasset" 7768
"../../../Engine/Content/EngineMaterials/Substrate/Glints2/dict_0002_0200.uasset" 7769
"/Engine/EngineMaterials/Substrate/Glints2/dict_0002_0196" 7770
"/Engine/EngineMaterials/Substrate/Glints2/dict_0002_0195" 7771
"/Engine/EngineMaterials/Substrate/Glints2/dict_0002_0194" 7772
"/Engine/EngineMaterials/Substrate/Glints2/dict_0002_0193" 7773
"/Engine/EngineMaterials/Substrate/Glints2/dict_0002_0192" 7774
"/Engine/EngineMaterials/Substrate/Glints2/dict_0002_0191" 7775
"/Engine/EngineMaterials/Substrate/Glints2/dict_0002_0190" 7776
"/Engine/EngineMaterials/Substrate/Glints2/dict_0002_0189" 7777
"/Engine/EngineMaterials/Substrate/Glints2/dict_0002_0188" 7778
"/Engine/EngineMaterials/Substrate/Glints2/dict_0002_0187" 7779
"/Engine/EngineMaterials/Substrate/Glints2/dict_0002_0186" 7780
"/Engine/EngineMaterials/Substrate/Glints2/dict_0002_0185" 7781
"/Engine/EngineMaterials/Substrate/Glints2/dict_0002_0184" 7782
"/Engine/EngineMaterials/Substrate/Glints2/dict_0002_0183" 7783
"/Engine/EngineMaterials/Substrate/Glints2/dict_0002_0182" 7784
"/Engine/EngineMaterials/Substrate/Glints2/dict_0002_0181" 7785
"/Engine/EngineMaterials/Substrate/Glints2/dict_0002_0180" 7786
"/Engine/EngineMaterials/Substrate/Glints2/dict_0002_0179" 7787
"/Engine/EngineMaterials/Substrate/Glints2/dict_0002_0178" 7788
"/Engine/EngineMaterials/Substrate/Glints2/dict_0002_0177" 7789
"/Engine/EngineMaterials/Substrate/Glints2/dict_0002_0176" 7790
"/Engine/EngineMaterials/Substrate/Glints2/dict_0002_0175" 7791
"/Engine/EngineMaterials/Substrate/Glints2/dict_0002_0174" 7792
"/Engine/EngineMaterials/Substrate/Glints2/dict_0002_0173" 7793
"/Engine/EngineMaterials/Substrate/Glints2/dict_0002_0172" 7794
"/Engine/EngineMaterials/Substrate/Glints2/dict_0002_0197" 7795
"/Engine/EngineMaterials/Substrate/Glints2/dict_0002_0171" 7796
"/Engine/EngineMaterials/Substrate/Glints2/dict_0002_0170" 7797
"/Engine/EngineMaterials/Substrate/Glints2/dict_0002_0169" 7798
"../../../Engine/Content/EngineMaterials/Substrate/Glints2/dict_0002_0201.uasset" 7799
"../../../Engine/Content/EngineMaterials/Substrate/Glints2/dict_0002_0202.uasset" 7800
"../../../Engine/Content/EngineMaterials/Substrate/Glints2/dict_0002_0203.uasset" 7801
"../../../Engine/Content/EngineMaterials/Substrate/Glints2/dict_0002_0205.uasset" 7802
"../../../Engine/Content/EngineMaterials/Substrate/Glints2/dict_0002_0204.uasset" 7803
"../../../Engine/Content/EngineMaterials/Substrate/Glints2/dict_0002_0206.uasset" 7804
"../../../Engine/Content/EngineMaterials/Substrate/Glints2/dict_0002_0207.uasset" 7805
"../../../Engine/Content/EngineMaterials/Substrate/Glints2/dict_0002_0209.uasset" 7806
"../../../Engine/Content/EngineMaterials/Substrate/Glints2/dict_0002_0216.uasset" 7807
"../../../Engine/Content/EngineMaterials/Substrate/Glints2/dict_0002_0213.uasset" 7808
"/Engine/EngineMaterials/Substrate/Glints2/dict_0002_0200" 7809
"../../../Engine/Content/EngineMaterials/Substrate/Glints2/dict_0002_0214.uasset" 7810
"../../../Engine/Content/EngineMaterials/Substrate/Glints2/dict_0002_0221.uasset" 7811
"../../../Engine/Content/EngineMaterials/Substrate/Glints2/dict_0002_0223.uasset" 7812
"../../../Engine/Content/EngineMaterials/Substrate/Glints2/dict_0002_0222.uasset" 7813
"../../../Engine/Content/EngineMaterials/Substrate/Glints2/dict_0002_0215.uasset" 7814
"../../../Engine/Content/EngineMaterials/Substrate/Glints2/dict_0002_0225.uasset" 7815
"../../../Engine/Content/EngineMaterials/Substrate/Glints2/dict_0002_0227.uasset" 7816
"../../../Engine/Content/EngineMaterials/Substrate/Glints2/dict_0002_0211.uasset" 7817
"../../../Engine/Content/EngineMaterials/Substrate/Glints2/dict_0002_0220.uasset" 7818
"../../../Engine/Content/EngineMaterials/Substrate/Glints2/dict_0002_0228.uasset" 7819
"../../../Engine/Content/EngineMaterials/Substrate/Glints2/dict_0002_0229.uasset" 7820
"../../../Engine/Content/EngineMaterials/Substrate/Glints2/dict_0002_0217.uasset" 7821
"../../../Engine/Content/EngineMaterials/Substrate/Glints2/dict_0002_0210.uasset" 7822
"../../../Engine/Content/EngineMaterials/Substrate/Glints2/dict_0002_0219.uasset" 7823
"../../../Engine/Content/EngineMaterials/Substrate/Glints2/dict_0002_0218.uasset" 7824
"/Engine/EngineMaterials/Substrate/Glints2/dict_0002_0199" 7825
"../../../Engine/Content/EngineMaterials/Substrate/Glints2/dict_0002_0224.uasset" 7826
"../../../Engine/Content/EngineMaterials/Substrate/Glints2/dict_0002_0212.uasset" 7827
"../../../Engine/Content/EngineMaterials/Substrate/Glints2/dict_0002_0226.uasset" 7828
"../../../Engine/Content/EngineMaterials/Substrate/Glints2/dict_0002_0208.uasset" 7829
"/Engine/EngineMaterials/Substrate/Glints2/dict_0002_0198" 7830
"/Engine/EngineMaterials/Substrate/Glints2/dict_0002_0202" 7831
"/Engine/EngineMaterials/Substrate/Glints2/dict_0002_0201" 7832
"../../../Engine/Content/EngineMaterials/Substrate/Glints2/dict_0002_0230.uasset" 7833
"../../../Engine/Content/EngineMaterials/Substrate/Glints2/dict_0002_0231.uasset" 7834
"/Engine/EngineMaterials/Substrate/Glints2/dict_0002_0229" 7835
"../../../Engine/Content/EngineMaterials/Substrate/Glints2/dict_0002_0232.uasset" 7836
"../../../Engine/Content/EngineMaterials/Substrate/Glints2/dict_0002_0233.uasset" 7837
"../../../Engine/Content/EngineMaterials/Substrate/Glints2/dict_0002_0234.uasset" 7838
"/Engine/EngineMaterials/Substrate/Glints2/dict_0002_0228" 7839
"/Engine/EngineMaterials/Substrate/Glints2/dict_0002_0227" 7840
"/Engine/EngineMaterials/Substrate/Glints2/dict_0002_0226" 7841
"/Engine/EngineMaterials/Substrate/Glints2/dict_0002_0225" 7842
"/Engine/EngineMaterials/Substrate/Glints2/dict_0002_0224" 7843
"/Engine/EngineMaterials/Substrate/Glints2/dict_0002_0223" 7844
"/Engine/EngineMaterials/Substrate/Glints2/dict_0002_0222" 7845
"/Engine/EngineMaterials/Substrate/Glints2/dict_0002_0221" 7846
"/Engine/EngineMaterials/Substrate/Glints2/dict_0002_0220" 7847
"/Engine/EngineMaterials/Substrate/Glints2/dict_0002_0219" 7848
"/Engine/EngineMaterials/Substrate/Glints2/dict_0002_0218" 7849
"/Engine/EngineMaterials/Substrate/Glints2/dict_0002_0217" 7850
"/Engine/EngineMaterials/Substrate/Glints2/dict_0002_0216" 7851
"/Engine/EngineMaterials/Substrate/Glints2/dict_0002_0215" 7852
"/Engine/EngineMaterials/Substrate/Glints2/dict_0002_0214" 7853
"/Engine/EngineMaterials/Substrate/Glints2/dict_0002_0213" 7854
"/Engine/EngineMaterials/Substrate/Glints2/dict_0002_0212" 7855
"/Engine/EngineMaterials/Substrate/Glints2/dict_0002_0211" 7856
"/Engine/EngineMaterials/Substrate/Glints2/dict_0002_0210" 7857
"/Engine/EngineMaterials/Substrate/Glints2/dict_0002_0209" 7858
"/Engine/EngineMaterials/Substrate/Glints2/dict_0002_0208" 7859
"/Engine/EngineMaterials/Substrate/Glints2/dict_0002_0207" 7860
"/Engine/EngineMaterials/Substrate/Glints2/dict_0002_0206" 7861
"/Engine/EngineMaterials/Substrate/Glints2/dict_0002_0205" 7862
"/Engine/EngineMaterials/Substrate/Glints2/dict_0002_0204" 7863
"/Engine/EngineMaterials/Substrate/Glints2/dict_0002_0203" 7864
"../../../Engine/Content/EngineMaterials/Substrate/Glints2/dict_0002_0235.uasset" 7865
"../../../Engine/Content/EngineMaterials/Substrate/Glints2/dict_0002_0236.uasset" 7866
"../../../Engine/Content/EngineMaterials/Substrate/Glints2/dict_0002_0237.uasset" 7867
"../../../Engine/Content/EngineMaterials/Substrate/Glints2/dict_0002_0241.uasset" 7868
"../../../Engine/Content/EngineMaterials/Substrate/Glints2/dict_0002_0242.uasset" 7869
"../../../Engine/Content/EngineMaterials/Substrate/Glints2/dict_0002_0245.uasset" 7870
"../../../Engine/Content/EngineMaterials/Substrate/Glints2/dict_0002_0247.uasset" 7871
"../../../Engine/Content/EngineMaterials/Substrate/Glints2/dict_0002_0238.uasset" 7872
"../../../Engine/Content/EngineMaterials/Substrate/Glints2/dict_0002_0249.uasset" 7873
"/Engine/EngineMaterials/Substrate/Glints2/dict_0002_0234" 7874
"../../../Engine/Content/EngineMaterials/Substrate/Glints2/dict_0002_0240.uasset" 7875
"../../../Engine/Content/EngineMaterials/Substrate/Glints2/dict_0002_0243.uasset" 7876
"../../../Engine/Content/EngineMaterials/Substrate/Glints2/dict_0003_0000.uasset" 7877
"../../../Engine/Content/EngineMaterials/Substrate/Glints2/dict_0003_0001.uasset" 7878
"../../../Engine/Content/EngineMaterials/Substrate/Glints2/dict_0002_0244.uasset" 7879
"../../../Engine/Content/EngineMaterials/Substrate/Glints2/dict_0003_0003.uasset" 7880
"../../../Engine/Content/EngineMaterials/Substrate/Glints2/dict_0003_0002.uasset" 7881
"../../../Engine/Content/EngineMaterials/Substrate/Glints2/dict_0002_0250.uasset" 7882
"../../../Engine/Content/EngineMaterials/Substrate/Glints2/dict_0003_0004.uasset" 7883
"../../../Engine/Content/EngineMaterials/Substrate/Glints2/dict_0002_0251.uasset" 7884
"../../../Engine/Content/EngineMaterials/Substrate/Glints2/dict_0003_0005.uasset" 7885
"../../../Engine/Content/EngineMaterials/Substrate/Glints2/dict_0002_0253.uasset" 7886
"../../../Engine/Content/EngineMaterials/Substrate/Glints2/dict_0002_0254.uasset" 7887
"../../../Engine/Content/EngineMaterials/Substrate/Glints2/dict_0002_0246.uasset" 7888
"../../../Engine/Content/EngineMaterials/Substrate/Glints2/dict_0002_0252.uasset" 7889
"../../../Engine/Content/EngineMaterials/Substrate/Glints2/dict_0002_0255.uasset" 7890
"../../../Engine/Content/EngineMaterials/Substrate/Glints2/dict_0002_0248.uasset" 7891
"../../../Engine/Content/EngineMaterials/Substrate/Glints2/dict_0002_0239.uasset" 7892
"/Engine/EngineMaterials/Substrate/Glints2/dict_0002_0233" 7893
"/Engine/EngineMaterials/Substrate/Glints2/dict_0002_0232" 7894
"/Engine/EngineMaterials/Substrate/Glints2/dict_0002_0235" 7895
"/Engine/EngineMaterials/Substrate/Glints2/dict_0002_0231" 7896
"/Engine/EngineMaterials/Substrate/Glints2/dict_0002_0230" 7897
"../../../Engine/Content/EngineMaterials/Substrate/Glints2/dict_0003_0007.uasset" 7898
"../../../Engine/Content/EngineMaterials/Substrate/Glints2/dict_0003_0006.uasset" 7899
"../../../Engine/Content/EngineMaterials/Substrate/Glints2/dict_0003_0009.uasset" 7900
"../../../Engine/Content/EngineMaterials/Substrate/Glints2/dict_0003_0008.uasset" 7901
"/Engine/EngineMaterials/Substrate/Glints2/dict_0003_0005" 7902
"../../../Engine/Content/EngineMaterials/Substrate/Glints2/dict_0003_0010.uasset" 7903
"../../../Engine/Content/EngineMaterials/Substrate/Glints2/dict_0003_0011.uasset" 7904
"/Engine/EngineMaterials/Substrate/Glints2/dict_0003_0004" 7905
"/Engine/EngineMaterials/Substrate/Glints2/dict_0003_0003" 7906
"/Engine/EngineMaterials/Substrate/Glints2/dict_0003_0002" 7907
"/Engine/EngineMaterials/Substrate/Glints2/dict_0003_0001" 7908
"/Engine/EngineMaterials/Substrate/Glints2/dict_0003_0000" 7909
"/Engine/EngineMaterials/Substrate/Glints2/dict_0002_0255" 7910
"/Engine/EngineMaterials/Substrate/Glints2/dict_0002_0254" 7911
"/Engine/EngineMaterials/Substrate/Glints2/dict_0002_0253" 7912
"/Engine/EngineMaterials/Substrate/Glints2/dict_0002_0252" 7913
"/Engine/EngineMaterials/Substrate/Glints2/dict_0002_0251" 7914
"/Engine/EngineMaterials/Substrate/Glints2/dict_0002_0250" 7915
"/Engine/EngineMaterials/Substrate/Glints2/dict_0002_0249" 7916
"/Engine/EngineMaterials/Substrate/Glints2/dict_0002_0248" 7917
"/Engine/EngineMaterials/Substrate/Glints2/dict_0002_0247" 7918
"/Engine/EngineMaterials/Substrate/Glints2/dict_0002_0246" 7919
"/Engine/EngineMaterials/Substrate/Glints2/dict_0002_0245" 7920
"/Engine/EngineMaterials/Substrate/Glints2/dict_0002_0244" 7921
"/Engine/EngineMaterials/Substrate/Glints2/dict_0002_0243" 7922
"/Engine/EngineMaterials/Substrate/Glints2/dict_0002_0242" 7923
"/Engine/EngineMaterials/Substrate/Glints2/dict_0002_0241" 7924
"/Engine/EngineMaterials/Substrate/Glints2/dict_0002_0240" 7925
"/Engine/EngineMaterials/Substrate/Glints2/dict_0002_0239" 7926
"/Engine/EngineMaterials/Substrate/Glints2/dict_0002_0238" 7927
"/Engine/EngineMaterials/Substrate/Glints2/dict_0002_0237" 7928
"/Engine/EngineMaterials/Substrate/Glints2/dict_0002_0236" 7929
"../../../Engine/Content/EngineMaterials/Substrate/Glints2/dict_0003_0012.uasset" 7930
"../../../Engine/Content/EngineMaterials/Substrate/Glints2/dict_0003_0014.uasset" 7931
"../../../Engine/Content/EngineMaterials/Substrate/Glints2/dict_0003_0016.uasset" 7932
"../../../Engine/Content/EngineMaterials/Substrate/Glints2/dict_0003_0020.uasset" 7933
"../../../Engine/Content/EngineMaterials/Substrate/Glints2/dict_0003_0018.uasset" 7934
"../../../Engine/Content/EngineMaterials/Substrate/Glints2/dict_0003_0023.uasset" 7935
"../../../Engine/Content/EngineMaterials/Substrate/Glints2/dict_0003_0026.uasset" 7936
"../../../Engine/Content/EngineMaterials/Substrate/Glints2/dict_0003_0015.uasset" 7937
"../../../Engine/Content/EngineMaterials/Substrate/Glints2/dict_0003_0027.uasset" 7938
"../../../Engine/Content/EngineMaterials/Substrate/Glints2/dict_0003_0030.uasset" 7939
"../../../Engine/Content/EngineMaterials/Substrate/Glints2/dict_0003_0029.uasset" 7940
"../../../Engine/Content/EngineMaterials/Substrate/Glints2/dict_0003_0024.uasset" 7941
"../../../Engine/Content/EngineMaterials/Substrate/Glints2/dict_0003_0033.uasset" 7942
"../../../Engine/Content/EngineMaterials/Substrate/Glints2/dict_0003_0025.uasset" 7943
"../../../Engine/Content/EngineMaterials/Substrate/Glints2/dict_0003_0032.uasset" 7944
"../../../Engine/Content/EngineMaterials/Substrate/Glints2/dict_0003_0031.uasset" 7945
"../../../Engine/Content/EngineMaterials/Substrate/Glints2/dict_0003_0037.uasset" 7946
"../../../Engine/Content/EngineMaterials/Substrate/Glints2/dict_0003_0019.uasset" 7947
"../../../Engine/Content/EngineMaterials/Substrate/Glints2/dict_0003_0028.uasset" 7948
"/Engine/EngineMaterials/Substrate/Glints2/dict_0003_0011" 7949
"../../../Engine/Content/EngineMaterials/Substrate/Glints2/dict_0003_0021.uasset" 7950
"../../../Engine/Content/EngineMaterials/Substrate/Glints2/dict_0003_0017.uasset" 7951
"../../../Engine/Content/EngineMaterials/Substrate/Glints2/dict_0003_0034.uasset" 7952
"../../../Engine/Content/EngineMaterials/Substrate/Glints2/dict_0003_0035.uasset" 7953
"../../../Engine/Content/EngineMaterials/Substrate/Glints2/dict_0003_0022.uasset" 7954
"../../../Engine/Content/EngineMaterials/Substrate/Glints2/dict_0003_0013.uasset" 7955
"../../../Engine/Content/EngineMaterials/Substrate/Glints2/dict_0003_0036.uasset" 7956
"/Engine/EngineMaterials/Substrate/Glints2/dict_0003_0010" 7957
"/Engine/EngineMaterials/Substrate/Glints2/dict_0003_0009" 7958
"/Engine/EngineMaterials/Substrate/Glints2/dict_0003_0008" 7959
"/Engine/EngineMaterials/Substrate/Glints2/dict_0003_0007" 7960
"/Engine/EngineMaterials/Substrate/Glints2/dict_0003_0006" 7961
"../../../Engine/Content/EngineMaterials/Substrate/Glints2/dict_0003_0038.uasset" 7962
"../../../Engine/Content/EngineMaterials/Substrate/Glints2/dict_0003_0039.uasset" 7963
"../../../Engine/Content/EngineMaterials/Substrate/Glints2/dict_0003_0042.uasset" 7964
"/Engine/EngineMaterials/Substrate/Glints2/dict_0003_0037" 7965
"../../../Engine/Content/EngineMaterials/Substrate/Glints2/dict_0003_0041.uasset" 7966
"../../../Engine/Content/EngineMaterials/Substrate/Glints2/dict_0003_0043.uasset" 7967
"../../../Engine/Content/EngineMaterials/Substrate/Glints2/dict_0003_0040.uasset" 7968
"/Engine/EngineMaterials/Substrate/Glints2/dict_0003_0036" 7969
"/Engine/EngineMaterials/Substrate/Glints2/dict_0003_0035" 7970
"/Engine/EngineMaterials/Substrate/Glints2/dict_0003_0034" 7971
"/Engine/EngineMaterials/Substrate/Glints2/dict_0003_0033" 7972
"/Engine/EngineMaterials/Substrate/Glints2/dict_0003_0032" 7973
"/Engine/EngineMaterials/Substrate/Glints2/dict_0003_0031" 7974
"/Engine/EngineMaterials/Substrate/Glints2/dict_0003_0030" 7975
"/Engine/EngineMaterials/Substrate/Glints2/dict_0003_0029" 7976
"/Engine/EngineMaterials/Substrate/Glints2/dict_0003_0028" 7977
"/Engine/EngineMaterials/Substrate/Glints2/dict_0003_0027" 7978
"/Engine/EngineMaterials/Substrate/Glints2/dict_0003_0026" 7979
"/Engine/EngineMaterials/Substrate/Glints2/dict_0003_0025" 7980
"/Engine/EngineMaterials/Substrate/Glints2/dict_0003_0024" 7981
"/Engine/EngineMaterials/Substrate/Glints2/dict_0003_0023" 7982
"/Engine/EngineMaterials/Substrate/Glints2/dict_0003_0022" 7983
"/Engine/EngineMaterials/Substrate/Glints2/dict_0003_0021" 7984
"/Engine/EngineMaterials/Substrate/Glints2/dict_0003_0020" 7985
"/Engine/EngineMaterials/Substrate/Glints2/dict_0003_0019" 7986
"/Engine/EngineMaterials/Substrate/Glints2/dict_0003_0018" 7987
"/Engine/EngineMaterials/Substrate/Glints2/dict_0003_0017" 7988
"/Engine/EngineMaterials/Substrate/Glints2/dict_0003_0016" 7989
"/Engine/EngineMaterials/Substrate/Glints2/dict_0003_0015" 7990
"/Engine/EngineMaterials/Substrate/Glints2/dict_0003_0014" 7991
"/Engine/EngineMaterials/Substrate/Glints2/dict_0003_0013" 7992
"/Engine/EngineMaterials/Substrate/Glints2/dict_0003_0012" 7993
"../../../Engine/Content/EngineMaterials/Substrate/Glints2/dict_0003_0044.uasset" 7994
"../../../Engine/Content/EngineMaterials/Substrate/Glints2/dict_0003_0046.uasset" 7995
"../../../Engine/Content/EngineMaterials/Substrate/Glints2/dict_0003_0053.uasset" 7996
"../../../Engine/Content/EngineMaterials/Substrate/Glints2/dict_0003_0051.uasset" 7997
"../../../Engine/Content/EngineMaterials/Substrate/Glints2/dict_0003_0054.uasset" 7998
"../../../Engine/Content/EngineMaterials/Substrate/Glints2/dict_0003_0056.uasset" 7999
"../../../Engine/Content/EngineMaterials/Substrate/Glints2/dict_0003_0052.uasset" 8000
"/Engine/EngineMaterials/Substrate/Glints2/dict_0003_0043" 8001
"../../../Engine/Content/EngineMaterials/Substrate/Glints2/dict_0003_0057.uasset" 8002
"../../../Engine/Content/EngineMaterials/Substrate/Glints2/dict_0003_0062.uasset" 8003
"../../../Engine/Content/EngineMaterials/Substrate/Glints2/dict_0003_0061.uasset" 8004
"../../../Engine/Content/EngineMaterials/Substrate/Glints2/dict_0003_0063.uasset" 8005
"../../../Engine/Content/EngineMaterials/Substrate/Glints2/dict_0003_0050.uasset" 8006
"../../../Engine/Content/EngineMaterials/Substrate/Glints2/dict_0003_0058.uasset" 8007
"../../../Engine/Content/EngineMaterials/Substrate/Glints2/dict_0003_0059.uasset" 8008
"../../../Engine/Content/EngineMaterials/Substrate/Glints2/dict_0003_0064.uasset" 8009
"../../../Engine/Content/EngineMaterials/Substrate/Glints2/dict_0003_0067.uasset" 8010
"../../../Engine/Content/EngineMaterials/Substrate/Glints2/dict_0003_0069.uasset" 8011
"../../../Engine/Content/EngineMaterials/Substrate/Glints2/dict_0003_0045.uasset" 8012
"../../../Engine/Content/EngineMaterials/Substrate/Glints2/dict_0003_0048.uasset" 8013
"../../../Engine/Content/EngineMaterials/Substrate/Glints2/dict_0003_0049.uasset" 8014
"../../../Engine/Content/EngineMaterials/Substrate/Glints2/dict_0003_0065.uasset" 8015
"../../../Engine/Content/EngineMaterials/Substrate/Glints2/dict_0003_0068.uasset" 8016
"../../../Engine/Content/EngineMaterials/Substrate/Glints2/dict_0003_0047.uasset" 8017
"/Engine/EngineMaterials/Substrate/Glints2/dict_0003_0042" 8018
"../../../Engine/Content/EngineMaterials/Substrate/Glints2/dict_0003_0055.uasset" 8019
"../../../Engine/Content/EngineMaterials/Substrate/Glints2/dict_0003_0060.uasset" 8020
"../../../Engine/Content/EngineMaterials/Substrate/Glints2/dict_0003_0066.uasset" 8021
"/Engine/EngineMaterials/Substrate/Glints2/dict_0003_0041" 8022
"/Engine/EngineMaterials/Substrate/Glints2/dict_0003_0040" 8023
"/Engine/EngineMaterials/Substrate/Glints2/dict_0003_0039" 8024
"/Engine/EngineMaterials/Substrate/Glints2/dict_0003_0038" 8025
"../../../Engine/Content/EngineMaterials/Substrate/Glints2/dict_0003_0070.uasset" 8026
"../../../Engine/Content/EngineMaterials/Substrate/Glints2/dict_0003_0072.uasset" 8027
"../../../Engine/Content/EngineMaterials/Substrate/Glints2/dict_0003_0071.uasset" 8028
"/Engine/EngineMaterials/Substrate/Glints2/dict_0003_0069" 8029
"../../../Engine/Content/EngineMaterials/Substrate/Glints2/dict_0003_0074.uasset" 8030
"../../../Engine/Content/EngineMaterials/Substrate/Glints2/dict_0003_0073.uasset" 8031
"../../../Engine/Content/EngineMaterials/Substrate/Glints2/dict_0003_0075.uasset" 8032
"/Engine/EngineMaterials/Substrate/Glints2/dict_0003_0068" 8033
"/Engine/EngineMaterials/Substrate/Glints2/dict_0003_0067" 8034
"/Engine/EngineMaterials/Substrate/Glints2/dict_0003_0066" 8035
"/Engine/EngineMaterials/Substrate/Glints2/dict_0003_0065" 8036
"/Engine/EngineMaterials/Substrate/Glints2/dict_0003_0064" 8037
"/Engine/EngineMaterials/Substrate/Glints2/dict_0003_0063" 8038
"/Engine/EngineMaterials/Substrate/Glints2/dict_0003_0062" 8039
"/Engine/EngineMaterials/Substrate/Glints2/dict_0003_0061" 8040
"/Engine/EngineMaterials/Substrate/Glints2/dict_0003_0060" 8041
"/Engine/EngineMaterials/Substrate/Glints2/dict_0003_0059" 8042
"/Engine/EngineMaterials/Substrate/Glints2/dict_0003_0058" 8043
"/Engine/EngineMaterials/Substrate/Glints2/dict_0003_0057" 8044
"/Engine/EngineMaterials/Substrate/Glints2/dict_0003_0056" 8045
"/Engine/EngineMaterials/Substrate/Glints2/dict_0003_0055" 8046
"/Engine/EngineMaterials/Substrate/Glints2/dict_0003_0054" 8047
"/Engine/EngineMaterials/Substrate/Glints2/dict_0003_0053" 8048
"/Engine/EngineMaterials/Substrate/Glints2/dict_0003_0052" 8049
"/Engine/EngineMaterials/Substrate/Glints2/dict_0003_0051" 8050
"/Engine/EngineMaterials/Substrate/Glints2/dict_0003_0050" 8051
"/Engine/EngineMaterials/Substrate/Glints2/dict_0003_0049" 8052
"/Engine/EngineMaterials/Substrate/Glints2/dict_0003_0048" 8053
"/Engine/EngineMaterials/Substrate/Glints2/dict_0003_0047" 8054
"/Engine/EngineMaterials/Substrate/Glints2/dict_0003_0046" 8055
"/Engine/EngineMaterials/Substrate/Glints2/dict_0003_0045" 8056
"/Engine/EngineMaterials/Substrate/Glints2/dict_0003_0044" 8057
"/Engine/EngineMaterials/Substrate/Glints2/dict_0003_0072" 8058
"/Engine/EngineMaterials/Substrate/Glints2/dict_0003_0070" 8059
"../../../Engine/Content/EngineMaterials/Substrate/Glints2/dict_0003_0077.uasset" 8060
"../../../Engine/Content/EngineMaterials/Substrate/Glints2/dict_0003_0078.uasset" 8061
"../../../Engine/Content/EngineMaterials/Substrate/Glints2/dict_0003_0080.uasset" 8062
"../../../Engine/Content/EngineMaterials/Substrate/Glints2/dict_0003_0085.uasset" 8063
"../../../Engine/Content/EngineMaterials/Substrate/Glints2/dict_0003_0079.uasset" 8064
"/Engine/EngineMaterials/Substrate/Glints2/dict_0003_0075" 8065
"../../../Engine/Content/EngineMaterials/Substrate/Glints2/dict_0003_0082.uasset" 8066
"../../../Engine/Content/EngineMaterials/Substrate/Glints2/dict_0003_0084.uasset" 8067
"../../../Engine/Content/EngineMaterials/Substrate/Glints2/dict_0003_0076.uasset" 8068
"../../../Engine/Content/EngineMaterials/Substrate/Glints2/dict_0003_0087.uasset" 8069
"../../../Engine/Content/EngineMaterials/Substrate/Glints2/dict_0003_0088.uasset" 8070
"../../../Engine/Content/EngineMaterials/Substrate/Glints2/dict_0003_0086.uasset" 8071
"../../../Engine/Content/EngineMaterials/Substrate/Glints2/dict_0003_0089.uasset" 8072
"../../../Engine/Content/EngineMaterials/Substrate/Glints2/dict_0003_0081.uasset" 8073
"../../../Engine/Content/EngineMaterials/Substrate/Glints2/dict_0003_0094.uasset" 8074
"../../../Engine/Content/EngineMaterials/Substrate/Glints2/dict_0003_0092.uasset" 8075
"../../../Engine/Content/EngineMaterials/Substrate/Glints2/dict_0003_0097.uasset" 8076
"../../../Engine/Content/EngineMaterials/Substrate/Glints2/dict_0003_0096.uasset" 8077
"../../../Engine/Content/EngineMaterials/Substrate/Glints2/dict_0003_0095.uasset" 8078
"../../../Engine/Content/EngineMaterials/Substrate/Glints2/dict_0003_0099.uasset" 8079
"../../../Engine/Content/EngineMaterials/Substrate/Glints2/dict_0003_0101.uasset" 8080
"/Engine/EngineMaterials/Substrate/Glints2/dict_0003_0074" 8081
"../../../Engine/Content/EngineMaterials/Substrate/Glints2/dict_0003_0103.uasset" 8082
"../../../Engine/Content/EngineMaterials/Substrate/Glints2/dict_0003_0093.uasset" 8083
"../../../Engine/Content/EngineMaterials/Substrate/Glints2/dict_0003_0091.uasset" 8084
"../../../Engine/Content/EngineMaterials/Substrate/Glints2/dict_0003_0100.uasset" 8085
"../../../Engine/Content/EngineMaterials/Substrate/Glints2/dict_0003_0098.uasset" 8086
"../../../Engine/Content/EngineMaterials/Substrate/Glints2/dict_0003_0102.uasset" 8087
"../../../Engine/Content/EngineMaterials/Substrate/Glints2/dict_0003_0090.uasset" 8088
"../../../Engine/Content/EngineMaterials/Substrate/Glints2/dict_0003_0083.uasset" 8089
"/Engine/EngineMaterials/Substrate/Glints2/dict_0003_0073" 8090
"/Engine/EngineMaterials/Substrate/Glints2/dict_0003_0071" 8091
"../../../Engine/Content/EngineMaterials/Substrate/Glints2/dict_0003_0104.uasset" 8092
"../../../Engine/Content/EngineMaterials/Substrate/Glints2/dict_0003_0106.uasset" 8093
"../../../Engine/Content/EngineMaterials/Substrate/Glints2/dict_0003_0105.uasset" 8094
"../../../Engine/Content/EngineMaterials/Substrate/Glints2/dict_0003_0107.uasset" 8095
"/Engine/EngineMaterials/Substrate/Glints2/dict_0003_0103" 8096
"/Engine/EngineMaterials/Substrate/Glints2/dict_0003_0102" 8097
"/Engine/EngineMaterials/Substrate/Glints2/dict_0003_0101" 8098
"/Engine/EngineMaterials/Substrate/Glints2/dict_0003_0100" 8099
"/Engine/EngineMaterials/Substrate/Glints2/dict_0003_0099" 8100
"/Engine/EngineMaterials/Substrate/Glints2/dict_0003_0098" 8101
"/Engine/EngineMaterials/Substrate/Glints2/dict_0003_0097" 8102
"/Engine/EngineMaterials/Substrate/Glints2/dict_0003_0096" 8103
"/Engine/EngineMaterials/Substrate/Glints2/dict_0003_0095" 8104
"/Engine/EngineMaterials/Substrate/Glints2/dict_0003_0094" 8105
"/Engine/EngineMaterials/Substrate/Glints2/dict_0003_0093" 8106
"/Engine/EngineMaterials/Substrate/Glints2/dict_0003_0092" 8107
"/Engine/EngineMaterials/Substrate/Glints2/dict_0003_0091" 8108
"/Engine/EngineMaterials/Substrate/Glints2/dict_0003_0090" 8109
"/Engine/EngineMaterials/Substrate/Glints2/dict_0003_0089" 8110
"/Engine/EngineMaterials/Substrate/Glints2/dict_0003_0088" 8111
"/Engine/EngineMaterials/Substrate/Glints2/dict_0003_0087" 8112
"/Engine/EngineMaterials/Substrate/Glints2/dict_0003_0086" 8113
"/Engine/EngineMaterials/Substrate/Glints2/dict_0003_0085" 8114
"/Engine/EngineMaterials/Substrate/Glints2/dict_0003_0084" 8115
"/Engine/EngineMaterials/Substrate/Glints2/dict_0003_0083" 8116
"/Engine/EngineMaterials/Substrate/Glints2/dict_0003_0082" 8117
"/Engine/EngineMaterials/Substrate/Glints2/dict_0003_0081" 8118
"/Engine/EngineMaterials/Substrate/Glints2/dict_0003_0080" 8119
"/Engine/EngineMaterials/Substrate/Glints2/dict_0003_0079" 8120
"/Engine/EngineMaterials/Substrate/Glints2/dict_0003_0078" 8121
"/Engine/EngineMaterials/Substrate/Glints2/dict_0003_0077" 8122
"/Engine/EngineMaterials/Substrate/Glints2/dict_0003_0104" 8123
"/Engine/EngineMaterials/Substrate/Glints2/dict_0003_0076" 8124
"../../../Engine/Content/EngineMaterials/Substrate/Glints2/dict_0003_0109.uasset" 8125
"../../../Engine/Content/EngineMaterials/Substrate/Glints2/dict_0003_0115.uasset" 8126
"../../../Engine/Content/EngineMaterials/Substrate/Glints2/dict_0003_0117.uasset" 8127
"../../../Engine/Content/EngineMaterials/Substrate/Glints2/dict_0003_0118.uasset" 8128
"../../../Engine/Content/EngineMaterials/Substrate/Glints2/dict_0003_0112.uasset" 8129
"/Engine/EngineMaterials/Substrate/Glints2/dict_0003_0107" 8130
"../../../Engine/Content/EngineMaterials/Substrate/Glints2/dict_0003_0121.uasset" 8131
"../../../Engine/Content/EngineMaterials/Substrate/Glints2/dict_0003_0116.uasset" 8132
"../../../Engine/Content/EngineMaterials/Substrate/Glints2/dict_0003_0123.uasset" 8133
"../../../Engine/Content/EngineMaterials/Substrate/Glints2/dict_0003_0124.uasset" 8134
"../../../Engine/Content/EngineMaterials/Substrate/Glints2/dict_0003_0126.uasset" 8135
"../../../Engine/Content/EngineMaterials/Substrate/Glints2/dict_0003_0110.uasset" 8136
"../../../Engine/Content/EngineMaterials/Substrate/Glints2/dict_0003_0127.uasset" 8137
"../../../Engine/Content/EngineMaterials/Substrate/Glints2/dict_0003_0128.uasset" 8138
"../../../Engine/Content/EngineMaterials/Substrate/Glints2/dict_0003_0120.uasset" 8139
"../../../Engine/Content/EngineMaterials/Substrate/Glints2/dict_0003_0131.uasset" 8140
"../../../Engine/Content/EngineMaterials/Substrate/Glints2/dict_0003_0132.uasset" 8141
"../../../Engine/Content/EngineMaterials/Substrate/Glints2/dict_0003_0114.uasset" 8142
"../../../Engine/Content/EngineMaterials/Substrate/Glints2/dict_0003_0135.uasset" 8143
"../../../Engine/Content/EngineMaterials/Substrate/Glints2/dict_0003_0111.uasset" 8144
"../../../Engine/Content/EngineMaterials/Substrate/Glints2/dict_0003_0108.uasset" 8145
"/Engine/EngineMaterials/Substrate/Glints2/dict_0003_0106" 8146
"../../../Engine/Content/EngineMaterials/Substrate/Glints2/dict_0003_0113.uasset" 8147
"../../../Engine/Content/EngineMaterials/Substrate/Glints2/dict_0003_0119.uasset" 8148
"../../../Engine/Content/EngineMaterials/Substrate/Glints2/dict_0003_0134.uasset" 8149
"../../../Engine/Content/EngineMaterials/Substrate/Glints2/dict_0003_0130.uasset" 8150
"../../../Engine/Content/EngineMaterials/Substrate/Glints2/dict_0003_0122.uasset" 8151
"../../../Engine/Content/EngineMaterials/Substrate/Glints2/dict_0003_0133.uasset" 8152
"../../../Engine/Content/EngineMaterials/Substrate/Glints2/dict_0003_0125.uasset" 8153
"../../../Engine/Content/EngineMaterials/Substrate/Glints2/dict_0003_0136.uasset" 8154
"../../../Engine/Content/EngineMaterials/Substrate/Glints2/dict_0003_0129.uasset" 8155
"/Engine/EngineMaterials/Substrate/Glints2/dict_0003_0105" 8156
"../../../Engine/Content/EngineMaterials/Substrate/Glints2/dict_0003_0137.uasset" 8157
"../../../Engine/Content/EngineMaterials/Substrate/Glints2/dict_0003_0138.uasset" 8158
"../../../Engine/Content/EngineMaterials/Substrate/Glints2/dict_0003_0139.uasset" 8159
"/Engine/EngineMaterials/Substrate/Glints2/dict_0003_0136" 8160
"/Engine/EngineMaterials/Substrate/Glints2/dict_0003_0135" 8161
"/Engine/EngineMaterials/Substrate/Glints2/dict_0003_0134" 8162
"/Engine/EngineMaterials/Substrate/Glints2/dict_0003_0133" 8163
"/Engine/EngineMaterials/Substrate/Glints2/dict_0003_0132" 8164
"/Engine/EngineMaterials/Substrate/Glints2/dict_0003_0131" 8165
"/Engine/EngineMaterials/Substrate/Glints2/dict_0003_0130" 8166
"/Engine/EngineMaterials/Substrate/Glints2/dict_0003_0129" 8167
"/Engine/EngineMaterials/Substrate/Glints2/dict_0003_0128" 8168
"/Engine/EngineMaterials/Substrate/Glints2/dict_0003_0127" 8169
"/Engine/EngineMaterials/Substrate/Glints2/dict_0003_0126" 8170
"/Engine/EngineMaterials/Substrate/Glints2/dict_0003_0125" 8171
"/Engine/EngineMaterials/Substrate/Glints2/dict_0003_0124" 8172
"/Engine/EngineMaterials/Substrate/Glints2/dict_0003_0123" 8173
"/Engine/EngineMaterials/Substrate/Glints2/dict_0003_0122" 8174
"/Engine/EngineMaterials/Substrate/Glints2/dict_0003_0121" 8175
"/Engine/EngineMaterials/Substrate/Glints2/dict_0003_0120" 8176
"/Engine/EngineMaterials/Substrate/Glints2/dict_0003_0119" 8177
"/Engine/EngineMaterials/Substrate/Glints2/dict_0003_0118" 8178
"/Engine/EngineMaterials/Substrate/Glints2/dict_0003_0117" 8179
"/Engine/EngineMaterials/Substrate/Glints2/dict_0003_0116" 8180
"/Engine/EngineMaterials/Substrate/Glints2/dict_0003_0115" 8181
"/Engine/EngineMaterials/Substrate/Glints2/dict_0003_0114" 8182
"/Engine/EngineMaterials/Substrate/Glints2/dict_0003_0113" 8183
"/Engine/EngineMaterials/Substrate/Glints2/dict_0003_0137" 8184
"/Engine/EngineMaterials/Substrate/Glints2/dict_0003_0112" 8185
"/Engine/EngineMaterials/Substrate/Glints2/dict_0003_0111" 8186
"/Engine/EngineMaterials/Substrate/Glints2/dict_0003_0110" 8187
"/Engine/EngineMaterials/Substrate/Glints2/dict_0003_0109" 8188
"/Engine/EngineMaterials/Substrate/Glints2/dict_0003_0108" 8189
"../../../Engine/Content/EngineMaterials/Substrate/Glints2/dict_0003_0140.uasset" 8190
"../../../Engine/Content/EngineMaterials/Substrate/Glints2/dict_0003_0141.uasset" 8191
"../../../Engine/Content/EngineMaterials/Substrate/Glints2/dict_0003_0144.uasset" 8192
"../../../Engine/Content/EngineMaterials/Substrate/Glints2/dict_0003_0149.uasset" 8193
"../../../Engine/Content/EngineMaterials/Substrate/Glints2/dict_0003_0146.uasset" 8194
"../../../Engine/Content/EngineMaterials/Substrate/Glints2/dict_0003_0148.uasset" 8195
"/Engine/EngineMaterials/Substrate/Glints2/dict_0003_0139" 8196
"../../../Engine/Content/EngineMaterials/Substrate/Glints2/dict_0003_0154.uasset" 8197
"../../../Engine/Content/EngineMaterials/Substrate/Glints2/dict_0003_0145.uasset" 8198
"../../../Engine/Content/EngineMaterials/Substrate/Glints2/dict_0003_0153.uasset" 8199
"../../../Engine/Content/EngineMaterials/Substrate/Glints2/dict_0003_0142.uasset" 8200
"../../../Engine/Content/EngineMaterials/Substrate/Glints2/dict_0003_0158.uasset" 8201
"../../../Engine/Content/EngineMaterials/Substrate/Glints2/dict_0003_0162.uasset" 8202
"../../../Engine/Content/EngineMaterials/Substrate/Glints2/dict_0003_0157.uasset" 8203
"../../../Engine/Content/EngineMaterials/Substrate/Glints2/dict_0003_0143.uasset" 8204
"../../../Engine/Content/EngineMaterials/Substrate/Glints2/dict_0003_0164.uasset" 8205
"../../../Engine/Content/EngineMaterials/Substrate/Glints2/dict_0003_0161.uasset" 8206
"../../../Engine/Content/EngineMaterials/Substrate/Glints2/dict_0003_0155.uasset" 8207
"../../../Engine/Content/EngineMaterials/Substrate/Glints2/dict_0003_0159.uasset" 8208
"../../../Engine/Content/EngineMaterials/Substrate/Glints2/dict_0003_0167.uasset" 8209
"../../../Engine/Content/EngineMaterials/Substrate/Glints2/dict_0003_0163.uasset" 8210
"../../../Engine/Content/EngineMaterials/Substrate/Glints2/dict_0003_0152.uasset" 8211
"../../../Engine/Content/EngineMaterials/Substrate/Glints2/dict_0003_0168.uasset" 8212
"../../../Engine/Content/EngineMaterials/Substrate/Glints2/dict_0003_0156.uasset" 8213
"../../../Engine/Content/EngineMaterials/Substrate/Glints2/dict_0003_0147.uasset" 8214
"/Engine/EngineMaterials/Substrate/Glints2/dict_0003_0138" 8215
"../../../Engine/Content/EngineMaterials/Substrate/Glints2/dict_0003_0160.uasset" 8216
"../../../Engine/Content/EngineMaterials/Substrate/Glints2/dict_0003_0151.uasset" 8217
"../../../Engine/Content/EngineMaterials/Substrate/Glints2/dict_0003_0165.uasset" 8218
"../../../Engine/Content/EngineMaterials/Substrate/Glints2/dict_0003_0166.uasset" 8219
"../../../Engine/Content/EngineMaterials/Substrate/Glints2/dict_0003_0150.uasset" 8220
"../../../Engine/Content/EngineMaterials/Substrate/Glints2/dict_0003_0169.uasset" 8221
"../../../Engine/Content/EngineMaterials/Substrate/Glints2/dict_0003_0170.uasset" 8222
"../../../Engine/Content/EngineMaterials/Substrate/Glints2/dict_0003_0171.uasset" 8223
"/Engine/EngineMaterials/Substrate/Glints2/dict_0003_0169" 8224
"/Engine/EngineMaterials/Substrate/Glints2/dict_0003_0168" 8225
"/Engine/EngineMaterials/Substrate/Glints2/dict_0003_0167" 8226
"/Engine/EngineMaterials/Substrate/Glints2/dict_0003_0166" 8227
"/Engine/EngineMaterials/Substrate/Glints2/dict_0003_0165" 8228
"/Engine/EngineMaterials/Substrate/Glints2/dict_0003_0164" 8229
"/Engine/EngineMaterials/Substrate/Glints2/dict_0003_0163" 8230
"/Engine/EngineMaterials/Substrate/Glints2/dict_0003_0162" 8231
"/Engine/EngineMaterials/Substrate/Glints2/dict_0003_0161" 8232
"/Engine/EngineMaterials/Substrate/Glints2/dict_0003_0160" 8233
"/Engine/EngineMaterials/Substrate/Glints2/dict_0003_0159" 8234
"/Engine/EngineMaterials/Substrate/Glints2/dict_0003_0158" 8235
"/Engine/EngineMaterials/Substrate/Glints2/dict_0003_0157" 8236
"/Engine/EngineMaterials/Substrate/Glints2/dict_0003_0156" 8237
"/Engine/EngineMaterials/Substrate/Glints2/dict_0003_0155" 8238
"/Engine/EngineMaterials/Substrate/Glints2/dict_0003_0154" 8239
"/Engine/EngineMaterials/Substrate/Glints2/dict_0003_0153" 8240
"/Engine/EngineMaterials/Substrate/Glints2/dict_0003_0152" 8241
"/Engine/EngineMaterials/Substrate/Glints2/dict_0003_0151" 8242
"/Engine/EngineMaterials/Substrate/Glints2/dict_0003_0150" 8243
"/Engine/EngineMaterials/Substrate/Glints2/dict_0003_0149" 8244
"/Engine/EngineMaterials/Substrate/Glints2/dict_0003_0148" 8245
"/Engine/EngineMaterials/Substrate/Glints2/dict_0003_0147" 8246
"/Engine/EngineMaterials/Substrate/Glints2/dict_0003_0146" 8247
"/Engine/EngineMaterials/Substrate/Glints2/dict_0003_0145" 8248
"/Engine/EngineMaterials/Substrate/Glints2/dict_0003_0144" 8249
"/Engine/EngineMaterials/Substrate/Glints2/dict_0003_0143" 8250
"/Engine/EngineMaterials/Substrate/Glints2/dict_0003_0142" 8251
"/Engine/EngineMaterials/Substrate/Glints2/dict_0003_0141" 8252
"/Engine/EngineMaterials/Substrate/Glints2/dict_0003_0140" 8253
"../../../Engine/Content/EngineMaterials/Substrate/Glints2/dict_0003_0175.uasset" 8254
"../../../Engine/Content/EngineMaterials/Substrate/Glints2/dict_0003_0178.uasset" 8255
"../../../Engine/Content/EngineMaterials/Substrate/Glints2/dict_0003_0183.uasset" 8256
"../../../Engine/Content/EngineMaterials/Substrate/Glints2/dict_0003_0184.uasset" 8257
"../../../Engine/Content/EngineMaterials/Substrate/Glints2/dict_0003_0177.uasset" 8258
"/Engine/EngineMaterials/Substrate/Glints2/dict_0003_0171" 8259
"../../../Engine/Content/EngineMaterials/Substrate/Glints2/dict_0003_0181.uasset" 8260
"../../../Engine/Content/EngineMaterials/Substrate/Glints2/dict_0003_0174.uasset" 8261
"../../../Engine/Content/EngineMaterials/Substrate/Glints2/dict_0003_0186.uasset" 8262
"../../../Engine/Content/EngineMaterials/Substrate/Glints2/dict_0003_0180.uasset" 8263
"../../../Engine/Content/EngineMaterials/Substrate/Glints2/dict_0003_0189.uasset" 8264
"../../../Engine/Content/EngineMaterials/Substrate/Glints2/dict_0003_0190.uasset" 8265
"../../../Engine/Content/EngineMaterials/Substrate/Glints2/dict_0003_0185.uasset" 8266
"../../../Engine/Content/EngineMaterials/Substrate/Glints2/dict_0003_0172.uasset" 8267
"../../../Engine/Content/EngineMaterials/Substrate/Glints2/dict_0003_0192.uasset" 8268
"../../../Engine/Content/EngineMaterials/Substrate/Glints2/dict_0003_0179.uasset" 8269
"../../../Engine/Content/EngineMaterials/Substrate/Glints2/dict_0003_0191.uasset" 8270
"../../../Engine/Content/EngineMaterials/Substrate/Glints2/dict_0003_0176.uasset" 8271
"../../../Engine/Content/EngineMaterials/Substrate/Glints2/dict_0003_0193.uasset" 8272
"../../../Engine/Content/EngineMaterials/Substrate/Glints2/dict_0003_0195.uasset" 8273
"../../../Engine/Content/EngineMaterials/Substrate/Glints2/dict_0003_0198.uasset" 8274
"../../../Engine/Content/EngineMaterials/Substrate/Glints2/dict_0003_0200.uasset" 8275
"../../../Engine/Content/EngineMaterials/Substrate/Glints2/dict_0003_0196.uasset" 8276
"../../../Engine/Content/EngineMaterials/Substrate/Glints2/dict_0003_0201.uasset" 8277
"../../../Engine/Content/EngineMaterials/Substrate/Glints2/dict_0003_0187.uasset" 8278
"../../../Engine/Content/EngineMaterials/Substrate/Glints2/dict_0003_0197.uasset" 8279
"/Engine/EngineMaterials/Substrate/Glints2/dict_0003_0170" 8280
"../../../Engine/Content/EngineMaterials/Substrate/Glints2/dict_0003_0173.uasset" 8281
"../../../Engine/Content/EngineMaterials/Substrate/Glints2/dict_0003_0194.uasset" 8282
"../../../Engine/Content/EngineMaterials/Substrate/Glints2/dict_0003_0182.uasset" 8283
"../../../Engine/Content/EngineMaterials/Substrate/Glints2/dict_0003_0199.uasset" 8284
"../../../Engine/Content/EngineMaterials/Substrate/Glints2/dict_0003_0188.uasset" 8285
"../../../Engine/Content/EngineMaterials/Substrate/Glints2/dict_0003_0202.uasset" 8286
"../../../Engine/Content/EngineMaterials/Substrate/Glints2/dict_0003_0203.uasset" 8287
"/Engine/EngineMaterials/Substrate/Glints2/dict_0003_0201" 8288
"/Engine/EngineMaterials/Substrate/Glints2/dict_0003_0200" 8289
"/Engine/EngineMaterials/Substrate/Glints2/dict_0003_0199" 8290
"/Engine/EngineMaterials/Substrate/Glints2/dict_0003_0198" 8291
"/Engine/EngineMaterials/Substrate/Glints2/dict_0003_0197" 8292
"/Engine/EngineMaterials/Substrate/Glints2/dict_0003_0196" 8293
"/Engine/EngineMaterials/Substrate/Glints2/dict_0003_0195" 8294
"/Engine/EngineMaterials/Substrate/Glints2/dict_0003_0194" 8295
"/Engine/EngineMaterials/Substrate/Glints2/dict_0003_0193" 8296
"/Engine/EngineMaterials/Substrate/Glints2/dict_0003_0192" 8297
"/Engine/EngineMaterials/Substrate/Glints2/dict_0003_0191" 8298
"/Engine/EngineMaterials/Substrate/Glints2/dict_0003_0190" 8299
"/Engine/EngineMaterials/Substrate/Glints2/dict_0003_0189" 8300
"/Engine/EngineMaterials/Substrate/Glints2/dict_0003_0188" 8301
"/Engine/EngineMaterials/Substrate/Glints2/dict_0003_0187" 8302
"/Engine/EngineMaterials/Substrate/Glints2/dict_0003_0186" 8303
"/Engine/EngineMaterials/Substrate/Glints2/dict_0003_0185" 8304
"/Engine/EngineMaterials/Substrate/Glints2/dict_0003_0184" 8305
"/Engine/EngineMaterials/Substrate/Glints2/dict_0003_0183" 8306
"/Engine/EngineMaterials/Substrate/Glints2/dict_0003_0182" 8307
"/Engine/EngineMaterials/Substrate/Glints2/dict_0003_0181" 8308
"/Engine/EngineMaterials/Substrate/Glints2/dict_0003_0180" 8309
"/Engine/EngineMaterials/Substrate/Glints2/dict_0003_0179" 8310
"/Engine/EngineMaterials/Substrate/Glints2/dict_0003_0178" 8311
"/Engine/EngineMaterials/Substrate/Glints2/dict_0003_0177" 8312
"/Engine/EngineMaterials/Substrate/Glints2/dict_0003_0176" 8313
"/Engine/EngineMaterials/Substrate/Glints2/dict_0003_0175" 8314
"/Engine/EngineMaterials/Substrate/Glints2/dict_0003_0174" 8315
"/Engine/EngineMaterials/Substrate/Glints2/dict_0003_0173" 8316
"/Engine/EngineMaterials/Substrate/Glints2/dict_0003_0172" 8317
"../../../Engine/Content/EngineMaterials/Substrate/Glints2/dict_0003_0206.uasset" 8318
"../../../Engine/Content/EngineMaterials/Substrate/Glints2/dict_0003_0216.uasset" 8319
"../../../Engine/Content/EngineMaterials/Substrate/Glints2/dict_0003_0204.uasset" 8320
"../../../Engine/Content/EngineMaterials/Substrate/Glints2/dict_0003_0214.uasset" 8321
"../../../Engine/Content/EngineMaterials/Substrate/Glints2/dict_0003_0207.uasset" 8322
"/Engine/EngineMaterials/Substrate/Glints2/dict_0003_0203" 8323
"../../../Engine/Content/EngineMaterials/Substrate/Glints2/dict_0003_0221.uasset" 8324
"../../../Engine/Content/EngineMaterials/Substrate/Glints2/dict_0003_0220.uasset" 8325
"../../../Engine/Content/EngineMaterials/Substrate/Glints2/dict_0003_0222.uasset" 8326
"../../../Engine/Content/EngineMaterials/Substrate/Glints2/dict_0003_0224.uasset" 8327
"../../../Engine/Content/EngineMaterials/Substrate/Glints2/dict_0003_0223.uasset" 8328
"../../../Engine/Content/EngineMaterials/Substrate/Glints2/dict_0003_0227.uasset" 8329
"../../../Engine/Content/EngineMaterials/Substrate/Glints2/dict_0003_0208.uasset" 8330
"../../../Engine/Content/EngineMaterials/Substrate/Glints2/dict_0003_0225.uasset" 8331
"../../../Engine/Content/EngineMaterials/Substrate/Glints2/dict_0003_0213.uasset" 8332
"../../../Engine/Content/EngineMaterials/Substrate/Glints2/dict_0003_0231.uasset" 8333
"../../../Engine/Content/EngineMaterials/Substrate/Glints2/dict_0003_0217.uasset" 8334
"../../../Engine/Content/EngineMaterials/Substrate/Glints2/dict_0003_0219.uasset" 8335
"../../../Engine/Content/EngineMaterials/Substrate/Glints2/dict_0003_0229.uasset" 8336
"../../../Engine/Content/EngineMaterials/Substrate/Glints2/dict_0003_0211.uasset" 8337
"../../../Engine/Content/EngineMaterials/Substrate/Glints2/dict_0003_0215.uasset" 8338
"../../../Engine/Content/EngineMaterials/Substrate/Glints2/dict_0003_0233.uasset" 8339
"../../../Engine/Content/EngineMaterials/Substrate/Glints2/dict_0003_0218.uasset" 8340
"../../../Engine/Content/EngineMaterials/Substrate/Glints2/dict_0003_0230.uasset" 8341
"../../../Engine/Content/EngineMaterials/Substrate/Glints2/dict_0003_0209.uasset" 8342
"../../../Engine/Content/EngineMaterials/Substrate/Glints2/dict_0003_0210.uasset" 8343
"../../../Engine/Content/EngineMaterials/Substrate/Glints2/dict_0003_0232.uasset" 8344
"../../../Engine/Content/EngineMaterials/Substrate/Glints2/dict_0003_0212.uasset" 8345
"../../../Engine/Content/EngineMaterials/Substrate/Glints2/dict_0003_0226.uasset" 8346
"../../../Engine/Content/EngineMaterials/Substrate/Glints2/dict_0003_0205.uasset" 8347
"../../../Engine/Content/EngineMaterials/Substrate/Glints2/dict_0003_0228.uasset" 8348
"/Engine/EngineMaterials/Substrate/Glints2/dict_0003_0202" 8349
"../../../Engine/Content/EngineMaterials/Substrate/Glints2/dict_0003_0234.uasset" 8350
"../../../Engine/Content/EngineMaterials/Substrate/Glints2/dict_0003_0235.uasset" 8351
"/Engine/EngineMaterials/Substrate/Glints2/dict_0003_0233" 8352
"/Engine/EngineMaterials/Substrate/Glints2/dict_0003_0232" 8353
"/Engine/EngineMaterials/Substrate/Glints2/dict_0003_0231" 8354
"/Engine/EngineMaterials/Substrate/Glints2/dict_0003_0230" 8355
"/Engine/EngineMaterials/Substrate/Glints2/dict_0003_0229" 8356
"/Engine/EngineMaterials/Substrate/Glints2/dict_0003_0228" 8357
"/Engine/EngineMaterials/Substrate/Glints2/dict_0003_0227" 8358
"/Engine/EngineMaterials/Substrate/Glints2/dict_0003_0226" 8359
"/Engine/EngineMaterials/Substrate/Glints2/dict_0003_0225" 8360
"/Engine/EngineMaterials/Substrate/Glints2/dict_0003_0224" 8361
"/Engine/EngineMaterials/Substrate/Glints2/dict_0003_0223" 8362
"/Engine/EngineMaterials/Substrate/Glints2/dict_0003_0222" 8363
"/Engine/EngineMaterials/Substrate/Glints2/dict_0003_0221" 8364
"/Engine/EngineMaterials/Substrate/Glints2/dict_0003_0220" 8365
"/Engine/EngineMaterials/Substrate/Glints2/dict_0003_0219" 8366
"/Engine/EngineMaterials/Substrate/Glints2/dict_0003_0218" 8367
"/Engine/EngineMaterials/Substrate/Glints2/dict_0003_0217" 8368
"/Engine/EngineMaterials/Substrate/Glints2/dict_0003_0216" 8369
"/Engine/EngineMaterials/Substrate/Glints2/dict_0003_0215" 8370
"/Engine/EngineMaterials/Substrate/Glints2/dict_0003_0214" 8371
"/Engine/EngineMaterials/Substrate/Glints2/dict_0003_0213" 8372
"/Engine/EngineMaterials/Substrate/Glints2/dict_0003_0212" 8373
"/Engine/EngineMaterials/Substrate/Glints2/dict_0003_0211" 8374
"/Engine/EngineMaterials/Substrate/Glints2/dict_0003_0210" 8375
"/Engine/EngineMaterials/Substrate/Glints2/dict_0003_0209" 8376
"/Engine/EngineMaterials/Substrate/Glints2/dict_0003_0208" 8377
"/Engine/EngineMaterials/Substrate/Glints2/dict_0003_0207" 8378
"/Engine/EngineMaterials/Substrate/Glints2/dict_0003_0206" 8379
"/Engine/EngineMaterials/Substrate/Glints2/dict_0003_0205" 8380
"/Engine/EngineMaterials/Substrate/Glints2/dict_0003_0204" 8381
"../../../Engine/Content/EngineMaterials/Substrate/Glints2/dict_0003_0237.uasset" 8382
"../../../Engine/Content/EngineMaterials/Substrate/Glints2/dict_0003_0240.uasset" 8383
"../../../Engine/Content/EngineMaterials/Substrate/Glints2/dict_0003_0241.uasset" 8384
"../../../Engine/Content/EngineMaterials/Substrate/Glints2/dict_0003_0247.uasset" 8385
"../../../Engine/Content/EngineMaterials/Substrate/Glints2/dict_0003_0236.uasset" 8386
"../../../Engine/Content/EngineMaterials/Substrate/Glints2/dict_0003_0242.uasset" 8387
"../../../Engine/Content/EngineMaterials/Substrate/Glints2/dict_0003_0251.uasset" 8388
"../../../Engine/Content/EngineMaterials/Substrate/Glints2/dict_0003_0252.uasset" 8389
"../../../Engine/Content/EngineMaterials/Substrate/Glints2/dict_0003_0253.uasset" 8390
"../../../Engine/Content/EngineMaterials/Substrate/Glints2/dict_0003_0255.uasset" 8391
"../../../Engine/Content/EngineMaterials/Substrate/Glints2/dict_0003_0254.uasset" 8392
"../../../Engine/Content/EngineMaterials/Substrate/Glints2/dict_0003_0243.uasset" 8393
"../../../Engine/Content/EngineMaterials/Substrate/Glints2/dict_0004_0001.uasset" 8394
"../../../Engine/Content/EngineMaterials/Substrate/Glints2/dict_0004_0003.uasset" 8395
"../../../Engine/Content/EngineMaterials/Substrate/Glints2/dict_0004_0005.uasset" 8396
"../../../Engine/Content/EngineMaterials/Substrate/Glints2/dict_0004_0004.uasset" 8397
"../../../Engine/Content/EngineMaterials/Substrate/Glints2/dict_0004_0000.uasset" 8398
"../../../Engine/Content/EngineMaterials/Substrate/Glints2/dict_0004_0006.uasset" 8399
"../../../Engine/Content/EngineMaterials/Substrate/Glints2/dict_0004_0002.uasset" 8400
"../../../Engine/Content/EngineMaterials/Substrate/Glints2/dict_0003_0248.uasset" 8401
"../../../Engine/Content/EngineMaterials/Substrate/Glints2/dict_0004_0008.uasset" 8402
"../../../Engine/Content/EngineMaterials/Substrate/Glints2/dict_0003_0245.uasset" 8403
"../../../Engine/Content/EngineMaterials/Substrate/Glints2/dict_0003_0249.uasset" 8404
"../../../Engine/Content/EngineMaterials/Substrate/Glints2/dict_0003_0250.uasset" 8405
"../../../Engine/Content/EngineMaterials/Substrate/Glints2/dict_0004_0009.uasset" 8406
"../../../Engine/Content/EngineMaterials/Substrate/Glints2/dict_0003_0238.uasset" 8407
"../../../Engine/Content/EngineMaterials/Substrate/Glints2/dict_0003_0244.uasset" 8408
"/Engine/EngineMaterials/Substrate/Glints2/dict_0003_0235" 8409
"../../../Engine/Content/EngineMaterials/Substrate/Glints2/dict_0003_0239.uasset" 8410
"../../../Engine/Content/EngineMaterials/Substrate/Glints2/dict_0003_0246.uasset" 8411
"../../../Engine/Content/EngineMaterials/Substrate/Glints2/dict_0004_0007.uasset" 8412
"/Engine/EngineMaterials/Substrate/Glints2/dict_0003_0234" 8413
"../../../Engine/Content/EngineMaterials/Substrate/Glints2/dict_0004_0010.uasset" 8414
"../../../Engine/Content/EngineMaterials/Substrate/Glints2/dict_0004_0011.uasset" 8415
"/Engine/EngineMaterials/Substrate/Glints2/dict_0004_0009" 8416
"/Engine/EngineMaterials/Substrate/Glints2/dict_0004_0008" 8417
"/Engine/EngineMaterials/Substrate/Glints2/dict_0004_0007" 8418
"/Engine/EngineMaterials/Substrate/Glints2/dict_0004_0006" 8419
"/Engine/EngineMaterials/Substrate/Glints2/dict_0004_0005" 8420
"/Engine/EngineMaterials/Substrate/Glints2/dict_0004_0004" 8421
"/Engine/EngineMaterials/Substrate/Glints2/dict_0004_0003" 8422
"/Engine/EngineMaterials/Substrate/Glints2/dict_0004_0002" 8423
"/Engine/EngineMaterials/Substrate/Glints2/dict_0004_0001" 8424
"/Engine/EngineMaterials/Substrate/Glints2/dict_0004_0000" 8425
"/Engine/EngineMaterials/Substrate/Glints2/dict_0003_0255" 8426
"/Engine/EngineMaterials/Substrate/Glints2/dict_0003_0254" 8427
"/Engine/EngineMaterials/Substrate/Glints2/dict_0003_0253" 8428
"/Engine/EngineMaterials/Substrate/Glints2/dict_0003_0252" 8429
"/Engine/EngineMaterials/Substrate/Glints2/dict_0003_0251" 8430
"/Engine/EngineMaterials/Substrate/Glints2/dict_0003_0250" 8431
"/Engine/EngineMaterials/Substrate/Glints2/dict_0003_0249" 8432
"/Engine/EngineMaterials/Substrate/Glints2/dict_0003_0248" 8433
"/Engine/EngineMaterials/Substrate/Glints2/dict_0003_0247" 8434
"/Engine/EngineMaterials/Substrate/Glints2/dict_0003_0246" 8435
"/Engine/EngineMaterials/Substrate/Glints2/dict_0003_0245" 8436
"/Engine/EngineMaterials/Substrate/Glints2/dict_0003_0244" 8437
"/Engine/EngineMaterials/Substrate/Glints2/dict_0003_0243" 8438
"/Engine/EngineMaterials/Substrate/Glints2/dict_0003_0242" 8439
"/Engine/EngineMaterials/Substrate/Glints2/dict_0003_0241" 8440
"/Engine/EngineMaterials/Substrate/Glints2/dict_0003_0240" 8441
"/Engine/EngineMaterials/Substrate/Glints2/dict_0003_0239" 8442
"/Engine/EngineMaterials/Substrate/Glints2/dict_0003_0238" 8443
"/Engine/EngineMaterials/Substrate/Glints2/dict_0003_0237" 8444
"/Engine/EngineMaterials/Substrate/Glints2/dict_0003_0236" 8445
"../../../Engine/Content/EngineMaterials/Substrate/Glints2/dict_0004_0016.uasset" 8446
"../../../Engine/Content/EngineMaterials/Substrate/Glints2/dict_0004_0013.uasset" 8447
"../../../Engine/Content/EngineMaterials/Substrate/Glints2/dict_0004_0019.uasset" 8448
"../../../Engine/Content/EngineMaterials/Substrate/Glints2/dict_0004_0021.uasset" 8449
"/Engine/EngineMaterials/Substrate/Glints2/dict_0004_0011" 8450
"../../../Engine/Content/EngineMaterials/Substrate/Glints2/dict_0004_0017.uasset" 8451
"../../../Engine/Content/EngineMaterials/Substrate/Glints2/dict_0004_0014.uasset" 8452
"../../../Engine/Content/EngineMaterials/Substrate/Glints2/dict_0004_0027.uasset" 8453
"../../../Engine/Content/EngineMaterials/Substrate/Glints2/dict_0004_0029.uasset" 8454
"../../../Engine/Content/EngineMaterials/Substrate/Glints2/dict_0004_0020.uasset" 8455
"../../../Engine/Content/EngineMaterials/Substrate/Glints2/dict_0004_0031.uasset" 8456
"../../../Engine/Content/EngineMaterials/Substrate/Glints2/dict_0004_0026.uasset" 8457
"../../../Engine/Content/EngineMaterials/Substrate/Glints2/dict_0004_0024.uasset" 8458
"../../../Engine/Content/EngineMaterials/Substrate/Glints2/dict_0004_0030.uasset" 8459
"../../../Engine/Content/EngineMaterials/Substrate/Glints2/dict_0004_0033.uasset" 8460
"../../../Engine/Content/EngineMaterials/Substrate/Glints2/dict_0004_0032.uasset" 8461
"../../../Engine/Content/EngineMaterials/Substrate/Glints2/dict_0004_0034.uasset" 8462
"../../../Engine/Content/EngineMaterials/Substrate/Glints2/dict_0004_0036.uasset" 8463
"../../../Engine/Content/EngineMaterials/Substrate/Glints2/dict_0004_0025.uasset" 8464
"../../../Engine/Content/EngineMaterials/Substrate/Glints2/dict_0004_0037.uasset" 8465
"../../../Engine/Content/EngineMaterials/Substrate/Glints2/dict_0004_0039.uasset" 8466
"../../../Engine/Content/EngineMaterials/Substrate/Glints2/dict_0004_0038.uasset" 8467
"../../../Engine/Content/EngineMaterials/Substrate/Glints2/dict_0004_0023.uasset" 8468
"/Engine/EngineMaterials/Substrate/Glints2/dict_0004_0010" 8469
"../../../Engine/Content/EngineMaterials/Substrate/Glints2/dict_0004_0041.uasset" 8470
"../../../Engine/Content/EngineMaterials/Substrate/Glints2/dict_0004_0015.uasset" 8471
"../../../Engine/Content/EngineMaterials/Substrate/Glints2/dict_0004_0028.uasset" 8472
"../../../Engine/Content/EngineMaterials/Substrate/Glints2/dict_0004_0018.uasset" 8473
"../../../Engine/Content/EngineMaterials/Substrate/Glints2/dict_0004_0040.uasset" 8474
"../../../Engine/Content/EngineMaterials/Substrate/Glints2/dict_0004_0012.uasset" 8475
"../../../Engine/Content/EngineMaterials/Substrate/Glints2/dict_0004_0035.uasset" 8476
"../../../Engine/Content/EngineMaterials/Substrate/Glints2/dict_0004_0022.uasset" 8477
"../../../Engine/Content/EngineMaterials/Substrate/Glints2/dict_0004_0042.uasset" 8478
"../../../Engine/Content/EngineMaterials/Substrate/Glints2/dict_0004_0043.uasset" 8479
"/Engine/EngineMaterials/Substrate/Glints2/dict_0004_0041" 8480
"/Engine/EngineMaterials/Substrate/Glints2/dict_0004_0040" 8481
"/Engine/EngineMaterials/Substrate/Glints2/dict_0004_0039" 8482
"/Engine/EngineMaterials/Substrate/Glints2/dict_0004_0038" 8483
"/Engine/EngineMaterials/Substrate/Glints2/dict_0004_0037" 8484
"/Engine/EngineMaterials/Substrate/Glints2/dict_0004_0036" 8485
"/Engine/EngineMaterials/Substrate/Glints2/dict_0004_0035" 8486
"/Engine/EngineMaterials/Substrate/Glints2/dict_0004_0034" 8487
"/Engine/EngineMaterials/Substrate/Glints2/dict_0004_0033" 8488
"/Engine/EngineMaterials/Substrate/Glints2/dict_0004_0032" 8489
"/Engine/EngineMaterials/Substrate/Glints2/dict_0004_0031" 8490
"/Engine/EngineMaterials/Substrate/Glints2/dict_0004_0030" 8491
"/Engine/EngineMaterials/Substrate/Glints2/dict_0004_0029" 8492
"/Engine/EngineMaterials/Substrate/Glints2/dict_0004_0028" 8493
"/Engine/EngineMaterials/Substrate/Glints2/dict_0004_0027" 8494
"/Engine/EngineMaterials/Substrate/Glints2/dict_0004_0026" 8495
"/Engine/EngineMaterials/Substrate/Glints2/dict_0004_0025" 8496
"/Engine/EngineMaterials/Substrate/Glints2/dict_0004_0024" 8497
"/Engine/EngineMaterials/Substrate/Glints2/dict_0004_0023" 8498
"/Engine/EngineMaterials/Substrate/Glints2/dict_0004_0022" 8499
"/Engine/EngineMaterials/Substrate/Glints2/dict_0004_0021" 8500
"/Engine/EngineMaterials/Substrate/Glints2/dict_0004_0020" 8501
"/Engine/EngineMaterials/Substrate/Glints2/dict_0004_0019" 8502
"/Engine/EngineMaterials/Substrate/Glints2/dict_0004_0018" 8503
"/Engine/EngineMaterials/Substrate/Glints2/dict_0004_0017" 8504
"/Engine/EngineMaterials/Substrate/Glints2/dict_0004_0016" 8505
"/Engine/EngineMaterials/Substrate/Glints2/dict_0004_0015" 8506
"/Engine/EngineMaterials/Substrate/Glints2/dict_0004_0014" 8507
"/Engine/EngineMaterials/Substrate/Glints2/dict_0004_0013" 8508
"/Engine/EngineMaterials/Substrate/Glints2/dict_0004_0012" 8509
"../../../Engine/Content/EngineMaterials/Substrate/Glints2/dict_0004_0045.uasset" 8510
"../../../Engine/Content/EngineMaterials/Substrate/Glints2/dict_0004_0046.uasset" 8511
"../../../Engine/Content/EngineMaterials/Substrate/Glints2/dict_0004_0047.uasset" 8512
"../../../Engine/Content/EngineMaterials/Substrate/Glints2/dict_0004_0054.uasset" 8513
"../../../Engine/Content/EngineMaterials/Substrate/Glints2/dict_0004_0056.uasset" 8514
"../../../Engine/Content/EngineMaterials/Substrate/Glints2/dict_0004_0055.uasset" 8515
"../../../Engine/Content/EngineMaterials/Substrate/Glints2/dict_0004_0044.uasset" 8516
"../../../Engine/Content/EngineMaterials/Substrate/Glints2/dict_0004_0057.uasset" 8517
"../../../Engine/Content/EngineMaterials/Substrate/Glints2/dict_0004_0053.uasset" 8518
"../../../Engine/Content/EngineMaterials/Substrate/Glints2/dict_0004_0061.uasset" 8519
"../../../Engine/Content/EngineMaterials/Substrate/Glints2/dict_0004_0062.uasset" 8520
"../../../Engine/Content/EngineMaterials/Substrate/Glints2/dict_0004_0058.uasset" 8521
"../../../Engine/Content/EngineMaterials/Substrate/Glints2/dict_0004_0059.uasset" 8522
"../../../Engine/Content/EngineMaterials/Substrate/Glints2/dict_0004_0064.uasset" 8523
"../../../Engine/Content/EngineMaterials/Substrate/Glints2/dict_0004_0066.uasset" 8524
"../../../Engine/Content/EngineMaterials/Substrate/Glints2/dict_0004_0050.uasset" 8525
"../../../Engine/Content/EngineMaterials/Substrate/Glints2/dict_0004_0068.uasset" 8526
"../../../Engine/Content/EngineMaterials/Substrate/Glints2/dict_0004_0052.uasset" 8527
"../../../Engine/Content/EngineMaterials/Substrate/Glints2/dict_0004_0071.uasset" 8528
"../../../Engine/Content/EngineMaterials/Substrate/Glints2/dict_0004_0060.uasset" 8529
"../../../Engine/Content/EngineMaterials/Substrate/Glints2/dict_0004_0073.uasset" 8530
"../../../Engine/Content/EngineMaterials/Substrate/Glints2/dict_0004_0063.uasset" 8531
"../../../Engine/Content/EngineMaterials/Substrate/Glints2/dict_0004_0051.uasset" 8532
"../../../Engine/Content/EngineMaterials/Substrate/Glints2/dict_0004_0072.uasset" 8533
"../../../Engine/Content/EngineMaterials/Substrate/Glints2/dict_0004_0048.uasset" 8534
"../../../Engine/Content/EngineMaterials/Substrate/Glints2/dict_0004_0065.uasset" 8535
"../../../Engine/Content/EngineMaterials/Substrate/Glints2/dict_0004_0069.uasset" 8536
"../../../Engine/Content/EngineMaterials/Substrate/Glints2/dict_0004_0067.uasset" 8537
"../../../Engine/Content/EngineMaterials/Substrate/Glints2/dict_0004_0049.uasset" 8538
"../../../Engine/Content/EngineMaterials/Substrate/Glints2/dict_0004_0070.uasset" 8539
"/Engine/EngineMaterials/Substrate/Glints2/dict_0004_0043" 8540
"/Engine/EngineMaterials/Substrate/Glints2/dict_0004_0042" 8541
"/Engine/EngineMaterials/Substrate/Glints2/dict_0004_0054" 8542
"/Engine/EngineMaterials/Substrate/Glints2/dict_0004_0046" 8543
"../../../Engine/Content/EngineMaterials/Substrate/Glints2/dict_0004_0074.uasset" 8544
"../../../Engine/Content/EngineMaterials/Substrate/Glints2/dict_0004_0076.uasset" 8545
"../../../Engine/Content/EngineMaterials/Substrate/Glints2/dict_0004_0075.uasset" 8546
"../../../Engine/Content/EngineMaterials/Substrate/Glints2/dict_0004_0077.uasset" 8547
"/Engine/EngineMaterials/Substrate/Glints2/dict_0004_0073" 8548
"/Engine/EngineMaterials/Substrate/Glints2/dict_0004_0072" 8549
"/Engine/EngineMaterials/Substrate/Glints2/dict_0004_0071" 8550
"/Engine/EngineMaterials/Substrate/Glints2/dict_0004_0070" 8551
"/Engine/EngineMaterials/Substrate/Glints2/dict_0004_0069" 8552
"/Engine/EngineMaterials/Substrate/Glints2/dict_0004_0068" 8553
"/Engine/EngineMaterials/Substrate/Glints2/dict_0004_0067" 8554
"/Engine/EngineMaterials/Substrate/Glints2/dict_0004_0066" 8555
"/Engine/EngineMaterials/Substrate/Glints2/dict_0004_0065" 8556
"/Engine/EngineMaterials/Substrate/Glints2/dict_0004_0064" 8557
"/Engine/EngineMaterials/Substrate/Glints2/dict_0004_0063" 8558
"/Engine/EngineMaterials/Substrate/Glints2/dict_0004_0062" 8559
"/Engine/EngineMaterials/Substrate/Glints2/dict_0004_0061" 8560
"/Engine/EngineMaterials/Substrate/Glints2/dict_0004_0060" 8561
"/Engine/EngineMaterials/Substrate/Glints2/dict_0004_0059" 8562
"/Engine/EngineMaterials/Substrate/Glints2/dict_0004_0058" 8563
"/Engine/EngineMaterials/Substrate/Glints2/dict_0004_0057" 8564
"/Engine/EngineMaterials/Substrate/Glints2/dict_0004_0056" 8565
"/Engine/EngineMaterials/Substrate/Glints2/dict_0004_0055" 8566
"/Engine/EngineMaterials/Substrate/Glints2/dict_0004_0075" 8567
"/Engine/EngineMaterials/Substrate/Glints2/dict_0004_0053" 8568
"/Engine/EngineMaterials/Substrate/Glints2/dict_0004_0052" 8569
"/Engine/EngineMaterials/Substrate/Glints2/dict_0004_0051" 8570
"/Engine/EngineMaterials/Substrate/Glints2/dict_0004_0050" 8571
"/Engine/EngineMaterials/Substrate/Glints2/dict_0004_0049" 8572
"/Engine/EngineMaterials/Substrate/Glints2/dict_0004_0048" 8573
"/Engine/EngineMaterials/Substrate/Glints2/dict_0004_0047" 8574
"/Engine/EngineMaterials/Substrate/Glints2/dict_0004_0074" 8575
"/Engine/EngineMaterials/Substrate/Glints2/dict_0004_0045" 8576
"/Engine/EngineMaterials/Substrate/Glints2/dict_0004_0044" 8577
"../../../Engine/Content/EngineMaterials/Substrate/Glints2/dict_0004_0083.uasset" 8578
"../../../Engine/Content/EngineMaterials/Substrate/Glints2/dict_0004_0085.uasset" 8579
"../../../Engine/Content/EngineMaterials/Substrate/Glints2/dict_0004_0081.uasset" 8580
"../../../Engine/Content/EngineMaterials/Substrate/Glints2/dict_0004_0079.uasset" 8581
"../../../Engine/Content/EngineMaterials/Substrate/Glints2/dict_0004_0080.uasset" 8582
"/Engine/EngineMaterials/Substrate/Glints2/dict_0004_0077" 8583
"../../../Engine/Content/EngineMaterials/Substrate/Glints2/dict_0004_0088.uasset" 8584
"../../../Engine/Content/EngineMaterials/Substrate/Glints2/dict_0004_0084.uasset" 8585
"../../../Engine/Content/EngineMaterials/Substrate/Glints2/dict_0004_0091.uasset" 8586
"../../../Engine/Content/EngineMaterials/Substrate/Glints2/dict_0004_0082.uasset" 8587
"../../../Engine/Content/EngineMaterials/Substrate/Glints2/dict_0004_0094.uasset" 8588
"../../../Engine/Content/EngineMaterials/Substrate/Glints2/dict_0004_0092.uasset" 8589
"../../../Engine/Content/EngineMaterials/Substrate/Glints2/dict_0004_0078.uasset" 8590
"../../../Engine/Content/EngineMaterials/Substrate/Glints2/dict_0004_0095.uasset" 8591
"../../../Engine/Content/EngineMaterials/Substrate/Glints2/dict_0004_0098.uasset" 8592
"../../../Engine/Content/EngineMaterials/Substrate/Glints2/dict_0004_0097.uasset" 8593
"../../../Engine/Content/EngineMaterials/Substrate/Glints2/dict_0004_0100.uasset" 8594
"../../../Engine/Content/EngineMaterials/Substrate/Glints2/dict_0004_0099.uasset" 8595
"../../../Engine/Content/EngineMaterials/Substrate/Glints2/dict_0004_0105.uasset" 8596
"../../../Engine/Content/EngineMaterials/Substrate/Glints2/dict_0004_0093.uasset" 8597
"../../../Engine/Content/EngineMaterials/Substrate/Glints2/dict_0004_0104.uasset" 8598
"../../../Engine/Content/EngineMaterials/Substrate/Glints2/dict_0004_0086.uasset" 8599
"../../../Engine/Content/EngineMaterials/Substrate/Glints2/dict_0004_0102.uasset" 8600
"../../../Engine/Content/EngineMaterials/Substrate/Glints2/dict_0004_0090.uasset" 8601
"../../../Engine/Content/EngineMaterials/Substrate/Glints2/dict_0004_0107.uasset" 8602
"../../../Engine/Content/EngineMaterials/Substrate/Glints2/dict_0004_0106.uasset" 8603
"../../../Engine/Content/EngineMaterials/Substrate/Glints2/dict_0004_0103.uasset" 8604
"../../../Engine/Content/EngineMaterials/Substrate/Glints2/dict_0004_0089.uasset" 8605
"../../../Engine/Content/EngineMaterials/Substrate/Glints2/dict_0004_0087.uasset" 8606
"../../../Engine/Content/EngineMaterials/Substrate/Glints2/dict_0004_0096.uasset" 8607
"../../../Engine/Content/EngineMaterials/Substrate/Glints2/dict_0004_0101.uasset" 8608
"/Engine/EngineMaterials/Substrate/Glints2/dict_0004_0076" 8609
"../../../Engine/Content/EngineMaterials/Substrate/Glints2/dict_0004_0108.uasset" 8610
"../../../Engine/Content/EngineMaterials/Substrate/Glints2/dict_0004_0109.uasset" 8611
"/Engine/EngineMaterials/Substrate/Glints2/dict_0004_0107" 8612
"/Engine/EngineMaterials/Substrate/Glints2/dict_0004_0106" 8613
"/Engine/EngineMaterials/Substrate/Glints2/dict_0004_0105" 8614
"/Engine/EngineMaterials/Substrate/Glints2/dict_0004_0104" 8615
"/Engine/EngineMaterials/Substrate/Glints2/dict_0004_0103" 8616
"/Engine/EngineMaterials/Substrate/Glints2/dict_0004_0102" 8617
"/Engine/EngineMaterials/Substrate/Glints2/dict_0004_0101" 8618
"/Engine/EngineMaterials/Substrate/Glints2/dict_0004_0100" 8619
"/Engine/EngineMaterials/Substrate/Glints2/dict_0004_0099" 8620
"/Engine/EngineMaterials/Substrate/Glints2/dict_0004_0098" 8621
"/Engine/EngineMaterials/Substrate/Glints2/dict_0004_0097" 8622
"/Engine/EngineMaterials/Substrate/Glints2/dict_0004_0096" 8623
"/Engine/EngineMaterials/Substrate/Glints2/dict_0004_0095" 8624
"/Engine/EngineMaterials/Substrate/Glints2/dict_0004_0094" 8625
"/Engine/EngineMaterials/Substrate/Glints2/dict_0004_0093" 8626
"/Engine/EngineMaterials/Substrate/Glints2/dict_0004_0092" 8627
"/Engine/EngineMaterials/Substrate/Glints2/dict_0004_0091" 8628
"/Engine/EngineMaterials/Substrate/Glints2/dict_0004_0090" 8629
"/Engine/EngineMaterials/Substrate/Glints2/dict_0004_0089" 8630
"/Engine/EngineMaterials/Substrate/Glints2/dict_0004_0088" 8631
"/Engine/EngineMaterials/Substrate/Glints2/dict_0004_0087" 8632
"/Engine/EngineMaterials/Substrate/Glints2/dict_0004_0086" 8633
"/Engine/EngineMaterials/Substrate/Glints2/dict_0004_0085" 8634
"/Engine/EngineMaterials/Substrate/Glints2/dict_0004_0084" 8635
"/Engine/EngineMaterials/Substrate/Glints2/dict_0004_0083" 8636
"/Engine/EngineMaterials/Substrate/Glints2/dict_0004_0082" 8637
"/Engine/EngineMaterials/Substrate/Glints2/dict_0004_0081" 8638
"/Engine/EngineMaterials/Substrate/Glints2/dict_0004_0080" 8639
"/Engine/EngineMaterials/Substrate/Glints2/dict_0004_0079" 8640
"/Engine/EngineMaterials/Substrate/Glints2/dict_0004_0078" 8641
"../../../Engine/Content/EngineMaterials/Substrate/Glints2/dict_0004_0110.uasset" 8642
"../../../Engine/Content/EngineMaterials/Substrate/Glints2/dict_0004_0111.uasset" 8643
"../../../Engine/Content/EngineMaterials/Substrate/Glints2/dict_0004_0116.uasset" 8644
"../../../Engine/Content/EngineMaterials/Substrate/Glints2/dict_0004_0120.uasset" 8645
"../../../Engine/Content/EngineMaterials/Substrate/Glints2/dict_0004_0115.uasset" 8646
"../../../Engine/Content/EngineMaterials/Substrate/Glints2/dict_0004_0121.uasset" 8647
"../../../Engine/Content/EngineMaterials/Substrate/Glints2/dict_0004_0113.uasset" 8648
"../../../Engine/Content/EngineMaterials/Substrate/Glints2/dict_0004_0114.uasset" 8649
"../../../Engine/Content/EngineMaterials/Substrate/Glints2/dict_0004_0125.uasset" 8650
"../../../Engine/Content/EngineMaterials/Substrate/Glints2/dict_0004_0118.uasset" 8651
"../../../Engine/Content/EngineMaterials/Substrate/Glints2/dict_0004_0126.uasset" 8652
"../../../Engine/Content/EngineMaterials/Substrate/Glints2/dict_0004_0122.uasset" 8653
"../../../Engine/Content/EngineMaterials/Substrate/Glints2/dict_0004_0123.uasset" 8654
"../../../Engine/Content/EngineMaterials/Substrate/Glints2/dict_0004_0129.uasset" 8655
"../../../Engine/Content/EngineMaterials/Substrate/Glints2/dict_0004_0131.uasset" 8656
"../../../Engine/Content/EngineMaterials/Substrate/Glints2/dict_0004_0135.uasset" 8657
"/Engine/EngineMaterials/Substrate/Glints2/dict_0004_0109" 8658
"../../../Engine/Content/EngineMaterials/Substrate/Glints2/dict_0004_0132.uasset" 8659
"../../../Engine/Content/EngineMaterials/Substrate/Glints2/dict_0004_0124.uasset" 8660
"../../../Engine/Content/EngineMaterials/Substrate/Glints2/dict_0004_0136.uasset" 8661
"../../../Engine/Content/EngineMaterials/Substrate/Glints2/dict_0004_0137.uasset" 8662
"../../../Engine/Content/EngineMaterials/Substrate/Glints2/dict_0004_0138.uasset" 8663
"../../../Engine/Content/EngineMaterials/Substrate/Glints2/dict_0004_0139.uasset" 8664
"../../../Engine/Content/EngineMaterials/Substrate/Glints2/dict_0004_0128.uasset" 8665
"../../../Engine/Content/EngineMaterials/Substrate/Glints2/dict_0004_0112.uasset" 8666
"../../../Engine/Content/EngineMaterials/Substrate/Glints2/dict_0004_0117.uasset" 8667
"../../../Engine/Content/EngineMaterials/Substrate/Glints2/dict_0004_0130.uasset" 8668
"../../../Engine/Content/EngineMaterials/Substrate/Glints2/dict_0004_0134.uasset" 8669
"../../../Engine/Content/EngineMaterials/Substrate/Glints2/dict_0004_0133.uasset" 8670
"../../../Engine/Content/EngineMaterials/Substrate/Glints2/dict_0004_0119.uasset" 8671
"../../../Engine/Content/EngineMaterials/Substrate/Glints2/dict_0004_0127.uasset" 8672
"/Engine/EngineMaterials/Substrate/Glints2/dict_0004_0108" 8673
"../../../Engine/Content/EngineMaterials/Substrate/Glints2/dict_0004_0140.uasset" 8674
"../../../Engine/Content/EngineMaterials/Substrate/Glints2/dict_0004_0141.uasset" 8675
"/Engine/EngineMaterials/Substrate/Glints2/dict_0004_0139" 8676
"/Engine/EngineMaterials/Substrate/Glints2/dict_0004_0138" 8677
"/Engine/EngineMaterials/Substrate/Glints2/dict_0004_0137" 8678
"/Engine/EngineMaterials/Substrate/Glints2/dict_0004_0136" 8679
"/Engine/EngineMaterials/Substrate/Glints2/dict_0004_0135" 8680
"/Engine/EngineMaterials/Substrate/Glints2/dict_0004_0134" 8681
"/Engine/EngineMaterials/Substrate/Glints2/dict_0004_0133" 8682
"/Engine/EngineMaterials/Substrate/Glints2/dict_0004_0132" 8683
"/Engine/EngineMaterials/Substrate/Glints2/dict_0004_0131" 8684
"/Engine/EngineMaterials/Substrate/Glints2/dict_0004_0130" 8685
"/Engine/EngineMaterials/Substrate/Glints2/dict_0004_0129" 8686
"/Engine/EngineMaterials/Substrate/Glints2/dict_0004_0128" 8687
"/Engine/EngineMaterials/Substrate/Glints2/dict_0004_0127" 8688
"/Engine/EngineMaterials/Substrate/Glints2/dict_0004_0126" 8689
"/Engine/EngineMaterials/Substrate/Glints2/dict_0004_0125" 8690
"/Engine/EngineMaterials/Substrate/Glints2/dict_0004_0124" 8691
"/Engine/EngineMaterials/Substrate/Glints2/dict_0004_0123" 8692
"/Engine/EngineMaterials/Substrate/Glints2/dict_0004_0122" 8693
"/Engine/EngineMaterials/Substrate/Glints2/dict_0004_0121" 8694
"/Engine/EngineMaterials/Substrate/Glints2/dict_0004_0120" 8695
"/Engine/EngineMaterials/Substrate/Glints2/dict_0004_0119" 8696
"/Engine/EngineMaterials/Substrate/Glints2/dict_0004_0118" 8697
"/Engine/EngineMaterials/Substrate/Glints2/dict_0004_0117" 8698
"/Engine/EngineMaterials/Substrate/Glints2/dict_0004_0116" 8699
"/Engine/EngineMaterials/Substrate/Glints2/dict_0004_0115" 8700
"/Engine/EngineMaterials/Substrate/Glints2/dict_0004_0114" 8701
"/Engine/EngineMaterials/Substrate/Glints2/dict_0004_0113" 8702
"/Engine/EngineMaterials/Substrate/Glints2/dict_0004_0112" 8703
"/Engine/EngineMaterials/Substrate/Glints2/dict_0004_0111" 8704
"/Engine/EngineMaterials/Substrate/Glints2/dict_0004_0110" 8705
"../../../Engine/Content/EngineMaterials/Substrate/Glints2/dict_0004_0145.uasset" 8706
"../../../Engine/Content/EngineMaterials/Substrate/Glints2/dict_0004_0150.uasset" 8707
"../../../Engine/Content/EngineMaterials/Substrate/Glints2/dict_0004_0152.uasset" 8708
"../../../Engine/Content/EngineMaterials/Substrate/Glints2/dict_0004_0143.uasset" 8709
"/Engine/EngineMaterials/Substrate/Glints2/dict_0004_0141" 8710
"../../../Engine/Content/EngineMaterials/Substrate/Glints2/dict_0004_0144.uasset" 8711
"../../../Engine/Content/EngineMaterials/Substrate/Glints2/dict_0004_0155.uasset" 8712
"../../../Engine/Content/EngineMaterials/Substrate/Glints2/dict_0004_0151.uasset" 8713
"../../../Engine/Content/EngineMaterials/Substrate/Glints2/dict_0004_0160.uasset" 8714
"../../../Engine/Content/EngineMaterials/Substrate/Glints2/dict_0004_0147.uasset" 8715
"../../../Engine/Content/EngineMaterials/Substrate/Glints2/dict_0004_0163.uasset" 8716
"../../../Engine/Content/EngineMaterials/Substrate/Glints2/dict_0004_0161.uasset" 8717
"../../../Engine/Content/EngineMaterials/Substrate/Glints2/dict_0004_0153.uasset" 8718
"../../../Engine/Content/EngineMaterials/Substrate/Glints2/dict_0004_0146.uasset" 8719
"../../../Engine/Content/EngineMaterials/Substrate/Glints2/dict_0004_0166.uasset" 8720
"../../../Engine/Content/EngineMaterials/Substrate/Glints2/dict_0004_0149.uasset" 8721
"../../../Engine/Content/EngineMaterials/Substrate/Glints2/dict_0004_0167.uasset" 8722
"../../../Engine/Content/EngineMaterials/Substrate/Glints2/dict_0004_0169.uasset" 8723
"../../../Engine/Content/EngineMaterials/Substrate/Glints2/dict_0004_0162.uasset" 8724
"../../../Engine/Content/EngineMaterials/Substrate/Glints2/dict_0004_0158.uasset" 8725
"../../../Engine/Content/EngineMaterials/Substrate/Glints2/dict_0004_0168.uasset" 8726
"../../../Engine/Content/EngineMaterials/Substrate/Glints2/dict_0004_0165.uasset" 8727
"../../../Engine/Content/EngineMaterials/Substrate/Glints2/dict_0004_0171.uasset" 8728
"../../../Engine/Content/EngineMaterials/Substrate/Glints2/dict_0004_0164.uasset" 8729
"../../../Engine/Content/EngineMaterials/Substrate/Glints2/dict_0004_0156.uasset" 8730
"../../../Engine/Content/EngineMaterials/Substrate/Glints2/dict_0004_0142.uasset" 8731
"../../../Engine/Content/EngineMaterials/Substrate/Glints2/dict_0004_0159.uasset" 8732
"../../../Engine/Content/EngineMaterials/Substrate/Glints2/dict_0004_0170.uasset" 8733
"../../../Engine/Content/EngineMaterials/Substrate/Glints2/dict_0004_0154.uasset" 8734
"../../../Engine/Content/EngineMaterials/Substrate/Glints2/dict_0004_0157.uasset" 8735
"../../../Engine/Content/EngineMaterials/Substrate/Glints2/dict_0004_0148.uasset" 8736
"/Engine/EngineMaterials/Substrate/Glints2/dict_0004_0140" 8737
"../../../Engine/Content/EngineMaterials/Substrate/Glints2/dict_0004_0173.uasset" 8738
"../../../Engine/Content/EngineMaterials/Substrate/Glints2/dict_0004_0172.uasset" 8739
"/Engine/EngineMaterials/Substrate/Glints2/dict_0004_0171" 8740
"/Engine/EngineMaterials/Substrate/Glints2/dict_0004_0170" 8741
"/Engine/EngineMaterials/Substrate/Glints2/dict_0004_0169" 8742
"/Engine/EngineMaterials/Substrate/Glints2/dict_0004_0168" 8743
"/Engine/EngineMaterials/Substrate/Glints2/dict_0004_0167" 8744
"/Engine/EngineMaterials/Substrate/Glints2/dict_0004_0166" 8745
"/Engine/EngineMaterials/Substrate/Glints2/dict_0004_0165" 8746
"/Engine/EngineMaterials/Substrate/Glints2/dict_0004_0164" 8747
"/Engine/EngineMaterials/Substrate/Glints2/dict_0004_0163" 8748
"/Engine/EngineMaterials/Substrate/Glints2/dict_0004_0162" 8749
"/Engine/EngineMaterials/Substrate/Glints2/dict_0004_0161" 8750
"/Engine/EngineMaterials/Substrate/Glints2/dict_0004_0160" 8751
"/Engine/EngineMaterials/Substrate/Glints2/dict_0004_0159" 8752
"/Engine/EngineMaterials/Substrate/Glints2/dict_0004_0158" 8753
"/Engine/EngineMaterials/Substrate/Glints2/dict_0004_0157" 8754
"/Engine/EngineMaterials/Substrate/Glints2/dict_0004_0156" 8755
"/Engine/EngineMaterials/Substrate/Glints2/dict_0004_0155" 8756
"/Engine/EngineMaterials/Substrate/Glints2/dict_0004_0154" 8757
"/Engine/EngineMaterials/Substrate/Glints2/dict_0004_0153" 8758
"/Engine/EngineMaterials/Substrate/Glints2/dict_0004_0152" 8759
"/Engine/EngineMaterials/Substrate/Glints2/dict_0004_0151" 8760
"/Engine/EngineMaterials/Substrate/Glints2/dict_0004_0150" 8761
"/Engine/EngineMaterials/Substrate/Glints2/dict_0004_0149" 8762
"/Engine/EngineMaterials/Substrate/Glints2/dict_0004_0148" 8763
"/Engine/EngineMaterials/Substrate/Glints2/dict_0004_0147" 8764
"/Engine/EngineMaterials/Substrate/Glints2/dict_0004_0146" 8765
"/Engine/EngineMaterials/Substrate/Glints2/dict_0004_0145" 8766
"/Engine/EngineMaterials/Substrate/Glints2/dict_0004_0144" 8767
"/Engine/EngineMaterials/Substrate/Glints2/dict_0004_0143" 8768
"/Engine/EngineMaterials/Substrate/Glints2/dict_0004_0142" 8769
"../../../Engine/Content/EngineMaterials/Substrate/Glints2/dict_0004_0174.uasset" 8770
"../../../Engine/Content/EngineMaterials/Substrate/Glints2/dict_0004_0183.uasset" 8771
"../../../Engine/Content/EngineMaterials/Substrate/Glints2/dict_0004_0177.uasset" 8772
"../../../Engine/Content/EngineMaterials/Substrate/Glints2/dict_0004_0182.uasset" 8773
"../../../Engine/Content/EngineMaterials/Substrate/Glints2/dict_0004_0181.uasset" 8774
"../../../Engine/Content/EngineMaterials/Substrate/Glints2/dict_0004_0185.uasset" 8775
"../../../Engine/Content/EngineMaterials/Substrate/Glints2/dict_0004_0179.uasset" 8776
"../../../Engine/Content/EngineMaterials/Substrate/Glints2/dict_0004_0188.uasset" 8777
"../../../Engine/Content/EngineMaterials/Substrate/Glints2/dict_0004_0186.uasset" 8778
"../../../Engine/Content/EngineMaterials/Substrate/Glints2/dict_0004_0189.uasset" 8779
"../../../Engine/Content/EngineMaterials/Substrate/Glints2/dict_0004_0187.uasset" 8780
"../../../Engine/Content/EngineMaterials/Substrate/Glints2/dict_0004_0192.uasset" 8781
"../../../Engine/Content/EngineMaterials/Substrate/Glints2/dict_0004_0195.uasset" 8782
"../../../Engine/Content/EngineMaterials/Substrate/Glints2/dict_0004_0193.uasset" 8783
"../../../Engine/Content/EngineMaterials/Substrate/Glints2/dict_0004_0178.uasset" 8784
"/Engine/EngineMaterials/Substrate/Glints2/dict_0004_0173" 8785
"../../../Engine/Content/EngineMaterials/Substrate/Glints2/dict_0004_0197.uasset" 8786
"../../../Engine/Content/EngineMaterials/Substrate/Glints2/dict_0004_0191.uasset" 8787
"../../../Engine/Content/EngineMaterials/Substrate/Glints2/dict_0004_0200.uasset" 8788
"../../../Engine/Content/EngineMaterials/Substrate/Glints2/dict_0004_0203.uasset" 8789
"../../../Engine/Content/EngineMaterials/Substrate/Glints2/dict_0004_0201.uasset" 8790
"../../../Engine/Content/EngineMaterials/Substrate/Glints2/dict_0004_0202.uasset" 8791
"../../../Engine/Content/EngineMaterials/Substrate/Glints2/dict_0004_0190.uasset" 8792
"../../../Engine/Content/EngineMaterials/Substrate/Glints2/dict_0004_0184.uasset" 8793
"../../../Engine/Content/EngineMaterials/Substrate/Glints2/dict_0004_0194.uasset" 8794
"../../../Engine/Content/EngineMaterials/Substrate/Glints2/dict_0004_0175.uasset" 8795
"../../../Engine/Content/EngineMaterials/Substrate/Glints2/dict_0004_0180.uasset" 8796
"../../../Engine/Content/EngineMaterials/Substrate/Glints2/dict_0004_0198.uasset" 8797
"../../../Engine/Content/EngineMaterials/Substrate/Glints2/dict_0004_0196.uasset" 8798
"../../../Engine/Content/EngineMaterials/Substrate/Glints2/dict_0004_0199.uasset" 8799
"../../../Engine/Content/EngineMaterials/Substrate/Glints2/dict_0004_0176.uasset" 8800
"/Engine/EngineMaterials/Substrate/Glints2/dict_0004_0172" 8801
"/Engine/EngineMaterials/Substrate/Glints2/dict_0004_0183" 8802
"/Engine/EngineMaterials/Substrate/Glints2/dict_0004_0182" 8803
"/Engine/EngineMaterials/Substrate/Glints2/dict_0004_0181" 8804
"/Engine/EngineMaterials/Substrate/Glints2/dict_0004_0177" 8805
"/Engine/EngineMaterials/Substrate/Glints2/dict_0004_0174" 8806
"../../../Engine/Content/EngineMaterials/Substrate/Glints2/dict_0004_0204.uasset" 8807
"../../../Engine/Content/EngineMaterials/Substrate/Glints2/dict_0004_0205.uasset" 8808
"../../../Engine/Content/EngineMaterials/Substrate/Glints2/dict_0004_0208.uasset" 8809
"../../../Engine/Content/EngineMaterials/Substrate/Glints2/dict_0004_0207.uasset" 8810
"/Engine/EngineMaterials/Substrate/Glints2/dict_0004_0203" 8811
"../../../Engine/Content/EngineMaterials/Substrate/Glints2/dict_0004_0206.uasset" 8812
"../../../Engine/Content/EngineMaterials/Substrate/Glints2/dict_0004_0209.uasset" 8813
"../../../Engine/Content/EngineMaterials/Substrate/Glints2/dict_0004_0210.uasset" 8814
"/Engine/EngineMaterials/Substrate/Glints2/dict_0004_0202" 8815
"/Engine/EngineMaterials/Substrate/Glints2/dict_0004_0201" 8816
"/Engine/EngineMaterials/Substrate/Glints2/dict_0004_0200" 8817
"/Engine/EngineMaterials/Substrate/Glints2/dict_0004_0199" 8818
"/Engine/EngineMaterials/Substrate/Glints2/dict_0004_0198" 8819
"/Engine/EngineMaterials/Substrate/Glints2/dict_0004_0197" 8820
"/Engine/EngineMaterials/Substrate/Glints2/dict_0004_0196" 8821
"/Engine/EngineMaterials/Substrate/Glints2/dict_0004_0195" 8822
"/Engine/EngineMaterials/Substrate/Glints2/dict_0004_0194" 8823
"/Engine/EngineMaterials/Substrate/Glints2/dict_0004_0193" 8824
"/Engine/EngineMaterials/Substrate/Glints2/dict_0004_0192" 8825
"/Engine/EngineMaterials/Substrate/Glints2/dict_0004_0191" 8826
"/Engine/EngineMaterials/Substrate/Glints2/dict_0004_0190" 8827
"/Engine/EngineMaterials/Substrate/Glints2/dict_0004_0189" 8828
"/Engine/EngineMaterials/Substrate/Glints2/dict_0004_0188" 8829
"/Engine/EngineMaterials/Substrate/Glints2/dict_0004_0187" 8830
"/Engine/EngineMaterials/Substrate/Glints2/dict_0004_0186" 8831
"/Engine/EngineMaterials/Substrate/Glints2/dict_0004_0185" 8832
"/Engine/EngineMaterials/Substrate/Glints2/dict_0004_0184" 8833
"/Engine/EngineMaterials/Substrate/Glints2/dict_0004_0180" 8834
"/Engine/EngineMaterials/Substrate/Glints2/dict_0004_0179" 8835
"/Engine/EngineMaterials/Substrate/Glints2/dict_0004_0178" 8836
"/Engine/EngineMaterials/Substrate/Glints2/dict_0004_0176" 8837
"/Engine/EngineMaterials/Substrate/Glints2/dict_0004_0175" 8838
"../../../Engine/Content/EngineMaterials/Substrate/Glints2/dict_0004_0212.uasset" 8839
"../../../Engine/Content/EngineMaterials/Substrate/Glints2/dict_0004_0222.uasset" 8840
"../../../Engine/Content/EngineMaterials/Substrate/Glints2/dict_0004_0217.uasset" 8841
"../../../Engine/Content/EngineMaterials/Substrate/Glints2/dict_0004_0220.uasset" 8842
"../../../Engine/Content/EngineMaterials/Substrate/Glints2/dict_0004_0223.uasset" 8843
"../../../Engine/Content/EngineMaterials/Substrate/Glints2/dict_0004_0224.uasset" 8844
"../../../Engine/Content/EngineMaterials/Substrate/Glints2/dict_0004_0215.uasset" 8845
"../../../Engine/Content/EngineMaterials/Substrate/Glints2/dict_0004_0225.uasset" 8846
"/Engine/EngineMaterials/Substrate/Glints2/dict_0004_0210" 8847
"../../../Engine/Content/EngineMaterials/Substrate/Glints2/dict_0004_0228.uasset" 8848
"../../../Engine/Content/EngineMaterials/Substrate/Glints2/dict_0004_0229.uasset" 8849
"../../../Engine/Content/EngineMaterials/Substrate/Glints2/dict_0004_0227.uasset" 8850
"../../../Engine/Content/EngineMaterials/Substrate/Glints2/dict_0004_0213.uasset" 8851
"../../../Engine/Content/EngineMaterials/Substrate/Glints2/dict_0004_0214.uasset" 8852
"../../../Engine/Content/EngineMaterials/Substrate/Glints2/dict_0004_0234.uasset" 8853
"../../../Engine/Content/EngineMaterials/Substrate/Glints2/dict_0004_0221.uasset" 8854
"../../../Engine/Content/EngineMaterials/Substrate/Glints2/dict_0004_0235.uasset" 8855
"../../../Engine/Content/EngineMaterials/Substrate/Glints2/dict_0004_0218.uasset" 8856
"../../../Engine/Content/EngineMaterials/Substrate/Glints2/dict_0004_0231.uasset" 8857
"../../../Engine/Content/EngineMaterials/Substrate/Glints2/dict_0004_0230.uasset" 8858
"../../../Engine/Content/EngineMaterials/Substrate/Glints2/dict_0004_0233.uasset" 8859
"../../../Engine/Content/EngineMaterials/Substrate/Glints2/dict_0004_0219.uasset" 8860
"../../../Engine/Content/EngineMaterials/Substrate/Glints2/dict_0004_0226.uasset" 8861
"../../../Engine/Content/EngineMaterials/Substrate/Glints2/dict_0004_0232.uasset" 8862
"../../../Engine/Content/EngineMaterials/Substrate/Glints2/dict_0004_0211.uasset" 8863
"../../../Engine/Content/EngineMaterials/Substrate/Glints2/dict_0004_0216.uasset" 8864
"/Engine/EngineMaterials/Substrate/Glints2/dict_0004_0209" 8865
"/Engine/EngineMaterials/Substrate/Glints2/dict_0004_0208" 8866
"/Engine/EngineMaterials/Substrate/Glints2/dict_0004_0207" 8867
"/Engine/EngineMaterials/Substrate/Glints2/dict_0004_0206" 8868
"/Engine/EngineMaterials/Substrate/Glints2/dict_0004_0205" 8869
"/Engine/EngineMaterials/Substrate/Glints2/dict_0004_0212" 8870
"/Engine/EngineMaterials/Substrate/Glints2/dict_0004_0204" 8871
"../../../Engine/Content/EngineMaterials/Substrate/Glints2/dict_0004_0243.uasset" 8872
"../../../Engine/Content/EngineMaterials/Substrate/Glints2/dict_0004_0237.uasset" 8873
"../../../Engine/Content/EngineMaterials/Substrate/Glints2/dict_0004_0238.uasset" 8874
"../../../Engine/Content/EngineMaterials/Substrate/Glints2/dict_0004_0239.uasset" 8875
"/Engine/EngineMaterials/Substrate/Glints2/dict_0004_0235" 8876
"../../../Engine/Content/EngineMaterials/Substrate/Glints2/dict_0004_0236.uasset" 8877
"../../../Engine/Content/EngineMaterials/Substrate/Glints2/dict_0004_0241.uasset" 8878
"../../../Engine/Content/EngineMaterials/Substrate/Glints2/dict_0004_0240.uasset" 8879
"../../../Engine/Content/EngineMaterials/Substrate/Glints2/dict_0004_0242.uasset" 8880
"/Engine/EngineMaterials/Substrate/Glints2/dict_0004_0234" 8881
"/Engine/EngineMaterials/Substrate/Glints2/dict_0004_0233" 8882
"/Engine/EngineMaterials/Substrate/Glints2/dict_0004_0232" 8883
"/Engine/EngineMaterials/Substrate/Glints2/dict_0004_0231" 8884
"/Engine/EngineMaterials/Substrate/Glints2/dict_0004_0230" 8885
"/Engine/EngineMaterials/Substrate/Glints2/dict_0004_0229" 8886
"/Engine/EngineMaterials/Substrate/Glints2/dict_0004_0228" 8887
"/Engine/EngineMaterials/Substrate/Glints2/dict_0004_0227" 8888
"/Engine/EngineMaterials/Substrate/Glints2/dict_0004_0226" 8889
"/Engine/EngineMaterials/Substrate/Glints2/dict_0004_0225" 8890
"/Engine/EngineMaterials/Substrate/Glints2/dict_0004_0224" 8891
"/Engine/EngineMaterials/Substrate/Glints2/dict_0004_0223" 8892
"/Engine/EngineMaterials/Substrate/Glints2/dict_0004_0222" 8893
"/Engine/EngineMaterials/Substrate/Glints2/dict_0004_0221" 8894
"/Engine/EngineMaterials/Substrate/Glints2/dict_0004_0220" 8895
"/Engine/EngineMaterials/Substrate/Glints2/dict_0004_0219" 8896
"/Engine/EngineMaterials/Substrate/Glints2/dict_0004_0218" 8897
"/Engine/EngineMaterials/Substrate/Glints2/dict_0004_0217" 8898
"/Engine/EngineMaterials/Substrate/Glints2/dict_0004_0216" 8899
"/Engine/EngineMaterials/Substrate/Glints2/dict_0004_0215" 8900
"/Engine/EngineMaterials/Substrate/Glints2/dict_0004_0214" 8901
"/Engine/EngineMaterials/Substrate/Glints2/dict_0004_0213" 8902
"/Engine/EngineMaterials/Substrate/Glints2/dict_0004_0211" 8903
"../../../Engine/Content/EngineMaterials/Substrate/Glints2/dict_0004_0246.uasset" 8904
"../../../Engine/Content/EngineMaterials/Substrate/Glints2/dict_0004_0244.uasset" 8905
"../../../Engine/Content/EngineMaterials/Substrate/Glints2/dict_0004_0247.uasset" 8906
"../../../Engine/Content/EngineMaterials/Substrate/Glints2/dict_0004_0255.uasset" 8907
"../../../Engine/Content/EngineMaterials/Substrate/Glints2/dict_0004_0252.uasset" 8908
"../../../Engine/Content/EngineMaterials/Substrate/Glints2/dict_0004_0253.uasset" 8909
"/Engine/EngineMaterials/Substrate/Glints2/dict_0004_0243" 8910
"../../../Engine/Content/EngineMaterials/Substrate/Glints2/dict_0005_0004.uasset" 8911
"../../../Engine/Content/EngineMaterials/Substrate/Glints2/dict_0005_0005.uasset" 8912
"../../../Engine/Content/EngineMaterials/Substrate/Glints2/dict_0004_0254.uasset" 8913
"../../../Engine/Content/EngineMaterials/Substrate/Glints2/dict_0005_0001.uasset" 8914
"../../../Engine/Content/EngineMaterials/Substrate/Glints2/dict_0004_0245.uasset" 8915
"../../../Engine/Content/EngineMaterials/Substrate/Glints2/dict_0004_0251.uasset" 8916
"../../../Engine/Content/EngineMaterials/Substrate/Glints2/dict_0005_0009.uasset" 8917
"../../../Engine/Content/EngineMaterials/Substrate/Glints2/dict_0005_0008.uasset" 8918
"../../../Engine/Content/EngineMaterials/Substrate/Glints2/dict_0005_0011.uasset" 8919
"../../../Engine/Content/EngineMaterials/Substrate/Glints2/dict_0004_0248.uasset" 8920
"../../../Engine/Content/EngineMaterials/Substrate/Glints2/dict_0005_0003.uasset" 8921
"../../../Engine/Content/EngineMaterials/Substrate/Glints2/dict_0005_0000.uasset" 8922
"../../../Engine/Content/EngineMaterials/Substrate/Glints2/dict_0005_0002.uasset" 8923
"../../../Engine/Content/EngineMaterials/Substrate/Glints2/dict_0005_0006.uasset" 8924
"/Engine/EngineMaterials/Substrate/Glints2/dict_0004_0242" 8925
"../../../Engine/Content/EngineMaterials/Substrate/Glints2/dict_0004_0250.uasset" 8926
"../../../Engine/Content/EngineMaterials/Substrate/Glints2/dict_0004_0249.uasset" 8927
"../../../Engine/Content/EngineMaterials/Substrate/Glints2/dict_0005_0010.uasset" 8928
"../../../Engine/Content/EngineMaterials/Substrate/Glints2/dict_0005_0007.uasset" 8929
"/Engine/EngineMaterials/Substrate/Glints2/dict_0004_0241" 8930
"/Engine/EngineMaterials/Substrate/Glints2/dict_0004_0240" 8931
"/Engine/EngineMaterials/Substrate/Glints2/dict_0004_0239" 8932
"/Engine/EngineMaterials/Substrate/Glints2/dict_0004_0238" 8933
"/Engine/EngineMaterials/Substrate/Glints2/dict_0004_0237" 8934
"/Engine/EngineMaterials/Substrate/Glints2/dict_0004_0236" 8935
"../../../Engine/Content/EngineMaterials/Substrate/Glints2/dict_0005_0013.uasset" 8936
"../../../Engine/Content/EngineMaterials/Substrate/Glints2/dict_0005_0012.uasset" 8937
"../../../Engine/Content/EngineMaterials/Substrate/Glints2/dict_0005_0015.uasset" 8938
"../../../Engine/Content/EngineMaterials/Substrate/Glints2/dict_0005_0014.uasset" 8939
"../../../Engine/Content/EngineMaterials/Substrate/Glints2/dict_0005_0016.uasset" 8940
"/Engine/EngineMaterials/Substrate/Glints2/dict_0005_0011" 8941
"../../../Engine/Content/EngineMaterials/Substrate/Glints2/dict_0005_0018.uasset" 8942
"../../../Engine/Content/EngineMaterials/Substrate/Glints2/dict_0005_0017.uasset" 8943
"../../../Engine/Content/EngineMaterials/Substrate/Glints2/dict_0005_0019.uasset" 8944
"/Engine/EngineMaterials/Substrate/Glints2/dict_0005_0010" 8945
"/Engine/EngineMaterials/Substrate/Glints2/dict_0005_0009" 8946
"/Engine/EngineMaterials/Substrate/Glints2/dict_0005_0008" 8947
"/Engine/EngineMaterials/Substrate/Glints2/dict_0005_0007" 8948
"/Engine/EngineMaterials/Substrate/Glints2/dict_0005_0006" 8949
"/Engine/EngineMaterials/Substrate/Glints2/dict_0005_0005" 8950
"/Engine/EngineMaterials/Substrate/Glints2/dict_0005_0004" 8951
"/Engine/EngineMaterials/Substrate/Glints2/dict_0005_0003" 8952
"/Engine/EngineMaterials/Substrate/Glints2/dict_0005_0002" 8953
"/Engine/EngineMaterials/Substrate/Glints2/dict_0005_0001" 8954
"/Engine/EngineMaterials/Substrate/Glints2/dict_0005_0000" 8955
"/Engine/EngineMaterials/Substrate/Glints2/dict_0004_0255" 8956
"/Engine/EngineMaterials/Substrate/Glints2/dict_0004_0254" 8957
"/Engine/EngineMaterials/Substrate/Glints2/dict_0004_0253" 8958
"/Engine/EngineMaterials/Substrate/Glints2/dict_0004_0252" 8959
"/Engine/EngineMaterials/Substrate/Glints2/dict_0004_0251" 8960
"/Engine/EngineMaterials/Substrate/Glints2/dict_0004_0250" 8961
"/Engine/EngineMaterials/Substrate/Glints2/dict_0004_0249" 8962
"/Engine/EngineMaterials/Substrate/Glints2/dict_0004_0248" 8963
"/Engine/EngineMaterials/Substrate/Glints2/dict_0004_0247" 8964
"/Engine/EngineMaterials/Substrate/Glints2/dict_0004_0246" 8965
"/Engine/EngineMaterials/Substrate/Glints2/dict_0004_0245" 8966
"/Engine/EngineMaterials/Substrate/Glints2/dict_0004_0244" 8967
"../../../Engine/Content/EngineMaterials/Substrate/Glints2/dict_0005_0021.uasset" 8968
"../../../Engine/Content/EngineMaterials/Substrate/Glints2/dict_0005_0022.uasset" 8969
"../../../Engine/Content/EngineMaterials/Substrate/Glints2/dict_0005_0020.uasset" 8970
"../../../Engine/Content/EngineMaterials/Substrate/Glints2/dict_0005_0023.uasset" 8971
"../../../Engine/Content/EngineMaterials/Substrate/Glints2/dict_0005_0028.uasset" 8972
"../../../Engine/Content/EngineMaterials/Substrate/Glints2/dict_0005_0032.uasset" 8973
"../../../Engine/Content/EngineMaterials/Substrate/Glints2/dict_0005_0029.uasset" 8974
"../../../Engine/Content/EngineMaterials/Substrate/Glints2/dict_0005_0027.uasset" 8975
"../../../Engine/Content/EngineMaterials/Substrate/Glints2/dict_0005_0030.uasset" 8976
"../../../Engine/Content/EngineMaterials/Substrate/Glints2/dict_0005_0036.uasset" 8977
"../../../Engine/Content/EngineMaterials/Substrate/Glints2/dict_0005_0033.uasset" 8978
"../../../Engine/Content/EngineMaterials/Substrate/Glints2/dict_0005_0041.uasset" 8979
"../../../Engine/Content/EngineMaterials/Substrate/Glints2/dict_0005_0025.uasset" 8980
"../../../Engine/Content/EngineMaterials/Substrate/Glints2/dict_0005_0042.uasset" 8981
"../../../Engine/Content/EngineMaterials/Substrate/Glints2/dict_0005_0040.uasset" 8982
"../../../Engine/Content/EngineMaterials/Substrate/Glints2/dict_0005_0031.uasset" 8983
"../../../Engine/Content/EngineMaterials/Substrate/Glints2/dict_0005_0024.uasset" 8984
"../../../Engine/Content/EngineMaterials/Substrate/Glints2/dict_0005_0037.uasset" 8985
"../../../Engine/Content/EngineMaterials/Substrate/Glints2/dict_0005_0038.uasset" 8986
"../../../Engine/Content/EngineMaterials/Substrate/Glints2/dict_0005_0035.uasset" 8987
"../../../Engine/Content/EngineMaterials/Substrate/Glints2/dict_0005_0034.uasset" 8988
"/Engine/EngineMaterials/Substrate/Glints2/dict_0005_0019" 8989
"../../../Engine/Content/EngineMaterials/Substrate/Glints2/dict_0005_0039.uasset" 8990
"../../../Engine/Content/EngineMaterials/Substrate/Glints2/dict_0005_0043.uasset" 8991
"../../../Engine/Content/EngineMaterials/Substrate/Glints2/dict_0005_0026.uasset" 8992
"/Engine/EngineMaterials/Substrate/Glints2/dict_0005_0018" 8993
"/Engine/EngineMaterials/Substrate/Glints2/dict_0005_0017" 8994
"/Engine/EngineMaterials/Substrate/Glints2/dict_0005_0016" 8995
"/Engine/EngineMaterials/Substrate/Glints2/dict_0005_0015" 8996
"/Engine/EngineMaterials/Substrate/Glints2/dict_0005_0022" 8997
"/Engine/EngineMaterials/Substrate/Glints2/dict_0005_0021" 8998
"/Engine/EngineMaterials/Substrate/Glints2/dict_0005_0014" 8999
"/Engine/EngineMaterials/Substrate/Glints2/dict_0005_0013" 9000
"/Engine/EngineMaterials/Substrate/Glints2/dict_0005_0020" 9001
"/Engine/EngineMaterials/Substrate/Glints2/dict_0005_0012" 9002
"../../../Engine/Content/EngineMaterials/Substrate/Glints2/dict_0005_0044.uasset" 9003
"../../../Engine/Content/EngineMaterials/Substrate/Glints2/dict_0005_0046.uasset" 9004
"../../../Engine/Content/EngineMaterials/Substrate/Glints2/dict_0005_0049.uasset" 9005
"../../../Engine/Content/EngineMaterials/Substrate/Glints2/dict_0005_0052.uasset" 9006
"../../../Engine/Content/EngineMaterials/Substrate/Glints2/dict_0005_0048.uasset" 9007
"/Engine/EngineMaterials/Substrate/Glints2/dict_0005_0043" 9008
"../../../Engine/Content/EngineMaterials/Substrate/Glints2/dict_0005_0051.uasset" 9009
"../../../Engine/Content/EngineMaterials/Substrate/Glints2/dict_0005_0050.uasset" 9010
"../../../Engine/Content/EngineMaterials/Substrate/Glints2/dict_0005_0047.uasset" 9011
"../../../Engine/Content/EngineMaterials/Substrate/Glints2/dict_0005_0054.uasset" 9012
"../../../Engine/Content/EngineMaterials/Substrate/Glints2/dict_0005_0045.uasset" 9013
"../../../Engine/Content/EngineMaterials/Substrate/Glints2/dict_0005_0053.uasset" 9014
"/Engine/EngineMaterials/Substrate/Glints2/dict_0005_0042" 9015
"/Engine/EngineMaterials/Substrate/Glints2/dict_0005_0041" 9016
"/Engine/EngineMaterials/Substrate/Glints2/dict_0005_0040" 9017
"/Engine/EngineMaterials/Substrate/Glints2/dict_0005_0039" 9018
"/Engine/EngineMaterials/Substrate/Glints2/dict_0005_0038" 9019
"/Engine/EngineMaterials/Substrate/Glints2/dict_0005_0037" 9020
"/Engine/EngineMaterials/Substrate/Glints2/dict_0005_0036" 9021
"/Engine/EngineMaterials/Substrate/Glints2/dict_0005_0035" 9022
"/Engine/EngineMaterials/Substrate/Glints2/dict_0005_0034" 9023
"/Engine/EngineMaterials/Substrate/Glints2/dict_0005_0033" 9024
"/Engine/EngineMaterials/Substrate/Glints2/dict_0005_0032" 9025
"/Engine/EngineMaterials/Substrate/Glints2/dict_0005_0031" 9026
"/Engine/EngineMaterials/Substrate/Glints2/dict_0005_0030" 9027
"/Engine/EngineMaterials/Substrate/Glints2/dict_0005_0029" 9028
"/Engine/EngineMaterials/Substrate/Glints2/dict_0005_0028" 9029
"/Engine/EngineMaterials/Substrate/Glints2/dict_0005_0027" 9030
"/Engine/EngineMaterials/Substrate/Glints2/dict_0005_0026" 9031
"/Engine/EngineMaterials/Substrate/Glints2/dict_0005_0025" 9032
"/Engine/EngineMaterials/Substrate/Glints2/dict_0005_0024" 9033
"/Engine/EngineMaterials/Substrate/Glints2/dict_0005_0023" 9034
"../../../Engine/Content/EngineMaterials/Substrate/Glints2/dict_0005_0055.uasset" 9035
"../../../Engine/Content/EngineMaterials/Substrate/Glints2/dict_0005_0057.uasset" 9036
"../../../Engine/Content/EngineMaterials/Substrate/Glints2/dict_0005_0060.uasset" 9037
"../../../Engine/Content/EngineMaterials/Substrate/Glints2/dict_0005_0064.uasset" 9038
"../../../Engine/Content/EngineMaterials/Substrate/Glints2/dict_0005_0058.uasset" 9039
"../../../Engine/Content/EngineMaterials/Substrate/Glints2/dict_0005_0063.uasset" 9040
"../../../Engine/Content/EngineMaterials/Substrate/Glints2/dict_0005_0067.uasset" 9041
"../../../Engine/Content/EngineMaterials/Substrate/Glints2/dict_0005_0069.uasset" 9042
"../../../Engine/Content/EngineMaterials/Substrate/Glints2/dict_0005_0066.uasset" 9043
"/Engine/EngineMaterials/Substrate/Glints2/dict_0005_0054" 9044
"../../../Engine/Content/EngineMaterials/Substrate/Glints2/dict_0005_0074.uasset" 9045
"../../../Engine/Content/EngineMaterials/Substrate/Glints2/dict_0005_0073.uasset" 9046
"../../../Engine/Content/EngineMaterials/Substrate/Glints2/dict_0005_0071.uasset" 9047
"../../../Engine/Content/EngineMaterials/Substrate/Glints2/dict_0005_0061.uasset" 9048
"../../../Engine/Content/EngineMaterials/Substrate/Glints2/dict_0005_0056.uasset" 9049
"../../../Engine/Content/EngineMaterials/Substrate/Glints2/dict_0005_0062.uasset" 9050
"../../../Engine/Content/EngineMaterials/Substrate/Glints2/dict_0005_0068.uasset" 9051
"../../../Engine/Content/EngineMaterials/Substrate/Glints2/dict_0005_0065.uasset" 9052
"../../../Engine/Content/EngineMaterials/Substrate/Glints2/dict_0005_0059.uasset" 9053
"../../../Engine/Content/EngineMaterials/Substrate/Glints2/dict_0005_0072.uasset" 9054
"../../../Engine/Content/EngineMaterials/Substrate/Glints2/dict_0005_0070.uasset" 9055
"../../../Engine/Content/EngineMaterials/Substrate/Glints2/dict_0005_0075.uasset" 9056
"/Engine/EngineMaterials/Substrate/Glints2/dict_0005_0053" 9057
"/Engine/EngineMaterials/Substrate/Glints2/dict_0005_0052" 9058
"/Engine/EngineMaterials/Substrate/Glints2/dict_0005_0051" 9059
"/Engine/EngineMaterials/Substrate/Glints2/dict_0005_0050" 9060
"/Engine/EngineMaterials/Substrate/Glints2/dict_0005_0049" 9061
"/Engine/EngineMaterials/Substrate/Glints2/dict_0005_0048" 9062
"/Engine/EngineMaterials/Substrate/Glints2/dict_0005_0047" 9063
"/Engine/EngineMaterials/Substrate/Glints2/dict_0005_0046" 9064
"/Engine/EngineMaterials/Substrate/Glints2/dict_0005_0045" 9065
"/Engine/EngineMaterials/Substrate/Glints2/dict_0005_0044" 9066
"../../../Engine/Content/EngineMaterials/Substrate/Glints2/dict_0005_0077.uasset" 9067
"../../../Engine/Content/EngineMaterials/Substrate/Glints2/dict_0005_0076.uasset" 9068
"../../../Engine/Content/EngineMaterials/Substrate/Glints2/dict_0005_0078.uasset" 9069
"../../../Engine/Content/EngineMaterials/Substrate/Glints2/dict_0005_0084.uasset" 9070
"../../../Engine/Content/EngineMaterials/Substrate/Glints2/dict_0005_0082.uasset" 9071
"../../../Engine/Content/EngineMaterials/Substrate/Glints2/dict_0005_0079.uasset" 9072
"../../../Engine/Content/EngineMaterials/Substrate/Glints2/dict_0005_0081.uasset" 9073
"../../../Engine/Content/EngineMaterials/Substrate/Glints2/dict_0005_0086.uasset" 9074
"../../../Engine/Content/EngineMaterials/Substrate/Glints2/dict_0005_0085.uasset" 9075
"/Engine/EngineMaterials/Substrate/Glints2/dict_0005_0075" 9076
"../../../Engine/Content/EngineMaterials/Substrate/Glints2/dict_0005_0080.uasset" 9077
"../../../Engine/Content/EngineMaterials/Substrate/Glints2/dict_0005_0083.uasset" 9078
"/Engine/EngineMaterials/Substrate/Glints2/dict_0005_0074" 9079
"/Engine/EngineMaterials/Substrate/Glints2/dict_0005_0073" 9080
"/Engine/EngineMaterials/Substrate/Glints2/dict_0005_0072" 9081
"/Engine/EngineMaterials/Substrate/Glints2/dict_0005_0071" 9082
"/Engine/EngineMaterials/Substrate/Glints2/dict_0005_0070" 9083
"/Engine/EngineMaterials/Substrate/Glints2/dict_0005_0069" 9084
"/Engine/EngineMaterials/Substrate/Glints2/dict_0005_0068" 9085
"/Engine/EngineMaterials/Substrate/Glints2/dict_0005_0067" 9086
"/Engine/EngineMaterials/Substrate/Glints2/dict_0005_0066" 9087
"/Engine/EngineMaterials/Substrate/Glints2/dict_0005_0065" 9088
"/Engine/EngineMaterials/Substrate/Glints2/dict_0005_0064" 9089
"/Engine/EngineMaterials/Substrate/Glints2/dict_0005_0063" 9090
"/Engine/EngineMaterials/Substrate/Glints2/dict_0005_0062" 9091
"/Engine/EngineMaterials/Substrate/Glints2/dict_0005_0061" 9092
"/Engine/EngineMaterials/Substrate/Glints2/dict_0005_0060" 9093
"/Engine/EngineMaterials/Substrate/Glints2/dict_0005_0059" 9094
"/Engine/EngineMaterials/Substrate/Glints2/dict_0005_0058" 9095
"/Engine/EngineMaterials/Substrate/Glints2/dict_0005_0057" 9096
"/Engine/EngineMaterials/Substrate/Glints2/dict_0005_0056" 9097
"/Engine/EngineMaterials/Substrate/Glints2/dict_0005_0055" 9098
"/Engine/EngineMaterials/Substrate/Glints2/dict_0005_0077" 9099
"/Engine/EngineMaterials/Substrate/Glints2/dict_0005_0076" 9100
"../../../Engine/Content/EngineMaterials/Substrate/Glints2/dict_0005_0088.uasset" 9101
"../../../Engine/Content/EngineMaterials/Substrate/Glints2/dict_0005_0089.uasset" 9102
"../../../Engine/Content/EngineMaterials/Substrate/Glints2/dict_0005_0087.uasset" 9103
"../../../Engine/Content/EngineMaterials/Substrate/Glints2/dict_0005_0095.uasset" 9104
"../../../Engine/Content/EngineMaterials/Substrate/Glints2/dict_0005_0091.uasset" 9105
"../../../Engine/Content/EngineMaterials/Substrate/Glints2/dict_0005_0093.uasset" 9106
"../../../Engine/Content/EngineMaterials/Substrate/Glints2/dict_0005_0098.uasset" 9107
"../../../Engine/Content/EngineMaterials/Substrate/Glints2/dict_0005_0101.uasset" 9108
"../../../Engine/Content/EngineMaterials/Substrate/Glints2/dict_0005_0096.uasset" 9109
"../../../Engine/Content/EngineMaterials/Substrate/Glints2/dict_0005_0103.uasset" 9110
"../../../Engine/Content/EngineMaterials/Substrate/Glints2/dict_0005_0100.uasset" 9111
"../../../Engine/Content/EngineMaterials/Substrate/Glints2/dict_0005_0105.uasset" 9112
"../../../Engine/Content/EngineMaterials/Substrate/Glints2/dict_0005_0099.uasset" 9113
"../../../Engine/Content/EngineMaterials/Substrate/Glints2/dict_0005_0107.uasset" 9114
"../../../Engine/Content/EngineMaterials/Substrate/Glints2/dict_0005_0092.uasset" 9115
"../../../Engine/Content/EngineMaterials/Substrate/Glints2/dict_0005_0108.uasset" 9116
"../../../Engine/Content/EngineMaterials/Substrate/Glints2/dict_0005_0090.uasset" 9117
"/Engine/EngineMaterials/Substrate/Glints2/dict_0005_0086" 9118
"../../../Engine/Content/EngineMaterials/Substrate/Glints2/dict_0005_0102.uasset" 9119
"../../../Engine/Content/EngineMaterials/Substrate/Glints2/dict_0005_0097.uasset" 9120
"../../../Engine/Content/EngineMaterials/Substrate/Glints2/dict_0005_0104.uasset" 9121
"../../../Engine/Content/EngineMaterials/Substrate/Glints2/dict_0005_0109.uasset" 9122
"../../../Engine/Content/EngineMaterials/Substrate/Glints2/dict_0005_0106.uasset" 9123
"../../../Engine/Content/EngineMaterials/Substrate/Glints2/dict_0005_0094.uasset" 9124
"/Engine/EngineMaterials/Substrate/Glints2/dict_0005_0085" 9125
"/Engine/EngineMaterials/Substrate/Glints2/dict_0005_0084" 9126
"/Engine/EngineMaterials/Substrate/Glints2/dict_0005_0083" 9127
"/Engine/EngineMaterials/Substrate/Glints2/dict_0005_0082" 9128
"/Engine/EngineMaterials/Substrate/Glints2/dict_0005_0081" 9129
"/Engine/EngineMaterials/Substrate/Glints2/dict_0005_0080" 9130
"/Engine/EngineMaterials/Substrate/Glints2/dict_0005_0079" 9131
"/Engine/EngineMaterials/Substrate/Glints2/dict_0005_0078" 9132
"../../../Engine/Content/EngineMaterials/Substrate/Glints2/dict_0005_0110.uasset" 9133
"../../../Engine/Content/EngineMaterials/Substrate/Glints2/dict_0005_0111.uasset" 9134
"../../../Engine/Content/EngineMaterials/Substrate/Glints2/dict_0005_0112.uasset" 9135
"../../../Engine/Content/EngineMaterials/Substrate/Glints2/dict_0005_0115.uasset" 9136
"../../../Engine/Content/EngineMaterials/Substrate/Glints2/dict_0005_0117.uasset" 9137
"../../../Engine/Content/EngineMaterials/Substrate/Glints2/dict_0005_0113.uasset" 9138
"../../../Engine/Content/EngineMaterials/Substrate/Glints2/dict_0005_0114.uasset" 9139
"/Engine/EngineMaterials/Substrate/Glints2/dict_0005_0109" 9140
"../../../Engine/Content/EngineMaterials/Substrate/Glints2/dict_0005_0116.uasset" 9141
"../../../Engine/Content/EngineMaterials/Substrate/Glints2/dict_0005_0118.uasset" 9142
"/Engine/EngineMaterials/Substrate/Glints2/dict_0005_0108" 9143
"/Engine/EngineMaterials/Substrate/Glints2/dict_0005_0107" 9144
"/Engine/EngineMaterials/Substrate/Glints2/dict_0005_0106" 9145
"/Engine/EngineMaterials/Substrate/Glints2/dict_0005_0105" 9146
"/Engine/EngineMaterials/Substrate/Glints2/dict_0005_0104" 9147
"/Engine/EngineMaterials/Substrate/Glints2/dict_0005_0103" 9148
"/Engine/EngineMaterials/Substrate/Glints2/dict_0005_0102" 9149
"/Engine/EngineMaterials/Substrate/Glints2/dict_0005_0101" 9150
"/Engine/EngineMaterials/Substrate/Glints2/dict_0005_0100" 9151
"/Engine/EngineMaterials/Substrate/Glints2/dict_0005_0099" 9152
"/Engine/EngineMaterials/Substrate/Glints2/dict_0005_0098" 9153
"/Engine/EngineMaterials/Substrate/Glints2/dict_0005_0097" 9154
"/Engine/EngineMaterials/Substrate/Glints2/dict_0005_0096" 9155
"/Engine/EngineMaterials/Substrate/Glints2/dict_0005_0095" 9156
"/Engine/EngineMaterials/Substrate/Glints2/dict_0005_0094" 9157
"/Engine/EngineMaterials/Substrate/Glints2/dict_0005_0093" 9158
"/Engine/EngineMaterials/Substrate/Glints2/dict_0005_0092" 9159
"/Engine/EngineMaterials/Substrate/Glints2/dict_0005_0091" 9160
"/Engine/EngineMaterials/Substrate/Glints2/dict_0005_0090" 9161
"/Engine/EngineMaterials/Substrate/Glints2/dict_0005_0089" 9162
"/Engine/EngineMaterials/Substrate/Glints2/dict_0005_0110" 9163
"/Engine/EngineMaterials/Substrate/Glints2/dict_0005_0088" 9164
"/Engine/EngineMaterials/Substrate/Glints2/dict_0005_0087" 9165
"../../../Engine/Content/EngineMaterials/Substrate/Glints2/dict_0005_0121.uasset" 9166
"../../../Engine/Content/EngineMaterials/Substrate/Glints2/dict_0005_0126.uasset" 9167
"../../../Engine/Content/EngineMaterials/Substrate/Glints2/dict_0005_0127.uasset" 9168
"../../../Engine/Content/EngineMaterials/Substrate/Glints2/dict_0005_0130.uasset" 9169
"../../../Engine/Content/EngineMaterials/Substrate/Glints2/dict_0005_0123.uasset" 9170
"../../../Engine/Content/EngineMaterials/Substrate/Glints2/dict_0005_0133.uasset" 9171
"/Engine/EngineMaterials/Substrate/Glints2/dict_0005_0118" 9172
"../../../Engine/Content/EngineMaterials/Substrate/Glints2/dict_0005_0136.uasset" 9173
"../../../Engine/Content/EngineMaterials/Substrate/Glints2/dict_0005_0124.uasset" 9174
"../../../Engine/Content/EngineMaterials/Substrate/Glints2/dict_0005_0139.uasset" 9175
"../../../Engine/Content/EngineMaterials/Substrate/Glints2/dict_0005_0128.uasset" 9176
"../../../Engine/Content/EngineMaterials/Substrate/Glints2/dict_0005_0125.uasset" 9177
"../../../Engine/Content/EngineMaterials/Substrate/Glints2/dict_0005_0134.uasset" 9178
"../../../Engine/Content/EngineMaterials/Substrate/Glints2/dict_0005_0140.uasset" 9179
"../../../Engine/Content/EngineMaterials/Substrate/Glints2/dict_0005_0141.uasset" 9180
"../../../Engine/Content/EngineMaterials/Substrate/Glints2/dict_0005_0137.uasset" 9181
"../../../Engine/Content/EngineMaterials/Substrate/Glints2/dict_0005_0122.uasset" 9182
"../../../Engine/Content/EngineMaterials/Substrate/Glints2/dict_0005_0138.uasset" 9183
"../../../Engine/Content/EngineMaterials/Substrate/Glints2/dict_0005_0119.uasset" 9184
"../../../Engine/Content/EngineMaterials/Substrate/Glints2/dict_0005_0131.uasset" 9185
"../../../Engine/Content/EngineMaterials/Substrate/Glints2/dict_0005_0132.uasset" 9186
"../../../Engine/Content/EngineMaterials/Substrate/Glints2/dict_0005_0120.uasset" 9187
"../../../Engine/Content/EngineMaterials/Substrate/Glints2/dict_0005_0129.uasset" 9188
"../../../Engine/Content/EngineMaterials/Substrate/Glints2/dict_0005_0135.uasset" 9189
"/Engine/EngineMaterials/Substrate/Glints2/dict_0005_0117" 9190
"../../../Engine/Content/EngineMaterials/Substrate/Glints2/dict_0005_0142.uasset" 9191
"/Engine/EngineMaterials/Substrate/Glints2/dict_0005_0116" 9192
"/Engine/EngineMaterials/Substrate/Glints2/dict_0005_0115" 9193
"/Engine/EngineMaterials/Substrate/Glints2/dict_0005_0114" 9194
"/Engine/EngineMaterials/Substrate/Glints2/dict_0005_0113" 9195
"/Engine/EngineMaterials/Substrate/Glints2/dict_0005_0112" 9196
"/Engine/EngineMaterials/Substrate/Glints2/dict_0005_0111" 9197
"../../../Engine/Content/EngineMaterials/Substrate/Glints2/dict_0005_0144.uasset" 9198
"../../../Engine/Content/EngineMaterials/Substrate/Glints2/dict_0005_0143.uasset" 9199
"../../../Engine/Content/EngineMaterials/Substrate/Glints2/dict_0005_0145.uasset" 9200
"/Engine/EngineMaterials/Substrate/Glints2/dict_0005_0142" 9201
"../../../Engine/Content/EngineMaterials/Substrate/Glints2/dict_0005_0149.uasset" 9202
"../../../Engine/Content/EngineMaterials/Substrate/Glints2/dict_0005_0150.uasset" 9203
"../../../Engine/Content/EngineMaterials/Substrate/Glints2/dict_0005_0148.uasset" 9204
"../../../Engine/Content/EngineMaterials/Substrate/Glints2/dict_0005_0147.uasset" 9205
"../../../Engine/Content/EngineMaterials/Substrate/Glints2/dict_0005_0146.uasset" 9206
"/Engine/EngineMaterials/Substrate/Glints2/dict_0005_0141" 9207
"/Engine/EngineMaterials/Substrate/Glints2/dict_0005_0140" 9208
"/Engine/EngineMaterials/Substrate/Glints2/dict_0005_0139" 9209
"/Engine/EngineMaterials/Substrate/Glints2/dict_0005_0138" 9210
"/Engine/EngineMaterials/Substrate/Glints2/dict_0005_0137" 9211
"/Engine/EngineMaterials/Substrate/Glints2/dict_0005_0136" 9212
"/Engine/EngineMaterials/Substrate/Glints2/dict_0005_0135" 9213
"/Engine/EngineMaterials/Substrate/Glints2/dict_0005_0134" 9214
"/Engine/EngineMaterials/Substrate/Glints2/dict_0005_0133" 9215
"/Engine/EngineMaterials/Substrate/Glints2/dict_0005_0132" 9216
"/Engine/EngineMaterials/Substrate/Glints2/dict_0005_0131" 9217
"/Engine/EngineMaterials/Substrate/Glints2/dict_0005_0130" 9218
"/Engine/EngineMaterials/Substrate/Glints2/dict_0005_0129" 9219
"/Engine/EngineMaterials/Substrate/Glints2/dict_0005_0128" 9220
"/Engine/EngineMaterials/Substrate/Glints2/dict_0005_0127" 9221
"/Engine/EngineMaterials/Substrate/Glints2/dict_0005_0126" 9222
"/Engine/EngineMaterials/Substrate/Glints2/dict_0005_0125" 9223
"/Engine/EngineMaterials/Substrate/Glints2/dict_0005_0124" 9224
"/Engine/EngineMaterials/Substrate/Glints2/dict_0005_0123" 9225
"/Engine/EngineMaterials/Substrate/Glints2/dict_0005_0122" 9226
"/Engine/EngineMaterials/Substrate/Glints2/dict_0005_0121" 9227
"/Engine/EngineMaterials/Substrate/Glints2/dict_0005_0120" 9228
"/Engine/EngineMaterials/Substrate/Glints2/dict_0005_0119" 9229
"../../../Engine/Content/EngineMaterials/Substrate/Glints2/dict_0005_0152.uasset" 9230
"../../../Engine/Content/EngineMaterials/Substrate/Glints2/dict_0005_0153.uasset" 9231
"../../../Engine/Content/EngineMaterials/Substrate/Glints2/dict_0005_0156.uasset" 9232
"../../../Engine/Content/EngineMaterials/Substrate/Glints2/dict_0005_0158.uasset" 9233
"../../../Engine/Content/EngineMaterials/Substrate/Glints2/dict_0005_0162.uasset" 9234
"../../../Engine/Content/EngineMaterials/Substrate/Glints2/dict_0005_0164.uasset" 9235
"../../../Engine/Content/EngineMaterials/Substrate/Glints2/dict_0005_0163.uasset" 9236
"../../../Engine/Content/EngineMaterials/Substrate/Glints2/dict_0005_0157.uasset" 9237
"../../../Engine/Content/EngineMaterials/Substrate/Glints2/dict_0005_0167.uasset" 9238
"../../../Engine/Content/EngineMaterials/Substrate/Glints2/dict_0005_0165.uasset" 9239
"/Engine/EngineMaterials/Substrate/Glints2/dict_0005_0150" 9240
"../../../Engine/Content/EngineMaterials/Substrate/Glints2/dict_0005_0170.uasset" 9241
"../../../Engine/Content/EngineMaterials/Substrate/Glints2/dict_0005_0151.uasset" 9242
"../../../Engine/Content/EngineMaterials/Substrate/Glints2/dict_0005_0172.uasset" 9243
"../../../Engine/Content/EngineMaterials/Substrate/Glints2/dict_0005_0154.uasset" 9244
"../../../Engine/Content/EngineMaterials/Substrate/Glints2/dict_0005_0171.uasset" 9245
"../../../Engine/Content/EngineMaterials/Substrate/Glints2/dict_0005_0173.uasset" 9246
"../../../Engine/Content/EngineMaterials/Substrate/Glints2/dict_0005_0174.uasset" 9247
"../../../Engine/Content/EngineMaterials/Substrate/Glints2/dict_0005_0161.uasset" 9248
"../../../Engine/Content/EngineMaterials/Substrate/Glints2/dict_0005_0155.uasset" 9249
"../../../Engine/Content/EngineMaterials/Substrate/Glints2/dict_0005_0166.uasset" 9250
"../../../Engine/Content/EngineMaterials/Substrate/Glints2/dict_0005_0168.uasset" 9251
"../../../Engine/Content/EngineMaterials/Substrate/Glints2/dict_0005_0169.uasset" 9252
"../../../Engine/Content/EngineMaterials/Substrate/Glints2/dict_0005_0159.uasset" 9253
"../../../Engine/Content/EngineMaterials/Substrate/Glints2/dict_0005_0160.uasset" 9254
"/Engine/EngineMaterials/Substrate/Glints2/dict_0005_0149" 9255
"/Engine/EngineMaterials/Substrate/Glints2/dict_0005_0148" 9256
"/Engine/EngineMaterials/Substrate/Glints2/dict_0005_0147" 9257
"/Engine/EngineMaterials/Substrate/Glints2/dict_0005_0146" 9258
"/Engine/EngineMaterials/Substrate/Glints2/dict_0005_0145" 9259
"/Engine/EngineMaterials/Substrate/Glints2/dict_0005_0144" 9260
"/Engine/EngineMaterials/Substrate/Glints2/dict_0005_0143" 9261
"/Engine/EngineMaterials/Substrate/Glints2/dict_0005_0153" 9262
"/Engine/EngineMaterials/Substrate/Glints2/dict_0005_0152" 9263
"../../../Engine/Content/EngineMaterials/Substrate/Glints2/dict_0005_0176.uasset" 9264
"../../../Engine/Content/EngineMaterials/Substrate/Glints2/dict_0005_0184.uasset" 9265
"../../../Engine/Content/EngineMaterials/Substrate/Glints2/dict_0005_0178.uasset" 9266
"../../../Engine/Content/EngineMaterials/Substrate/Glints2/dict_0005_0180.uasset" 9267
"../../../Engine/Content/EngineMaterials/Substrate/Glints2/dict_0005_0182.uasset" 9268
"../../../Engine/Content/EngineMaterials/Substrate/Glints2/dict_0005_0181.uasset" 9269
"/Engine/EngineMaterials/Substrate/Glints2/dict_0005_0174" 9270
"../../../Engine/Content/EngineMaterials/Substrate/Glints2/dict_0005_0183.uasset" 9271
"../../../Engine/Content/EngineMaterials/Substrate/Glints2/dict_0005_0177.uasset" 9272
"../../../Engine/Content/EngineMaterials/Substrate/Glints2/dict_0005_0175.uasset" 9273
"../../../Engine/Content/EngineMaterials/Substrate/Glints2/dict_0005_0179.uasset" 9274
"/Engine/EngineMaterials/Substrate/Glints2/dict_0005_0173" 9275
"/Engine/EngineMaterials/Substrate/Glints2/dict_0005_0172" 9276
"/Engine/EngineMaterials/Substrate/Glints2/dict_0005_0171" 9277
"/Engine/EngineMaterials/Substrate/Glints2/dict_0005_0170" 9278
"/Engine/EngineMaterials/Substrate/Glints2/dict_0005_0169" 9279
"/Engine/EngineMaterials/Substrate/Glints2/dict_0005_0168" 9280
"/Engine/EngineMaterials/Substrate/Glints2/dict_0005_0167" 9281
"/Engine/EngineMaterials/Substrate/Glints2/dict_0005_0166" 9282
"/Engine/EngineMaterials/Substrate/Glints2/dict_0005_0165" 9283
"/Engine/EngineMaterials/Substrate/Glints2/dict_0005_0164" 9284
"/Engine/EngineMaterials/Substrate/Glints2/dict_0005_0163" 9285
"/Engine/EngineMaterials/Substrate/Glints2/dict_0005_0162" 9286
"/Engine/EngineMaterials/Substrate/Glints2/dict_0005_0161" 9287
"/Engine/EngineMaterials/Substrate/Glints2/dict_0005_0160" 9288
"/Engine/EngineMaterials/Substrate/Glints2/dict_0005_0159" 9289
"/Engine/EngineMaterials/Substrate/Glints2/dict_0005_0158" 9290
"/Engine/EngineMaterials/Substrate/Glints2/dict_0005_0157" 9291
"/Engine/EngineMaterials/Substrate/Glints2/dict_0005_0156" 9292
"/Engine/EngineMaterials/Substrate/Glints2/dict_0005_0155" 9293
"/Engine/EngineMaterials/Substrate/Glints2/dict_0005_0154" 9294
"/Engine/EngineMaterials/Substrate/Glints2/dict_0005_0151" 9295
"../../../Engine/Content/EngineMaterials/Substrate/Glints2/dict_0005_0185.uasset" 9296
"../../../Engine/Content/EngineMaterials/Substrate/Glints2/dict_0005_0186.uasset" 9297
"../../../Engine/Content/EngineMaterials/Substrate/Glints2/dict_0005_0187.uasset" 9298
"../../../Engine/Content/EngineMaterials/Substrate/Glints2/dict_0005_0191.uasset" 9299
"../../../Engine/Content/EngineMaterials/Substrate/Glints2/dict_0005_0195.uasset" 9300
"../../../Engine/Content/EngineMaterials/Substrate/Glints2/dict_0005_0199.uasset" 9301
"../../../Engine/Content/EngineMaterials/Substrate/Glints2/dict_0005_0200.uasset" 9302
"../../../Engine/Content/EngineMaterials/Substrate/Glints2/dict_0005_0201.uasset" 9303
"../../../Engine/Content/EngineMaterials/Substrate/Glints2/dict_0005_0198.uasset" 9304
"../../../Engine/Content/EngineMaterials/Substrate/Glints2/dict_0005_0203.uasset" 9305
"../../../Engine/Content/EngineMaterials/Substrate/Glints2/dict_0005_0192.uasset" 9306
"/Engine/EngineMaterials/Substrate/Glints2/dict_0005_0184" 9307
"../../../Engine/Content/EngineMaterials/Substrate/Glints2/dict_0005_0190.uasset" 9308
"../../../Engine/Content/EngineMaterials/Substrate/Glints2/dict_0005_0206.uasset" 9309
"../../../Engine/Content/EngineMaterials/Substrate/Glints2/dict_0005_0197.uasset" 9310
"../../../Engine/Content/EngineMaterials/Substrate/Glints2/dict_0005_0193.uasset" 9311
"../../../Engine/Content/EngineMaterials/Substrate/Glints2/dict_0005_0189.uasset" 9312
"../../../Engine/Content/EngineMaterials/Substrate/Glints2/dict_0005_0188.uasset" 9313
"../../../Engine/Content/EngineMaterials/Substrate/Glints2/dict_0005_0196.uasset" 9314
"../../../Engine/Content/EngineMaterials/Substrate/Glints2/dict_0005_0202.uasset" 9315
"../../../Engine/Content/EngineMaterials/Substrate/Glints2/dict_0005_0205.uasset" 9316
"../../../Engine/Content/EngineMaterials/Substrate/Glints2/dict_0005_0194.uasset" 9317
"../../../Engine/Content/EngineMaterials/Substrate/Glints2/dict_0005_0204.uasset" 9318
"/Engine/EngineMaterials/Substrate/Glints2/dict_0005_0183" 9319
"/Engine/EngineMaterials/Substrate/Glints2/dict_0005_0187" 9320
"/Engine/EngineMaterials/Substrate/Glints2/dict_0005_0182" 9321
"/Engine/EngineMaterials/Substrate/Glints2/dict_0005_0181" 9322
"/Engine/EngineMaterials/Substrate/Glints2/dict_0005_0180" 9323
"/Engine/EngineMaterials/Substrate/Glints2/dict_0005_0186" 9324
"/Engine/EngineMaterials/Substrate/Glints2/dict_0005_0179" 9325
"/Engine/EngineMaterials/Substrate/Glints2/dict_0005_0178" 9326
"/Engine/EngineMaterials/Substrate/Glints2/dict_0005_0177" 9327
"/Engine/EngineMaterials/Substrate/Glints2/dict_0005_0176" 9328
"/Engine/EngineMaterials/Substrate/Glints2/dict_0005_0175" 9329
"/Engine/EngineMaterials/Substrate/Glints2/dict_0005_0185" 9330
"../../../Engine/Content/EngineMaterials/Substrate/Glints2/dict_0005_0208.uasset" 9331
"../../../Engine/Content/EngineMaterials/Substrate/Glints2/dict_0005_0211.uasset" 9332
"../../../Engine/Content/EngineMaterials/Substrate/Glints2/dict_0005_0207.uasset" 9333
"../../../Engine/Content/EngineMaterials/Substrate/Glints2/dict_0005_0215.uasset" 9334
"../../../Engine/Content/EngineMaterials/Substrate/Glints2/dict_0005_0214.uasset" 9335
"../../../Engine/Content/EngineMaterials/Substrate/Glints2/dict_0005_0209.uasset" 9336
"../../../Engine/Content/EngineMaterials/Substrate/Glints2/dict_0005_0213.uasset" 9337
"../../../Engine/Content/EngineMaterials/Substrate/Glints2/dict_0005_0210.uasset" 9338
"/Engine/EngineMaterials/Substrate/Glints2/dict_0005_0206" 9339
"../../../Engine/Content/EngineMaterials/Substrate/Glints2/dict_0005_0219.uasset" 9340
"../../../Engine/Content/EngineMaterials/Substrate/Glints2/dict_0005_0218.uasset" 9341
"../../../Engine/Content/EngineMaterials/Substrate/Glints2/dict_0005_0217.uasset" 9342
"../../../Engine/Content/EngineMaterials/Substrate/Glints2/dict_0005_0212.uasset" 9343
"../../../Engine/Content/EngineMaterials/Substrate/Glints2/dict_0005_0216.uasset" 9344
"/Engine/EngineMaterials/Substrate/Glints2/dict_0005_0205" 9345
"/Engine/EngineMaterials/Substrate/Glints2/dict_0005_0204" 9346
"/Engine/EngineMaterials/Substrate/Glints2/dict_0005_0203" 9347
"/Engine/EngineMaterials/Substrate/Glints2/dict_0005_0202" 9348
"/Engine/EngineMaterials/Substrate/Glints2/dict_0005_0201" 9349
"/Engine/EngineMaterials/Substrate/Glints2/dict_0005_0200" 9350
"/Engine/EngineMaterials/Substrate/Glints2/dict_0005_0199" 9351
"/Engine/EngineMaterials/Substrate/Glints2/dict_0005_0198" 9352
"/Engine/EngineMaterials/Substrate/Glints2/dict_0005_0197" 9353
"/Engine/EngineMaterials/Substrate/Glints2/dict_0005_0196" 9354
"/Engine/EngineMaterials/Substrate/Glints2/dict_0005_0195" 9355
"/Engine/EngineMaterials/Substrate/Glints2/dict_0005_0194" 9356
"/Engine/EngineMaterials/Substrate/Glints2/dict_0005_0193" 9357
"/Engine/EngineMaterials/Substrate/Glints2/dict_0005_0192" 9358
"/Engine/EngineMaterials/Substrate/Glints2/dict_0005_0191" 9359
"/Engine/EngineMaterials/Substrate/Glints2/dict_0005_0190" 9360
"/Engine/EngineMaterials/Substrate/Glints2/dict_0005_0189" 9361
"/Engine/EngineMaterials/Substrate/Glints2/dict_0005_0188" 9362
"../../../Engine/Content/EngineMaterials/Substrate/Glints2/dict_0005_0221.uasset" 9363
"../../../Engine/Content/EngineMaterials/Substrate/Glints2/dict_0005_0226.uasset" 9364
"../../../Engine/Content/EngineMaterials/Substrate/Glints2/dict_0005_0229.uasset" 9365
"../../../Engine/Content/EngineMaterials/Substrate/Glints2/dict_0005_0225.uasset" 9366
"../../../Engine/Content/EngineMaterials/Substrate/Glints2/dict_0005_0232.uasset" 9367
"../../../Engine/Content/EngineMaterials/Substrate/Glints2/dict_0005_0233.uasset" 9368
"../../../Engine/Content/EngineMaterials/Substrate/Glints2/dict_0005_0228.uasset" 9369
"/Engine/EngineMaterials/Substrate/Glints2/dict_0005_0219" 9370
"../../../Engine/Content/EngineMaterials/Substrate/Glints2/dict_0005_0236.uasset" 9371
"../../../Engine/Content/EngineMaterials/Substrate/Glints2/dict_0005_0238.uasset" 9372
"../../../Engine/Content/EngineMaterials/Substrate/Glints2/dict_0005_0223.uasset" 9373
"../../../Engine/Content/EngineMaterials/Substrate/Glints2/dict_0005_0220.uasset" 9374
"../../../Engine/Content/EngineMaterials/Substrate/Glints2/dict_0005_0231.uasset" 9375
"../../../Engine/Content/EngineMaterials/Substrate/Glints2/dict_0005_0224.uasset" 9376
"../../../Engine/Content/EngineMaterials/Substrate/Glints2/dict_0005_0222.uasset" 9377
"../../../Engine/Content/EngineMaterials/Substrate/Glints2/dict_0005_0230.uasset" 9378
"../../../Engine/Content/EngineMaterials/Substrate/Glints2/dict_0005_0237.uasset" 9379
"../../../Engine/Content/EngineMaterials/Substrate/Glints2/dict_0005_0234.uasset" 9380
"../../../Engine/Content/EngineMaterials/Substrate/Glints2/dict_0005_0227.uasset" 9381
"../../../Engine/Content/EngineMaterials/Substrate/Glints2/dict_0005_0235.uasset" 9382
"/Engine/EngineMaterials/Substrate/Glints2/dict_0005_0218" 9383
"/Engine/EngineMaterials/Substrate/Glints2/dict_0005_0217" 9384
"/Engine/EngineMaterials/Substrate/Glints2/dict_0005_0216" 9385
"/Engine/EngineMaterials/Substrate/Glints2/dict_0005_0215" 9386
"/Engine/EngineMaterials/Substrate/Glints2/dict_0005_0214" 9387
"/Engine/EngineMaterials/Substrate/Glints2/dict_0005_0213" 9388
"/Engine/EngineMaterials/Substrate/Glints2/dict_0005_0212" 9389
"/Engine/EngineMaterials/Substrate/Glints2/dict_0005_0211" 9390
"/Engine/EngineMaterials/Substrate/Glints2/dict_0005_0210" 9391
"/Engine/EngineMaterials/Substrate/Glints2/dict_0005_0209" 9392
"/Engine/EngineMaterials/Substrate/Glints2/dict_0005_0208" 9393
"/Engine/EngineMaterials/Substrate/Glints2/dict_0005_0207" 9394
"../../../Engine/Content/EngineMaterials/Substrate/Glints2/dict_0005_0240.uasset" 9395
"../../../Engine/Content/EngineMaterials/Substrate/Glints2/dict_0005_0239.uasset" 9396
"../../../Engine/Content/EngineMaterials/Substrate/Glints2/dict_0005_0241.uasset" 9397
"../../../Engine/Content/EngineMaterials/Substrate/Glints2/dict_0005_0249.uasset" 9398
"../../../Engine/Content/EngineMaterials/Substrate/Glints2/dict_0005_0245.uasset" 9399
"../../../Engine/Content/EngineMaterials/Substrate/Glints2/dict_0005_0246.uasset" 9400
"../../../Engine/Content/EngineMaterials/Substrate/Glints2/dict_0005_0242.uasset" 9401
"../../../Engine/Content/EngineMaterials/Substrate/Glints2/dict_0005_0250.uasset" 9402
"/Engine/EngineMaterials/Substrate/Glints2/dict_0005_0238" 9403
"../../../Engine/Content/EngineMaterials/Substrate/Glints2/dict_0005_0251.uasset" 9404
"../../../Engine/Content/EngineMaterials/Substrate/Glints2/dict_0005_0243.uasset" 9405
"../../../Engine/Content/EngineMaterials/Substrate/Glints2/dict_0005_0247.uasset" 9406
"../../../Engine/Content/EngineMaterials/Substrate/Glints2/dict_0005_0244.uasset" 9407
"../../../Engine/Content/EngineMaterials/Substrate/Glints2/dict_0005_0248.uasset" 9408
"/Engine/EngineMaterials/Substrate/Glints2/dict_0005_0237" 9409
"/Engine/EngineMaterials/Substrate/Glints2/dict_0005_0236" 9410
"/Engine/EngineMaterials/Substrate/Glints2/dict_0005_0235" 9411
"/Engine/EngineMaterials/Substrate/Glints2/dict_0005_0234" 9412
"/Engine/EngineMaterials/Substrate/Glints2/dict_0005_0233" 9413
"/Engine/EngineMaterials/Substrate/Glints2/dict_0005_0232" 9414
"/Engine/EngineMaterials/Substrate/Glints2/dict_0005_0231" 9415
"/Engine/EngineMaterials/Substrate/Glints2/dict_0005_0230" 9416
"/Engine/EngineMaterials/Substrate/Glints2/dict_0005_0229" 9417
"/Engine/EngineMaterials/Substrate/Glints2/dict_0005_0228" 9418
"/Engine/EngineMaterials/Substrate/Glints2/dict_0005_0227" 9419
"/Engine/EngineMaterials/Substrate/Glints2/dict_0005_0226" 9420
"/Engine/EngineMaterials/Substrate/Glints2/dict_0005_0225" 9421
"/Engine/EngineMaterials/Substrate/Glints2/dict_0005_0224" 9422
"/Engine/EngineMaterials/Substrate/Glints2/dict_0005_0223" 9423
"/Engine/EngineMaterials/Substrate/Glints2/dict_0005_0222" 9424
"/Engine/EngineMaterials/Substrate/Glints2/dict_0005_0221" 9425
"/Engine/EngineMaterials/Substrate/Glints2/dict_0005_0220" 9426
"/Engine/EngineMaterials/Substrate/Glints2/dict_0005_0240" 9427
"/Engine/EngineMaterials/Substrate/Glints2/dict_0005_0239" 9428
"../../../Engine/Content/EngineMaterials/Substrate/Glints2/dict_0005_0252.uasset" 9429
"../../../Engine/Content/EngineMaterials/Substrate/Glints2/dict_0005_0254.uasset" 9430
"../../../Engine/Content/EngineMaterials/Substrate/Glints2/dict_0005_0255.uasset" 9431
"../../../Engine/Content/EngineMaterials/Substrate/Glints2/dict_0006_0000.uasset" 9432
"../../../Engine/Content/EngineMaterials/Substrate/Glints2/dict_0005_0253.uasset" 9433
"../../../Engine/Content/EngineMaterials/Substrate/Glints2/dict_0006_0007.uasset" 9434
"../../../Engine/Content/EngineMaterials/Substrate/Glints2/dict_0006_0002.uasset" 9435
"../../../Engine/Content/EngineMaterials/Substrate/Glints2/dict_0006_0004.uasset" 9436
"../../../Engine/Content/EngineMaterials/Substrate/Glints2/dict_0006_0009.uasset" 9437
"../../../Engine/Content/EngineMaterials/Substrate/Glints2/dict_0006_0012.uasset" 9438
"../../../Engine/Content/EngineMaterials/Substrate/Glints2/dict_0006_0006.uasset" 9439
"../../../Engine/Content/EngineMaterials/Substrate/Glints2/dict_0006_0011.uasset" 9440
"../../../Engine/Content/EngineMaterials/Substrate/Glints2/dict_0006_0001.uasset" 9441
"../../../Engine/Content/EngineMaterials/Substrate/Glints2/dict_0006_0010.uasset" 9442
"../../../Engine/Content/EngineMaterials/Substrate/Glints2/dict_0006_0014.uasset" 9443
"../../../Engine/Content/EngineMaterials/Substrate/Glints2/dict_0006_0015.uasset" 9444
"../../../Engine/Content/EngineMaterials/Substrate/Glints2/dict_0006_0005.uasset" 9445
"../../../Engine/Content/EngineMaterials/Substrate/Glints2/dict_0006_0013.uasset" 9446
"../../../Engine/Content/EngineMaterials/Substrate/Glints2/dict_0006_0008.uasset" 9447
"/Engine/EngineMaterials/Substrate/Glints2/dict_0005_0251" 9448
"../../../Engine/Content/EngineMaterials/Substrate/Glints2/dict_0006_0003.uasset" 9449
"../../../Engine/Content/EngineMaterials/Substrate/Glints2/dict_0006_0016.uasset" 9450
"/Engine/EngineMaterials/Substrate/Glints2/dict_0005_0250" 9451
"/Engine/EngineMaterials/Substrate/Glints2/dict_0005_0249" 9452
"/Engine/EngineMaterials/Substrate/Glints2/dict_0005_0248" 9453
"/Engine/EngineMaterials/Substrate/Glints2/dict_0005_0247" 9454
"/Engine/EngineMaterials/Substrate/Glints2/dict_0005_0246" 9455
"/Engine/EngineMaterials/Substrate/Glints2/dict_0005_0245" 9456
"/Engine/EngineMaterials/Substrate/Glints2/dict_0005_0244" 9457
"/Engine/EngineMaterials/Substrate/Glints2/dict_0005_0243" 9458
"/Engine/EngineMaterials/Substrate/Glints2/dict_0005_0242" 9459
"/Engine/EngineMaterials/Substrate/Glints2/dict_0005_0241" 9460
"/Engine/EngineMaterials/Substrate/Glints2/dict_0005_0252" 9461
"../../../Engine/Content/EngineMaterials/Substrate/Glints2/dict_0006_0019.uasset" 9462
"../../../Engine/Content/EngineMaterials/Substrate/Glints2/dict_0006_0028.uasset" 9463
"../../../Engine/Content/EngineMaterials/Substrate/Glints2/dict_0006_0023.uasset" 9464
"../../../Engine/Content/EngineMaterials/Substrate/Glints2/dict_0006_0025.uasset" 9465
"../../../Engine/Content/EngineMaterials/Substrate/Glints2/dict_0006_0022.uasset" 9466
"../../../Engine/Content/EngineMaterials/Substrate/Glints2/dict_0006_0026.uasset" 9467
"/Engine/EngineMaterials/Substrate/Glints2/dict_0006_0016" 9468
"../../../Engine/Content/EngineMaterials/Substrate/Glints2/dict_0006_0021.uasset" 9469
"../../../Engine/Content/EngineMaterials/Substrate/Glints2/dict_0006_0027.uasset" 9470
"../../../Engine/Content/EngineMaterials/Substrate/Glints2/dict_0006_0024.uasset" 9471
"../../../Engine/Content/EngineMaterials/Substrate/Glints2/dict_0006_0020.uasset" 9472
"../../../Engine/Content/EngineMaterials/Substrate/Glints2/dict_0006_0018.uasset" 9473
"../../../Engine/Content/EngineMaterials/Substrate/Glints2/dict_0006_0017.uasset" 9474
"/Engine/EngineMaterials/Substrate/Glints2/dict_0006_0015" 9475
"/Engine/EngineMaterials/Substrate/Glints2/dict_0006_0014" 9476
"/Engine/EngineMaterials/Substrate/Glints2/dict_0006_0013" 9477
"/Engine/EngineMaterials/Substrate/Glints2/dict_0006_0012" 9478
"/Engine/EngineMaterials/Substrate/Glints2/dict_0006_0011" 9479
"/Engine/EngineMaterials/Substrate/Glints2/dict_0006_0010" 9480
"/Engine/EngineMaterials/Substrate/Glints2/dict_0006_0009" 9481
"/Engine/EngineMaterials/Substrate/Glints2/dict_0006_0008" 9482
"/Engine/EngineMaterials/Substrate/Glints2/dict_0006_0007" 9483
"/Engine/EngineMaterials/Substrate/Glints2/dict_0006_0006" 9484
"/Engine/EngineMaterials/Substrate/Glints2/dict_0006_0005" 9485
"/Engine/EngineMaterials/Substrate/Glints2/dict_0006_0004" 9486
"/Engine/EngineMaterials/Substrate/Glints2/dict_0006_0003" 9487
"/Engine/EngineMaterials/Substrate/Glints2/dict_0006_0002" 9488
"/Engine/EngineMaterials/Substrate/Glints2/dict_0006_0001" 9489
"/Engine/EngineMaterials/Substrate/Glints2/dict_0006_0000" 9490
"/Engine/EngineMaterials/Substrate/Glints2/dict_0005_0255" 9491
"/Engine/EngineMaterials/Substrate/Glints2/dict_0005_0254" 9492
"/Engine/EngineMaterials/Substrate/Glints2/dict_0005_0253" 9493
"../../../Engine/Content/EngineMaterials/Substrate/Glints2/dict_0006_0029.uasset" 9494
"../../../Engine/Content/EngineMaterials/Substrate/Glints2/dict_0006_0034.uasset" 9495
"../../../Engine/Content/EngineMaterials/Substrate/Glints2/dict_0006_0031.uasset" 9496
"../../../Engine/Content/EngineMaterials/Substrate/Glints2/dict_0006_0032.uasset" 9497
"../../../Engine/Content/EngineMaterials/Substrate/Glints2/dict_0006_0033.uasset" 9498
"../../../Engine/Content/EngineMaterials/Substrate/Glints2/dict_0006_0039.uasset" 9499
"../../../Engine/Content/EngineMaterials/Substrate/Glints2/dict_0006_0040.uasset" 9500
"../../../Engine/Content/EngineMaterials/Substrate/Glints2/dict_0006_0041.uasset" 9501
"../../../Engine/Content/EngineMaterials/Substrate/Glints2/dict_0006_0042.uasset" 9502
"../../../Engine/Content/EngineMaterials/Substrate/Glints2/dict_0006_0038.uasset" 9503
"../../../Engine/Content/EngineMaterials/Substrate/Glints2/dict_0006_0046.uasset" 9504
"../../../Engine/Content/EngineMaterials/Substrate/Glints2/dict_0006_0036.uasset" 9505
"../../../Engine/Content/EngineMaterials/Substrate/Glints2/dict_0006_0044.uasset" 9506
"../../../Engine/Content/EngineMaterials/Substrate/Glints2/dict_0006_0048.uasset" 9507
"../../../Engine/Content/EngineMaterials/Substrate/Glints2/dict_0006_0043.uasset" 9508
"../../../Engine/Content/EngineMaterials/Substrate/Glints2/dict_0006_0035.uasset" 9509
"../../../Engine/Content/EngineMaterials/Substrate/Glints2/dict_0006_0047.uasset" 9510
"/Engine/EngineMaterials/Substrate/Glints2/dict_0006_0028" 9511
"../../../Engine/Content/EngineMaterials/Substrate/Glints2/dict_0006_0045.uasset" 9512
"../../../Engine/Content/EngineMaterials/Substrate/Glints2/dict_0006_0030.uasset" 9513
"../../../Engine/Content/EngineMaterials/Substrate/Glints2/dict_0006_0037.uasset" 9514
"/Engine/EngineMaterials/Substrate/Glints2/dict_0006_0027" 9515
"/Engine/EngineMaterials/Substrate/Glints2/dict_0006_0026" 9516
"/Engine/EngineMaterials/Substrate/Glints2/dict_0006_0025" 9517
"/Engine/EngineMaterials/Substrate/Glints2/dict_0006_0024" 9518
"/Engine/EngineMaterials/Substrate/Glints2/dict_0006_0023" 9519
"/Engine/EngineMaterials/Substrate/Glints2/dict_0006_0022" 9520
"/Engine/EngineMaterials/Substrate/Glints2/dict_0006_0021" 9521
"/Engine/EngineMaterials/Substrate/Glints2/dict_0006_0020" 9522
"/Engine/EngineMaterials/Substrate/Glints2/dict_0006_0019" 9523
"/Engine/EngineMaterials/Substrate/Glints2/dict_0006_0018" 9524
"/Engine/EngineMaterials/Substrate/Glints2/dict_0006_0029" 9525
"/Engine/EngineMaterials/Substrate/Glints2/dict_0006_0017" 9526
"../../../Engine/Content/EngineMaterials/Substrate/Glints2/dict_0006_0052.uasset" 9527
"../../../Engine/Content/EngineMaterials/Substrate/Glints2/dict_0006_0049.uasset" 9528
"../../../Engine/Content/EngineMaterials/Substrate/Glints2/dict_0006_0051.uasset" 9529
"../../../Engine/Content/EngineMaterials/Substrate/Glints2/dict_0006_0060.uasset" 9530
"../../../Engine/Content/EngineMaterials/Substrate/Glints2/dict_0006_0055.uasset" 9531
"../../../Engine/Content/EngineMaterials/Substrate/Glints2/dict_0006_0054.uasset" 9532
"/Engine/EngineMaterials/Substrate/Glints2/dict_0006_0048" 9533
"../../../Engine/Content/EngineMaterials/Substrate/Glints2/dict_0006_0056.uasset" 9534
"../../../Engine/Content/EngineMaterials/Substrate/Glints2/dict_0006_0058.uasset" 9535
"../../../Engine/Content/EngineMaterials/Substrate/Glints2/dict_0006_0053.uasset" 9536
"../../../Engine/Content/EngineMaterials/Substrate/Glints2/dict_0006_0050.uasset" 9537
"../../../Engine/Content/EngineMaterials/Substrate/Glints2/dict_0006_0061.uasset" 9538
"../../../Engine/Content/EngineMaterials/Substrate/Glints2/dict_0006_0057.uasset" 9539
"../../../Engine/Content/EngineMaterials/Substrate/Glints2/dict_0006_0059.uasset" 9540
"/Engine/EngineMaterials/Substrate/Glints2/dict_0006_0047" 9541
"/Engine/EngineMaterials/Substrate/Glints2/dict_0006_0046" 9542
"/Engine/EngineMaterials/Substrate/Glints2/dict_0006_0045" 9543
"/Engine/EngineMaterials/Substrate/Glints2/dict_0006_0044" 9544
"/Engine/EngineMaterials/Substrate/Glints2/dict_0006_0043" 9545
"/Engine/EngineMaterials/Substrate/Glints2/dict_0006_0042" 9546
"/Engine/EngineMaterials/Substrate/Glints2/dict_0006_0041" 9547
"/Engine/EngineMaterials/Substrate/Glints2/dict_0006_0040" 9548
"/Engine/EngineMaterials/Substrate/Glints2/dict_0006_0039" 9549
"/Engine/EngineMaterials/Substrate/Glints2/dict_0006_0038" 9550
"/Engine/EngineMaterials/Substrate/Glints2/dict_0006_0037" 9551
"/Engine/EngineMaterials/Substrate/Glints2/dict_0006_0036" 9552
"/Engine/EngineMaterials/Substrate/Glints2/dict_0006_0035" 9553
"/Engine/EngineMaterials/Substrate/Glints2/dict_0006_0034" 9554
"/Engine/EngineMaterials/Substrate/Glints2/dict_0006_0033" 9555
"/Engine/EngineMaterials/Substrate/Glints2/dict_0006_0032" 9556
"/Engine/EngineMaterials/Substrate/Glints2/dict_0006_0031" 9557
"/Engine/EngineMaterials/Substrate/Glints2/dict_0006_0030" 9558
"../../../Engine/Content/EngineMaterials/Substrate/Glints2/dict_0006_0062.uasset" 9559
"../../../Engine/Content/EngineMaterials/Substrate/Glints2/dict_0006_0064.uasset" 9560
"../../../Engine/Content/EngineMaterials/Substrate/Glints2/dict_0006_0071.uasset" 9561
"../../../Engine/Content/EngineMaterials/Substrate/Glints2/dict_0006_0063.uasset" 9562
"../../../Engine/Content/EngineMaterials/Substrate/Glints2/dict_0006_0075.uasset" 9563
"../../../Engine/Content/EngineMaterials/Substrate/Glints2/dict_0006_0070.uasset" 9564
"../../../Engine/Content/EngineMaterials/Substrate/Glints2/dict_0006_0067.uasset" 9565
"../../../Engine/Content/EngineMaterials/Substrate/Glints2/dict_0006_0077.uasset" 9566
"../../../Engine/Content/EngineMaterials/Substrate/Glints2/dict_0006_0078.uasset" 9567
"../../../Engine/Content/EngineMaterials/Substrate/Glints2/dict_0006_0068.uasset" 9568
"../../../Engine/Content/EngineMaterials/Substrate/Glints2/dict_0006_0079.uasset" 9569
"/Engine/EngineMaterials/Substrate/Glints2/dict_0006_0061" 9570
"../../../Engine/Content/EngineMaterials/Substrate/Glints2/dict_0006_0073.uasset" 9571
"../../../Engine/Content/EngineMaterials/Substrate/Glints2/dict_0006_0076.uasset" 9572
"../../../Engine/Content/EngineMaterials/Substrate/Glints2/dict_0006_0069.uasset" 9573
"../../../Engine/Content/EngineMaterials/Substrate/Glints2/dict_0006_0074.uasset" 9574
"../../../Engine/Content/EngineMaterials/Substrate/Glints2/dict_0006_0065.uasset" 9575
"../../../Engine/Content/EngineMaterials/Substrate/Glints2/dict_0006_0072.uasset" 9576
"../../../Engine/Content/EngineMaterials/Substrate/Glints2/dict_0006_0066.uasset" 9577
"../../../Engine/Content/EngineMaterials/Substrate/Glints2/dict_0006_0080.uasset" 9578
"/Engine/EngineMaterials/Substrate/Glints2/dict_0006_0060" 9579
"/Engine/EngineMaterials/Substrate/Glints2/dict_0006_0059" 9580
"/Engine/EngineMaterials/Substrate/Glints2/dict_0006_0058" 9581
"/Engine/EngineMaterials/Substrate/Glints2/dict_0006_0057" 9582
"/Engine/EngineMaterials/Substrate/Glints2/dict_0006_0056" 9583
"/Engine/EngineMaterials/Substrate/Glints2/dict_0006_0055" 9584
"/Engine/EngineMaterials/Substrate/Glints2/dict_0006_0054" 9585
"/Engine/EngineMaterials/Substrate/Glints2/dict_0006_0053" 9586
"/Engine/EngineMaterials/Substrate/Glints2/dict_0006_0052" 9587
"/Engine/EngineMaterials/Substrate/Glints2/dict_0006_0051" 9588
"/Engine/EngineMaterials/Substrate/Glints2/dict_0006_0050" 9589
"/Engine/EngineMaterials/Substrate/Glints2/dict_0006_0049" 9590
"../../../Engine/Content/EngineMaterials/Substrate/Glints2/dict_0006_0081.uasset" 9591
"../../../Engine/Content/EngineMaterials/Substrate/Glints2/dict_0006_0082.uasset" 9592
"../../../Engine/Content/EngineMaterials/Substrate/Glints2/dict_0006_0084.uasset" 9593
"../../../Engine/Content/EngineMaterials/Substrate/Glints2/dict_0006_0083.uasset" 9594
"../../../Engine/Content/EngineMaterials/Substrate/Glints2/dict_0006_0086.uasset" 9595
"../../../Engine/Content/EngineMaterials/Substrate/Glints2/dict_0006_0088.uasset" 9596
"../../../Engine/Content/EngineMaterials/Substrate/Glints2/dict_0006_0093.uasset" 9597
"../../../Engine/Content/EngineMaterials/Substrate/Glints2/dict_0006_0087.uasset" 9598
"../../../Engine/Content/EngineMaterials/Substrate/Glints2/dict_0006_0089.uasset" 9599
"../../../Engine/Content/EngineMaterials/Substrate/Glints2/dict_0006_0091.uasset" 9600
"../../../Engine/Content/EngineMaterials/Substrate/Glints2/dict_0006_0092.uasset" 9601
"/Engine/EngineMaterials/Substrate/Glints2/dict_0006_0080" 9602
"../../../Engine/Content/EngineMaterials/Substrate/Glints2/dict_0006_0085.uasset" 9603
"../../../Engine/Content/EngineMaterials/Substrate/Glints2/dict_0006_0090.uasset" 9604
"/Engine/EngineMaterials/Substrate/Glints2/dict_0006_0079" 9605
"/Engine/EngineMaterials/Substrate/Glints2/dict_0006_0078" 9606
"/Engine/EngineMaterials/Substrate/Glints2/dict_0006_0077" 9607
"/Engine/EngineMaterials/Substrate/Glints2/dict_0006_0076" 9608
"/Engine/EngineMaterials/Substrate/Glints2/dict_0006_0075" 9609
"/Engine/EngineMaterials/Substrate/Glints2/dict_0006_0074" 9610
"/Engine/EngineMaterials/Substrate/Glints2/dict_0006_0073" 9611
"/Engine/EngineMaterials/Substrate/Glints2/dict_0006_0072" 9612
"/Engine/EngineMaterials/Substrate/Glints2/dict_0006_0071" 9613
"/Engine/EngineMaterials/Substrate/Glints2/dict_0006_0070" 9614
"/Engine/EngineMaterials/Substrate/Glints2/dict_0006_0069" 9615
"/Engine/EngineMaterials/Substrate/Glints2/dict_0006_0068" 9616
"/Engine/EngineMaterials/Substrate/Glints2/dict_0006_0067" 9617
"/Engine/EngineMaterials/Substrate/Glints2/dict_0006_0066" 9618
"/Engine/EngineMaterials/Substrate/Glints2/dict_0006_0065" 9619
"/Engine/EngineMaterials/Substrate/Glints2/dict_0006_0064" 9620
"/Engine/EngineMaterials/Substrate/Glints2/dict_0006_0063" 9621
"/Engine/EngineMaterials/Substrate/Glints2/dict_0006_0062" 9622
"/Engine/EngineMaterials/Substrate/Glints2/dict_0006_0084" 9623
"/Engine/EngineMaterials/Substrate/Glints2/dict_0006_0082" 9624
"/Engine/EngineMaterials/Substrate/Glints2/dict_0006_0081" 9625
"../../../Engine/Content/EngineMaterials/Substrate/Glints2/dict_0006_0094.uasset" 9626
"../../../Engine/Content/EngineMaterials/Substrate/Glints2/dict_0006_0107.uasset" 9627
"../../../Engine/Content/EngineMaterials/Substrate/Glints2/dict_0006_0103.uasset" 9628
"../../../Engine/Content/EngineMaterials/Substrate/Glints2/dict_0006_0105.uasset" 9629
"../../../Engine/Content/EngineMaterials/Substrate/Glints2/dict_0006_0109.uasset" 9630
"../../../Engine/Content/EngineMaterials/Substrate/Glints2/dict_0006_0106.uasset" 9631
"../../../Engine/Content/EngineMaterials/Substrate/Glints2/dict_0006_0097.uasset" 9632
"../../../Engine/Content/EngineMaterials/Substrate/Glints2/dict_0006_0108.uasset" 9633
"../../../Engine/Content/EngineMaterials/Substrate/Glints2/dict_0006_0104.uasset" 9634
"../../../Engine/Content/EngineMaterials/Substrate/Glints2/dict_0006_0112.uasset" 9635
"../../../Engine/Content/EngineMaterials/Substrate/Glints2/dict_0006_0111.uasset" 9636
"../../../Engine/Content/EngineMaterials/Substrate/Glints2/dict_0006_0101.uasset" 9637
"../../../Engine/Content/EngineMaterials/Substrate/Glints2/dict_0006_0096.uasset" 9638
"../../../Engine/Content/EngineMaterials/Substrate/Glints2/dict_0006_0114.uasset" 9639
"../../../Engine/Content/EngineMaterials/Substrate/Glints2/dict_0006_0099.uasset" 9640
"../../../Engine/Content/EngineMaterials/Substrate/Glints2/dict_0006_0095.uasset" 9641
"../../../Engine/Content/EngineMaterials/Substrate/Glints2/dict_0006_0098.uasset" 9642
"../../../Engine/Content/EngineMaterials/Substrate/Glints2/dict_0006_0102.uasset" 9643
"/Engine/EngineMaterials/Substrate/Glints2/dict_0006_0093" 9644
"../../../Engine/Content/EngineMaterials/Substrate/Glints2/dict_0006_0100.uasset" 9645
"../../../Engine/Content/EngineMaterials/Substrate/Glints2/dict_0006_0113.uasset" 9646
"../../../Engine/Content/EngineMaterials/Substrate/Glints2/dict_0006_0110.uasset" 9647
"../../../Engine/Content/EngineMaterials/Substrate/Glints2/dict_0006_0115.uasset" 9648
"/Engine/EngineMaterials/Substrate/Glints2/dict_0006_0092" 9649
"/Engine/EngineMaterials/Substrate/Glints2/dict_0006_0091" 9650
"/Engine/EngineMaterials/Substrate/Glints2/dict_0006_0090" 9651
"/Engine/EngineMaterials/Substrate/Glints2/dict_0006_0089" 9652
"/Engine/EngineMaterials/Substrate/Glints2/dict_0006_0088" 9653
"/Engine/EngineMaterials/Substrate/Glints2/dict_0006_0087" 9654
"/Engine/EngineMaterials/Substrate/Glints2/dict_0006_0086" 9655
"/Engine/EngineMaterials/Substrate/Glints2/dict_0006_0085" 9656
"/Engine/EngineMaterials/Substrate/Glints2/dict_0006_0083" 9657
"../../../Engine/Content/EngineMaterials/Substrate/Glints2/dict_0006_0116.uasset" 9658
"../../../Engine/Content/EngineMaterials/Substrate/Glints2/dict_0006_0118.uasset" 9659
"../../../Engine/Content/EngineMaterials/Substrate/Glints2/dict_0006_0123.uasset" 9660
"../../../Engine/Content/EngineMaterials/Substrate/Glints2/dict_0006_0120.uasset" 9661
"/Engine/EngineMaterials/Substrate/Glints2/dict_0006_0115" 9662
"../../../Engine/Content/EngineMaterials/Substrate/Glints2/dict_0006_0122.uasset" 9663
"../../../Engine/Content/EngineMaterials/Substrate/Glints2/dict_0006_0124.uasset" 9664
"../../../Engine/Content/EngineMaterials/Substrate/Glints2/dict_0006_0119.uasset" 9665
"../../../Engine/Content/EngineMaterials/Substrate/Glints2/dict_0006_0125.uasset" 9666
"../../../Engine/Content/EngineMaterials/Substrate/Glints2/dict_0006_0117.uasset" 9667
"../../../Engine/Content/EngineMaterials/Substrate/Glints2/dict_0006_0121.uasset" 9668
"/Engine/EngineMaterials/Substrate/Glints2/dict_0006_0114" 9669
"/Engine/EngineMaterials/Substrate/Glints2/dict_0006_0113" 9670
"/Engine/EngineMaterials/Substrate/Glints2/dict_0006_0112" 9671
"/Engine/EngineMaterials/Substrate/Glints2/dict_0006_0111" 9672
"/Engine/EngineMaterials/Substrate/Glints2/dict_0006_0110" 9673
"/Engine/EngineMaterials/Substrate/Glints2/dict_0006_0109" 9674
"/Engine/EngineMaterials/Substrate/Glints2/dict_0006_0108" 9675
"/Engine/EngineMaterials/Substrate/Glints2/dict_0006_0107" 9676
"/Engine/EngineMaterials/Substrate/Glints2/dict_0006_0106" 9677
"/Engine/EngineMaterials/Substrate/Glints2/dict_0006_0105" 9678
"/Engine/EngineMaterials/Substrate/Glints2/dict_0006_0104" 9679
"/Engine/EngineMaterials/Substrate/Glints2/dict_0006_0103" 9680
"/Engine/EngineMaterials/Substrate/Glints2/dict_0006_0102" 9681
"/Engine/EngineMaterials/Substrate/Glints2/dict_0006_0101" 9682
"/Engine/EngineMaterials/Substrate/Glints2/dict_0006_0100" 9683
"/Engine/EngineMaterials/Substrate/Glints2/dict_0006_0099" 9684
"/Engine/EngineMaterials/Substrate/Glints2/dict_0006_0098" 9685
"/Engine/EngineMaterials/Substrate/Glints2/dict_0006_0097" 9686
"/Engine/EngineMaterials/Substrate/Glints2/dict_0006_0096" 9687
"/Engine/EngineMaterials/Substrate/Glints2/dict_0006_0095" 9688
"/Engine/EngineMaterials/Substrate/Glints2/dict_0006_0094" 9689
"../../../Engine/Content/EngineMaterials/Substrate/Glints2/dict_0006_0126.uasset" 9690
"../../../Engine/Content/EngineMaterials/Substrate/Glints2/dict_0006_0127.uasset" 9691
"../../../Engine/Content/EngineMaterials/Substrate/Glints2/dict_0006_0132.uasset" 9692
"../../../Engine/Content/EngineMaterials/Substrate/Glints2/dict_0006_0136.uasset" 9693
"../../../Engine/Content/EngineMaterials/Substrate/Glints2/dict_0006_0135.uasset" 9694
"../../../Engine/Content/EngineMaterials/Substrate/Glints2/dict_0006_0142.uasset" 9695
"../../../Engine/Content/EngineMaterials/Substrate/Glints2/dict_0006_0133.uasset" 9696
"../../../Engine/Content/EngineMaterials/Substrate/Glints2/dict_0006_0140.uasset" 9697
"../../../Engine/Content/EngineMaterials/Substrate/Glints2/dict_0006_0131.uasset" 9698
"../../../Engine/Content/EngineMaterials/Substrate/Glints2/dict_0006_0138.uasset" 9699
"../../../Engine/Content/EngineMaterials/Substrate/Glints2/dict_0006_0139.uasset" 9700
"../../../Engine/Content/EngineMaterials/Substrate/Glints2/dict_0006_0144.uasset" 9701
"../../../Engine/Content/EngineMaterials/Substrate/Glints2/dict_0006_0137.uasset" 9702
"../../../Engine/Content/EngineMaterials/Substrate/Glints2/dict_0006_0130.uasset" 9703
"../../../Engine/Content/EngineMaterials/Substrate/Glints2/dict_0006_0143.uasset" 9704
"../../../Engine/Content/EngineMaterials/Substrate/Glints2/dict_0006_0128.uasset" 9705
"../../../Engine/Content/EngineMaterials/Substrate/Glints2/dict_0006_0147.uasset" 9706
"/Engine/EngineMaterials/Substrate/Glints2/dict_0006_0125" 9707
"../../../Engine/Content/EngineMaterials/Substrate/Glints2/dict_0006_0145.uasset" 9708
"../../../Engine/Content/EngineMaterials/Substrate/Glints2/dict_0006_0146.uasset" 9709
"../../../Engine/Content/EngineMaterials/Substrate/Glints2/dict_0006_0141.uasset" 9710
"../../../Engine/Content/EngineMaterials/Substrate/Glints2/dict_0006_0129.uasset" 9711
"../../../Engine/Content/EngineMaterials/Substrate/Glints2/dict_0006_0134.uasset" 9712
"/Engine/EngineMaterials/Substrate/Glints2/dict_0006_0124" 9713
"/Engine/EngineMaterials/Substrate/Glints2/dict_0006_0123" 9714
"/Engine/EngineMaterials/Substrate/Glints2/dict_0006_0122" 9715
"/Engine/EngineMaterials/Substrate/Glints2/dict_0006_0121" 9716
"/Engine/EngineMaterials/Substrate/Glints2/dict_0006_0120" 9717
"/Engine/EngineMaterials/Substrate/Glints2/dict_0006_0119" 9718
"/Engine/EngineMaterials/Substrate/Glints2/dict_0006_0118" 9719
"/Engine/EngineMaterials/Substrate/Glints2/dict_0006_0117" 9720
"/Engine/EngineMaterials/Substrate/Glints2/dict_0006_0116" 9721
"/Engine/EngineMaterials/Substrate/Glints2/dict_0006_0127" 9722
"/Engine/EngineMaterials/Substrate/Glints2/dict_0006_0126" 9723
"../../../Engine/Content/EngineMaterials/Substrate/Glints2/dict_0006_0152.uasset" 9724
"../../../Engine/Content/EngineMaterials/Substrate/Glints2/dict_0006_0154.uasset" 9725
"../../../Engine/Content/EngineMaterials/Substrate/Glints2/dict_0006_0150.uasset" 9726
"../../../Engine/Content/EngineMaterials/Substrate/Glints2/dict_0006_0157.uasset" 9727
"../../../Engine/Content/EngineMaterials/Substrate/Glints2/dict_0006_0156.uasset" 9728
"../../../Engine/Content/EngineMaterials/Substrate/Glints2/dict_0006_0153.uasset" 9729
"../../../Engine/Content/EngineMaterials/Substrate/Glints2/dict_0006_0159.uasset" 9730
"../../../Engine/Content/EngineMaterials/Substrate/Glints2/dict_0006_0158.uasset" 9731
"../../../Engine/Content/EngineMaterials/Substrate/Glints2/dict_0006_0148.uasset" 9732
"../../../Engine/Content/EngineMaterials/Substrate/Glints2/dict_0006_0151.uasset" 9733
"../../../Engine/Content/EngineMaterials/Substrate/Glints2/dict_0006_0155.uasset" 9734
"/Engine/EngineMaterials/Substrate/Glints2/dict_0006_0147" 9735
"../../../Engine/Content/EngineMaterials/Substrate/Glints2/dict_0006_0149.uasset" 9736
"/Engine/EngineMaterials/Substrate/Glints2/dict_0006_0146" 9737
"/Engine/EngineMaterials/Substrate/Glints2/dict_0006_0145" 9738
"/Engine/EngineMaterials/Substrate/Glints2/dict_0006_0144" 9739
"/Engine/EngineMaterials/Substrate/Glints2/dict_0006_0143" 9740
"/Engine/EngineMaterials/Substrate/Glints2/dict_0006_0142" 9741
"/Engine/EngineMaterials/Substrate/Glints2/dict_0006_0141" 9742
"/Engine/EngineMaterials/Substrate/Glints2/dict_0006_0140" 9743
"/Engine/EngineMaterials/Substrate/Glints2/dict_0006_0139" 9744
"/Engine/EngineMaterials/Substrate/Glints2/dict_0006_0138" 9745
"/Engine/EngineMaterials/Substrate/Glints2/dict_0006_0137" 9746
"/Engine/EngineMaterials/Substrate/Glints2/dict_0006_0136" 9747
"/Engine/EngineMaterials/Substrate/Glints2/dict_0006_0135" 9748
"/Engine/EngineMaterials/Substrate/Glints2/dict_0006_0134" 9749
"/Engine/EngineMaterials/Substrate/Glints2/dict_0006_0133" 9750
"/Engine/EngineMaterials/Substrate/Glints2/dict_0006_0132" 9751
"/Engine/EngineMaterials/Substrate/Glints2/dict_0006_0131" 9752
"/Engine/EngineMaterials/Substrate/Glints2/dict_0006_0130" 9753
"/Engine/EngineMaterials/Substrate/Glints2/dict_0006_0129" 9754
"/Engine/EngineMaterials/Substrate/Glints2/dict_0006_0128" 9755
"../../../Engine/Content/EngineMaterials/Substrate/Glints2/dict_0006_0160.uasset" 9756
"../../../Engine/Content/EngineMaterials/Substrate/Glints2/dict_0006_0166.uasset" 9757
"../../../Engine/Content/EngineMaterials/Substrate/Glints2/dict_0006_0163.uasset" 9758
"../../../Engine/Content/EngineMaterials/Substrate/Glints2/dict_0006_0165.uasset" 9759
"../../../Engine/Content/EngineMaterials/Substrate/Glints2/dict_0006_0171.uasset" 9760
"../../../Engine/Content/EngineMaterials/Substrate/Glints2/dict_0006_0168.uasset" 9761
"../../../Engine/Content/EngineMaterials/Substrate/Glints2/dict_0006_0164.uasset" 9762
"../../../Engine/Content/EngineMaterials/Substrate/Glints2/dict_0006_0162.uasset" 9763
"../../../Engine/Content/EngineMaterials/Substrate/Glints2/dict_0006_0173.uasset" 9764
"../../../Engine/Content/EngineMaterials/Substrate/Glints2/dict_0006_0172.uasset" 9765
"../../../Engine/Content/EngineMaterials/Substrate/Glints2/dict_0006_0161.uasset" 9766
"../../../Engine/Content/EngineMaterials/Substrate/Glints2/dict_0006_0177.uasset" 9767
"../../../Engine/Content/EngineMaterials/Substrate/Glints2/dict_0006_0170.uasset" 9768
"../../../Engine/Content/EngineMaterials/Substrate/Glints2/dict_0006_0167.uasset" 9769
"../../../Engine/Content/EngineMaterials/Substrate/Glints2/dict_0006_0178.uasset" 9770
"../../../Engine/Content/EngineMaterials/Substrate/Glints2/dict_0006_0176.uasset" 9771
"../../../Engine/Content/EngineMaterials/Substrate/Glints2/dict_0006_0175.uasset" 9772
"../../../Engine/Content/EngineMaterials/Substrate/Glints2/dict_0006_0174.uasset" 9773
"../../../Engine/Content/EngineMaterials/Substrate/Glints2/dict_0006_0179.uasset" 9774
"/Engine/EngineMaterials/Substrate/Glints2/dict_0006_0159" 9775
"../../../Engine/Content/EngineMaterials/Substrate/Glints2/dict_0006_0169.uasset" 9776
"/Engine/EngineMaterials/Substrate/Glints2/dict_0006_0158" 9777
"/Engine/EngineMaterials/Substrate/Glints2/dict_0006_0157" 9778
"/Engine/EngineMaterials/Substrate/Glints2/dict_0006_0156" 9779
"/Engine/EngineMaterials/Substrate/Glints2/dict_0006_0155" 9780
"/Engine/EngineMaterials/Substrate/Glints2/dict_0006_0154" 9781
"/Engine/EngineMaterials/Substrate/Glints2/dict_0006_0153" 9782
"/Engine/EngineMaterials/Substrate/Glints2/dict_0006_0152" 9783
"/Engine/EngineMaterials/Substrate/Glints2/dict_0006_0151" 9784
"/Engine/EngineMaterials/Substrate/Glints2/dict_0006_0150" 9785
"/Engine/EngineMaterials/Substrate/Glints2/dict_0006_0149" 9786
"/Engine/EngineMaterials/Substrate/Glints2/dict_0006_0148" 9787
"../../../Engine/Content/EngineMaterials/Substrate/Glints2/dict_0006_0180.uasset" 9788
"../../../Engine/Content/EngineMaterials/Substrate/Glints2/dict_0006_0181.uasset" 9789
"../../../Engine/Content/EngineMaterials/Substrate/Glints2/dict_0006_0185.uasset" 9790
"../../../Engine/Content/EngineMaterials/Substrate/Glints2/dict_0006_0187.uasset" 9791
"../../../Engine/Content/EngineMaterials/Substrate/Glints2/dict_0006_0186.uasset" 9792
"/Engine/EngineMaterials/Substrate/Glints2/dict_0006_0179" 9793
"../../../Engine/Content/EngineMaterials/Substrate/Glints2/dict_0006_0184.uasset" 9794
"../../../Engine/Content/EngineMaterials/Substrate/Glints2/dict_0006_0189.uasset" 9795
"../../../Engine/Content/EngineMaterials/Substrate/Glints2/dict_0006_0191.uasset" 9796
"../../../Engine/Content/EngineMaterials/Substrate/Glints2/dict_0006_0182.uasset" 9797
"../../../Engine/Content/EngineMaterials/Substrate/Glints2/dict_0006_0183.uasset" 9798
"../../../Engine/Content/EngineMaterials/Substrate/Glints2/dict_0006_0188.uasset" 9799
"../../../Engine/Content/EngineMaterials/Substrate/Glints2/dict_0006_0190.uasset" 9800
"/Engine/EngineMaterials/Substrate/Glints2/dict_0006_0178" 9801
"/Engine/EngineMaterials/Substrate/Glints2/dict_0006_0177" 9802
"/Engine/EngineMaterials/Substrate/Glints2/dict_0006_0176" 9803
"/Engine/EngineMaterials/Substrate/Glints2/dict_0006_0175" 9804
"/Engine/EngineMaterials/Substrate/Glints2/dict_0006_0174" 9805
"/Engine/EngineMaterials/Substrate/Glints2/dict_0006_0173" 9806
"/Engine/EngineMaterials/Substrate/Glints2/dict_0006_0172" 9807
"/Engine/EngineMaterials/Substrate/Glints2/dict_0006_0171" 9808
"/Engine/EngineMaterials/Substrate/Glints2/dict_0006_0170" 9809
"/Engine/EngineMaterials/Substrate/Glints2/dict_0006_0169" 9810
"/Engine/EngineMaterials/Substrate/Glints2/dict_0006_0168" 9811
"/Engine/EngineMaterials/Substrate/Glints2/dict_0006_0167" 9812
"/Engine/EngineMaterials/Substrate/Glints2/dict_0006_0166" 9813
"/Engine/EngineMaterials/Substrate/Glints2/dict_0006_0165" 9814
"/Engine/EngineMaterials/Substrate/Glints2/dict_0006_0164" 9815
"/Engine/EngineMaterials/Substrate/Glints2/dict_0006_0163" 9816
"/Engine/EngineMaterials/Substrate/Glints2/dict_0006_0162" 9817
"/Engine/EngineMaterials/Substrate/Glints2/dict_0006_0161" 9818
"/Engine/EngineMaterials/Substrate/Glints2/dict_0006_0160" 9819
"../../../Engine/Content/EngineMaterials/Substrate/Glints2/dict_0006_0193.uasset" 9820
"../../../Engine/Content/EngineMaterials/Substrate/Glints2/dict_0006_0194.uasset" 9821
"../../../Engine/Content/EngineMaterials/Substrate/Glints2/dict_0006_0192.uasset" 9822
"../../../Engine/Content/EngineMaterials/Substrate/Glints2/dict_0006_0195.uasset" 9823
"../../../Engine/Content/EngineMaterials/Substrate/Glints2/dict_0006_0201.uasset" 9824
"../../../Engine/Content/EngineMaterials/Substrate/Glints2/dict_0006_0205.uasset" 9825
"../../../Engine/Content/EngineMaterials/Substrate/Glints2/dict_0006_0207.uasset" 9826
"../../../Engine/Content/EngineMaterials/Substrate/Glints2/dict_0006_0211.uasset" 9827
"../../../Engine/Content/EngineMaterials/Substrate/Glints2/dict_0006_0210.uasset" 9828
"../../../Engine/Content/EngineMaterials/Substrate/Glints2/dict_0006_0197.uasset" 9829
"../../../Engine/Content/EngineMaterials/Substrate/Glints2/dict_0006_0196.uasset" 9830
"../../../Engine/Content/EngineMaterials/Substrate/Glints2/dict_0006_0202.uasset" 9831
"../../../Engine/Content/EngineMaterials/Substrate/Glints2/dict_0006_0208.uasset" 9832
"../../../Engine/Content/EngineMaterials/Substrate/Glints2/dict_0006_0199.uasset" 9833
"../../../Engine/Content/EngineMaterials/Substrate/Glints2/dict_0006_0203.uasset" 9834
"../../../Engine/Content/EngineMaterials/Substrate/Glints2/dict_0006_0198.uasset" 9835
"../../../Engine/Content/EngineMaterials/Substrate/Glints2/dict_0006_0200.uasset" 9836
"../../../Engine/Content/EngineMaterials/Substrate/Glints2/dict_0006_0209.uasset" 9837
"../../../Engine/Content/EngineMaterials/Substrate/Glints2/dict_0006_0206.uasset" 9838
"/Engine/EngineMaterials/Substrate/Glints2/dict_0006_0191" 9839
"../../../Engine/Content/EngineMaterials/Substrate/Glints2/dict_0006_0204.uasset" 9840
"/Engine/EngineMaterials/Substrate/Glints2/dict_0006_0190" 9841
"/Engine/EngineMaterials/Substrate/Glints2/dict_0006_0189" 9842
"/Engine/EngineMaterials/Substrate/Glints2/dict_0006_0188" 9843
"/Engine/EngineMaterials/Substrate/Glints2/dict_0006_0187" 9844
"/Engine/EngineMaterials/Substrate/Glints2/dict_0006_0186" 9845
"/Engine/EngineMaterials/Substrate/Glints2/dict_0006_0185" 9846
"/Engine/EngineMaterials/Substrate/Glints2/dict_0006_0184" 9847
"/Engine/EngineMaterials/Substrate/Glints2/dict_0006_0183" 9848
"/Engine/EngineMaterials/Substrate/Glints2/dict_0006_0192" 9849
"/Engine/EngineMaterials/Substrate/Glints2/dict_0006_0182" 9850
"/Engine/EngineMaterials/Substrate/Glints2/dict_0006_0181" 9851
"/Engine/EngineMaterials/Substrate/Glints2/dict_0006_0180" 9852
"../../../Engine/Content/EngineMaterials/Substrate/Glints2/dict_0006_0212.uasset" 9853
"../../../Engine/Content/EngineMaterials/Substrate/Glints2/dict_0006_0220.uasset" 9854
"../../../Engine/Content/EngineMaterials/Substrate/Glints2/dict_0006_0221.uasset" 9855
"/Engine/EngineMaterials/Substrate/Glints2/dict_0006_0211" 9856
"../../../Engine/Content/EngineMaterials/Substrate/Glints2/dict_0006_0214.uasset" 9857
"../../../Engine/Content/EngineMaterials/Substrate/Glints2/dict_0006_0222.uasset" 9858
"../../../Engine/Content/EngineMaterials/Substrate/Glints2/dict_0006_0223.uasset" 9859
"../../../Engine/Content/EngineMaterials/Substrate/Glints2/dict_0006_0213.uasset" 9860
"../../../Engine/Content/EngineMaterials/Substrate/Glints2/dict_0006_0224.uasset" 9861
"../../../Engine/Content/EngineMaterials/Substrate/Glints2/dict_0006_0217.uasset" 9862
"../../../Engine/Content/EngineMaterials/Substrate/Glints2/dict_0006_0215.uasset" 9863
"../../../Engine/Content/EngineMaterials/Substrate/Glints2/dict_0006_0216.uasset" 9864
"../../../Engine/Content/EngineMaterials/Substrate/Glints2/dict_0006_0218.uasset" 9865
"../../../Engine/Content/EngineMaterials/Substrate/Glints2/dict_0006_0219.uasset" 9866
"/Engine/EngineMaterials/Substrate/Glints2/dict_0006_0210" 9867
"/Engine/EngineMaterials/Substrate/Glints2/dict_0006_0209" 9868
"/Engine/EngineMaterials/Substrate/Glints2/dict_0006_0208" 9869
"/Engine/EngineMaterials/Substrate/Glints2/dict_0006_0207" 9870
"/Engine/EngineMaterials/Substrate/Glints2/dict_0006_0206" 9871
"/Engine/EngineMaterials/Substrate/Glints2/dict_0006_0205" 9872
"/Engine/EngineMaterials/Substrate/Glints2/dict_0006_0204" 9873
"/Engine/EngineMaterials/Substrate/Glints2/dict_0006_0203" 9874
"/Engine/EngineMaterials/Substrate/Glints2/dict_0006_0202" 9875
"/Engine/EngineMaterials/Substrate/Glints2/dict_0006_0201" 9876
"/Engine/EngineMaterials/Substrate/Glints2/dict_0006_0200" 9877
"/Engine/EngineMaterials/Substrate/Glints2/dict_0006_0199" 9878
"/Engine/EngineMaterials/Substrate/Glints2/dict_0006_0198" 9879
"/Engine/EngineMaterials/Substrate/Glints2/dict_0006_0197" 9880
"/Engine/EngineMaterials/Substrate/Glints2/dict_0006_0196" 9881
"/Engine/EngineMaterials/Substrate/Glints2/dict_0006_0195" 9882
"/Engine/EngineMaterials/Substrate/Glints2/dict_0006_0194" 9883
"/Engine/EngineMaterials/Substrate/Glints2/dict_0006_0193" 9884
"../../../Engine/Content/EngineMaterials/Substrate/Glints2/dict_0006_0227.uasset" 9885
"../../../Engine/Content/EngineMaterials/Substrate/Glints2/dict_0006_0229.uasset" 9886
"../../../Engine/Content/EngineMaterials/Substrate/Glints2/dict_0006_0230.uasset" 9887
"../../../Engine/Content/EngineMaterials/Substrate/Glints2/dict_0006_0228.uasset" 9888
"../../../Engine/Content/EngineMaterials/Substrate/Glints2/dict_0006_0237.uasset" 9889
"../../../Engine/Content/EngineMaterials/Substrate/Glints2/dict_0006_0236.uasset" 9890
"../../../Engine/Content/EngineMaterials/Substrate/Glints2/dict_0006_0239.uasset" 9891
"../../../Engine/Content/EngineMaterials/Substrate/Glints2/dict_0006_0233.uasset" 9892
"../../../Engine/Content/EngineMaterials/Substrate/Glints2/dict_0006_0238.uasset" 9893
"../../../Engine/Content/EngineMaterials/Substrate/Glints2/dict_0006_0241.uasset" 9894
"../../../Engine/Content/EngineMaterials/Substrate/Glints2/dict_0006_0225.uasset" 9895
"../../../Engine/Content/EngineMaterials/Substrate/Glints2/dict_0006_0231.uasset" 9896
"../../../Engine/Content/EngineMaterials/Substrate/Glints2/dict_0006_0232.uasset" 9897
"../../../Engine/Content/EngineMaterials/Substrate/Glints2/dict_0006_0234.uasset" 9898
"../../../Engine/Content/EngineMaterials/Substrate/Glints2/dict_0006_0235.uasset" 9899
"../../../Engine/Content/EngineMaterials/Substrate/Glints2/dict_0006_0243.uasset" 9900
"../../../Engine/Content/EngineMaterials/Substrate/Glints2/dict_0006_0240.uasset" 9901
"../../../Engine/Content/EngineMaterials/Substrate/Glints2/dict_0006_0242.uasset" 9902
"/Engine/EngineMaterials/Substrate/Glints2/dict_0006_0224" 9903
"../../../Engine/Content/EngineMaterials/Substrate/Glints2/dict_0006_0226.uasset" 9904
"/Engine/EngineMaterials/Substrate/Glints2/dict_0006_0223" 9905
"/Engine/EngineMaterials/Substrate/Glints2/dict_0006_0222" 9906
"/Engine/EngineMaterials/Substrate/Glints2/dict_0006_0221" 9907
"/Engine/EngineMaterials/Substrate/Glints2/dict_0006_0220" 9908
"/Engine/EngineMaterials/Substrate/Glints2/dict_0006_0219" 9909
"/Engine/EngineMaterials/Substrate/Glints2/dict_0006_0218" 9910
"/Engine/EngineMaterials/Substrate/Glints2/dict_0006_0217" 9911
"/Engine/EngineMaterials/Substrate/Glints2/dict_0006_0216" 9912
"/Engine/EngineMaterials/Substrate/Glints2/dict_0006_0215" 9913
"/Engine/EngineMaterials/Substrate/Glints2/dict_0006_0214" 9914
"/Engine/EngineMaterials/Substrate/Glints2/dict_0006_0213" 9915
"/Engine/EngineMaterials/Substrate/Glints2/dict_0006_0212" 9916
"../../../Engine/Content/EngineMaterials/Substrate/Glints2/dict_0006_0244.uasset" 9917
"../../../Engine/Content/EngineMaterials/Substrate/Glints2/dict_0006_0245.uasset" 9918
"../../../Engine/Content/EngineMaterials/Substrate/Glints2/dict_0006_0247.uasset" 9919
"../../../Engine/Content/EngineMaterials/Substrate/Glints2/dict_0006_0248.uasset" 9920
"../../../Engine/Content/EngineMaterials/Substrate/Glints2/dict_0006_0249.uasset" 9921
"../../../Engine/Content/EngineMaterials/Substrate/Glints2/dict_0006_0246.uasset" 9922
"../../../Engine/Content/EngineMaterials/Substrate/Glints2/dict_0006_0250.uasset" 9923
"../../../Engine/Content/EngineMaterials/Substrate/Glints2/dict_0007_0000.uasset" 9924
"../../../Engine/Content/EngineMaterials/Substrate/Glints2/dict_0006_0253.uasset" 9925
"../../../Engine/Content/EngineMaterials/Substrate/Glints2/dict_0006_0251.uasset" 9926
"../../../Engine/Content/EngineMaterials/Substrate/Glints2/dict_0006_0252.uasset" 9927
"../../../Engine/Content/EngineMaterials/Substrate/Glints2/dict_0006_0255.uasset" 9928
"/Engine/EngineMaterials/Substrate/Glints2/dict_0006_0243" 9929
"../../../Engine/Content/EngineMaterials/Substrate/Glints2/dict_0006_0254.uasset" 9930
"/Engine/EngineMaterials/Substrate/Glints2/dict_0006_0242" 9931
"/Engine/EngineMaterials/Substrate/Glints2/dict_0006_0241" 9932
"/Engine/EngineMaterials/Substrate/Glints2/dict_0006_0240" 9933
"/Engine/EngineMaterials/Substrate/Glints2/dict_0006_0239" 9934
"/Engine/EngineMaterials/Substrate/Glints2/dict_0006_0238" 9935
"/Engine/EngineMaterials/Substrate/Glints2/dict_0006_0237" 9936
"/Engine/EngineMaterials/Substrate/Glints2/dict_0006_0236" 9937
"/Engine/EngineMaterials/Substrate/Glints2/dict_0006_0235" 9938
"/Engine/EngineMaterials/Substrate/Glints2/dict_0006_0234" 9939
"/Engine/EngineMaterials/Substrate/Glints2/dict_0006_0233" 9940
"/Engine/EngineMaterials/Substrate/Glints2/dict_0006_0232" 9941
"/Engine/EngineMaterials/Substrate/Glints2/dict_0006_0231" 9942
"/Engine/EngineMaterials/Substrate/Glints2/dict_0006_0230" 9943
"/Engine/EngineMaterials/Substrate/Glints2/dict_0006_0229" 9944
"/Engine/EngineMaterials/Substrate/Glints2/dict_0006_0228" 9945
"/Engine/EngineMaterials/Substrate/Glints2/dict_0006_0227" 9946
"/Engine/EngineMaterials/Substrate/Glints2/dict_0006_0226" 9947
"/Engine/EngineMaterials/Substrate/Glints2/dict_0006_0225" 9948
"/Engine/EngineMaterials/Substrate/Glints2/dict_0006_0247" 9949
"/Engine/EngineMaterials/Substrate/Glints2/dict_0006_0245" 9950
"/Engine/EngineMaterials/Substrate/Glints2/dict_0006_0244" 9951
"../../../Engine/Content/EngineMaterials/Substrate/Glints2/dict_0007_0001.uasset" 9952
"../../../Engine/Content/EngineMaterials/Substrate/Glints2/dict_0007_0005.uasset" 9953
"../../../Engine/Content/EngineMaterials/Substrate/Glints2/dict_0007_0007.uasset" 9954
"../../../Engine/Content/EngineMaterials/Substrate/Glints2/dict_0007_0011.uasset" 9955
"../../../Engine/Content/EngineMaterials/Substrate/Glints2/dict_0007_0012.uasset" 9956
"../../../Engine/Content/EngineMaterials/Substrate/Glints2/dict_0007_0004.uasset" 9957
"../../../Engine/Content/EngineMaterials/Substrate/Glints2/dict_0007_0015.uasset" 9958
"/Engine/EngineMaterials/Substrate/Glints2/dict_0007_0000" 9959
"../../../Engine/Content/EngineMaterials/Substrate/Glints2/dict_0007_0013.uasset" 9960
"../../../Engine/Content/EngineMaterials/Substrate/Glints2/dict_0007_0002.uasset" 9961
"../../../Engine/Content/EngineMaterials/Substrate/Glints2/dict_0007_0016.uasset" 9962
"../../../Engine/Content/EngineMaterials/Substrate/Glints2/dict_0007_0018.uasset" 9963
"../../../Engine/Content/EngineMaterials/Substrate/Glints2/dict_0007_0019.uasset" 9964
"../../../Engine/Content/EngineMaterials/Substrate/Glints2/dict_0007_0022.uasset" 9965
"../../../Engine/Content/EngineMaterials/Substrate/Glints2/dict_0007_0020.uasset" 9966
"../../../Engine/Content/EngineMaterials/Substrate/Glints2/dict_0007_0021.uasset" 9967
"../../../Engine/Content/EngineMaterials/Substrate/Glints2/dict_0007_0008.uasset" 9968
"../../../Engine/Content/EngineMaterials/Substrate/Glints2/dict_0007_0006.uasset" 9969
"../../../Engine/Content/EngineMaterials/Substrate/Glints2/dict_0007_0009.uasset" 9970
"../../../Engine/Content/EngineMaterials/Substrate/Glints2/dict_0007_0003.uasset" 9971
"../../../Engine/Content/EngineMaterials/Substrate/Glints2/dict_0007_0014.uasset" 9972
"../../../Engine/Content/EngineMaterials/Substrate/Glints2/dict_0007_0017.uasset" 9973
"../../../Engine/Content/EngineMaterials/Substrate/Glints2/dict_0007_0010.uasset" 9974
"/Engine/EngineMaterials/Substrate/Glints2/dict_0006_0255" 9975
"/Engine/EngineMaterials/Substrate/Glints2/dict_0006_0254" 9976
"/Engine/EngineMaterials/Substrate/Glints2/dict_0006_0253" 9977
"/Engine/EngineMaterials/Substrate/Glints2/dict_0006_0252" 9978
"/Engine/EngineMaterials/Substrate/Glints2/dict_0006_0251" 9979
"/Engine/EngineMaterials/Substrate/Glints2/dict_0006_0250" 9980
"/Engine/EngineMaterials/Substrate/Glints2/dict_0006_0249" 9981
"/Engine/EngineMaterials/Substrate/Glints2/dict_0006_0248" 9982
"/Engine/EngineMaterials/Substrate/Glints2/dict_0006_0246" 9983
"../../../Engine/Content/EngineMaterials/Substrate/Glints2/dict_0007_0023.uasset" 9984
"../../../Engine/Content/EngineMaterials/Substrate/Glints2/dict_0007_0029.uasset" 9985
"../../../Engine/Content/EngineMaterials/Substrate/Glints2/dict_0007_0025.uasset" 9986
"../../../Engine/Content/EngineMaterials/Substrate/Glints2/dict_0007_0027.uasset" 9987
"../../../Engine/Content/EngineMaterials/Substrate/Glints2/dict_0007_0030.uasset" 9988
"../../../Engine/Content/EngineMaterials/Substrate/Glints2/dict_0007_0028.uasset" 9989
"../../../Engine/Content/EngineMaterials/Substrate/Glints2/dict_0007_0026.uasset" 9990
"/Engine/EngineMaterials/Substrate/Glints2/dict_0007_0022" 9991
"../../../Engine/Content/EngineMaterials/Substrate/Glints2/dict_0007_0032.uasset" 9992
"../../../Engine/Content/EngineMaterials/Substrate/Glints2/dict_0007_0031.uasset" 9993
"../../../Engine/Content/EngineMaterials/Substrate/Glints2/dict_0007_0024.uasset" 9994
"/Engine/EngineMaterials/Substrate/Glints2/dict_0007_0021" 9995
"/Engine/EngineMaterials/Substrate/Glints2/dict_0007_0020" 9996
"/Engine/EngineMaterials/Substrate/Glints2/dict_0007_0019" 9997
"/Engine/EngineMaterials/Substrate/Glints2/dict_0007_0018" 9998
"/Engine/EngineMaterials/Substrate/Glints2/dict_0007_0017" 9999
"/Engine/EngineMaterials/Substrate/Glints2/dict_0007_0016" 10000
"/Engine/EngineMaterials/Substrate/Glints2/dict_0007_0015" 10001
"/Engine/EngineMaterials/Substrate/Glints2/dict_0007_0014" 10002
"/Engine/EngineMaterials/Substrate/Glints2/dict_0007_0013" 10003
"/Engine/EngineMaterials/Substrate/Glints2/dict_0007_0012" 10004
"/Engine/EngineMaterials/Substrate/Glints2/dict_0007_0011" 10005
"/Engine/EngineMaterials/Substrate/Glints2/dict_0007_0010" 10006
"/Engine/EngineMaterials/Substrate/Glints2/dict_0007_0009" 10007
"/Engine/EngineMaterials/Substrate/Glints2/dict_0007_0008" 10008
"/Engine/EngineMaterials/Substrate/Glints2/dict_0007_0007" 10009
"/Engine/EngineMaterials/Substrate/Glints2/dict_0007_0006" 10010
"/Engine/EngineMaterials/Substrate/Glints2/dict_0007_0005" 10011
"/Engine/EngineMaterials/Substrate/Glints2/dict_0007_0004" 10012
"/Engine/EngineMaterials/Substrate/Glints2/dict_0007_0003" 10013
"/Engine/EngineMaterials/Substrate/Glints2/dict_0007_0002" 10014
"/Engine/EngineMaterials/Substrate/Glints2/dict_0007_0001" 10015
"../../../Engine/Content/EngineMaterials/Substrate/Glints2/dict_0007_0033.uasset" 10016
"../../../Engine/Content/EngineMaterials/Substrate/Glints2/dict_0007_0035.uasset" 10017
"../../../Engine/Content/EngineMaterials/Substrate/Glints2/dict_0007_0037.uasset" 10018
"../../../Engine/Content/EngineMaterials/Substrate/Glints2/dict_0007_0036.uasset" 10019
"../../../Engine/Content/EngineMaterials/Substrate/Glints2/dict_0007_0040.uasset" 10020
"../../../Engine/Content/EngineMaterials/Substrate/Glints2/dict_0007_0034.uasset" 10021
"/Engine/EngineMaterials/Substrate/Glints2/dict_0007_0032" 10022
"../../../Engine/Content/EngineMaterials/Substrate/Glints2/dict_0007_0041.uasset" 10023
"../../../Engine/Content/EngineMaterials/Substrate/Glints2/dict_0007_0039.uasset" 10024
"../../../Engine/Content/EngineMaterials/Substrate/Glints2/dict_0007_0050.uasset" 10025
"../../../Engine/Content/EngineMaterials/Substrate/Glints2/dict_0007_0042.uasset" 10026
"../../../Engine/Content/EngineMaterials/Substrate/Glints2/dict_0007_0038.uasset" 10027
"../../../Engine/Content/EngineMaterials/Substrate/Glints2/dict_0007_0046.uasset" 10028
"../../../Engine/Content/EngineMaterials/Substrate/Glints2/dict_0007_0049.uasset" 10029
"../../../Engine/Content/EngineMaterials/Substrate/Glints2/dict_0007_0054.uasset" 10030
"../../../Engine/Content/EngineMaterials/Substrate/Glints2/dict_0007_0053.uasset" 10031
"../../../Engine/Content/EngineMaterials/Substrate/Glints2/dict_0007_0051.uasset" 10032
"../../../Engine/Content/EngineMaterials/Substrate/Glints2/dict_0007_0045.uasset" 10033
"../../../Engine/Content/EngineMaterials/Substrate/Glints2/dict_0007_0052.uasset" 10034
"../../../Engine/Content/EngineMaterials/Substrate/Glints2/dict_0007_0044.uasset" 10035
"../../../Engine/Content/EngineMaterials/Substrate/Glints2/dict_0007_0043.uasset" 10036
"../../../Engine/Content/EngineMaterials/Substrate/Glints2/dict_0007_0048.uasset" 10037
"../../../Engine/Content/EngineMaterials/Substrate/Glints2/dict_0007_0047.uasset" 10038
"/Engine/EngineMaterials/Substrate/Glints2/dict_0007_0031" 10039
"/Engine/EngineMaterials/Substrate/Glints2/dict_0007_0030" 10040
"/Engine/EngineMaterials/Substrate/Glints2/dict_0007_0029" 10041
"/Engine/EngineMaterials/Substrate/Glints2/dict_0007_0028" 10042
"/Engine/EngineMaterials/Substrate/Glints2/dict_0007_0027" 10043
"/Engine/EngineMaterials/Substrate/Glints2/dict_0007_0026" 10044
"/Engine/EngineMaterials/Substrate/Glints2/dict_0007_0025" 10045
"/Engine/EngineMaterials/Substrate/Glints2/dict_0007_0024" 10046
"/Engine/EngineMaterials/Substrate/Glints2/dict_0007_0023" 10047
"../../../Engine/Content/EngineMaterials/Substrate/Glints2/dict_0007_0056.uasset" 10048
"../../../Engine/Content/EngineMaterials/Substrate/Glints2/dict_0007_0055.uasset" 10049
"../../../Engine/Content/EngineMaterials/Substrate/Glints2/dict_0007_0058.uasset" 10050
"../../../Engine/Content/EngineMaterials/Substrate/Glints2/dict_0007_0057.uasset" 10051
"/Engine/EngineMaterials/Substrate/Glints2/dict_0007_0054" 10052
"../../../Engine/Content/EngineMaterials/Substrate/Glints2/dict_0007_0060.uasset" 10053
"../../../Engine/Content/EngineMaterials/Substrate/Glints2/dict_0007_0059.uasset" 10054
"../../../Engine/Content/EngineMaterials/Substrate/Glints2/dict_0007_0064.uasset" 10055
"../../../Engine/Content/EngineMaterials/Substrate/Glints2/dict_0007_0063.uasset" 10056
"../../../Engine/Content/EngineMaterials/Substrate/Glints2/dict_0007_0062.uasset" 10057
"../../../Engine/Content/EngineMaterials/Substrate/Glints2/dict_0007_0061.uasset" 10058
"/Engine/EngineMaterials/Substrate/Glints2/dict_0007_0053" 10059
"/Engine/EngineMaterials/Substrate/Glints2/dict_0007_0052" 10060
"/Engine/EngineMaterials/Substrate/Glints2/dict_0007_0051" 10061
"/Engine/EngineMaterials/Substrate/Glints2/dict_0007_0050" 10062
"/Engine/EngineMaterials/Substrate/Glints2/dict_0007_0049" 10063
"/Engine/EngineMaterials/Substrate/Glints2/dict_0007_0048" 10064
"/Engine/EngineMaterials/Substrate/Glints2/dict_0007_0047" 10065
"/Engine/EngineMaterials/Substrate/Glints2/dict_0007_0046" 10066
"/Engine/EngineMaterials/Substrate/Glints2/dict_0007_0045" 10067
"/Engine/EngineMaterials/Substrate/Glints2/dict_0007_0044" 10068
"/Engine/EngineMaterials/Substrate/Glints2/dict_0007_0043" 10069
"/Engine/EngineMaterials/Substrate/Glints2/dict_0007_0042" 10070
"/Engine/EngineMaterials/Substrate/Glints2/dict_0007_0041" 10071
"/Engine/EngineMaterials/Substrate/Glints2/dict_0007_0040" 10072
"/Engine/EngineMaterials/Substrate/Glints2/dict_0007_0039" 10073
"/Engine/EngineMaterials/Substrate/Glints2/dict_0007_0038" 10074
"/Engine/EngineMaterials/Substrate/Glints2/dict_0007_0037" 10075
"/Engine/EngineMaterials/Substrate/Glints2/dict_0007_0036" 10076
"/Engine/EngineMaterials/Substrate/Glints2/dict_0007_0035" 10077
"/Engine/EngineMaterials/Substrate/Glints2/dict_0007_0034" 10078
"/Engine/EngineMaterials/Substrate/Glints2/dict_0007_0033" 10079
"../../../Engine/Content/EngineMaterials/Substrate/Glints2/dict_0007_0067.uasset" 10080
"../../../Engine/Content/EngineMaterials/Substrate/Glints2/dict_0007_0071.uasset" 10081
"../../../Engine/Content/EngineMaterials/Substrate/Glints2/dict_0007_0073.uasset" 10082
"../../../Engine/Content/EngineMaterials/Substrate/Glints2/dict_0007_0065.uasset" 10083
"../../../Engine/Content/EngineMaterials/Substrate/Glints2/dict_0007_0076.uasset" 10084
"../../../Engine/Content/EngineMaterials/Substrate/Glints2/dict_0007_0066.uasset" 10085
"../../../Engine/Content/EngineMaterials/Substrate/Glints2/dict_0007_0080.uasset" 10086
"/Engine/EngineMaterials/Substrate/Glints2/dict_0007_0064" 10087
"../../../Engine/Content/EngineMaterials/Substrate/Glints2/dict_0007_0079.uasset" 10088
"../../../Engine/Content/EngineMaterials/Substrate/Glints2/dict_0007_0068.uasset" 10089
"../../../Engine/Content/EngineMaterials/Substrate/Glints2/dict_0007_0082.uasset" 10090
"../../../Engine/Content/EngineMaterials/Substrate/Glints2/dict_0007_0069.uasset" 10091
"../../../Engine/Content/EngineMaterials/Substrate/Glints2/dict_0007_0077.uasset" 10092
"../../../Engine/Content/EngineMaterials/Substrate/Glints2/dict_0007_0085.uasset" 10093
"../../../Engine/Content/EngineMaterials/Substrate/Glints2/dict_0007_0081.uasset" 10094
"../../../Engine/Content/EngineMaterials/Substrate/Glints2/dict_0007_0075.uasset" 10095
"../../../Engine/Content/EngineMaterials/Substrate/Glints2/dict_0007_0070.uasset" 10096
"../../../Engine/Content/EngineMaterials/Substrate/Glints2/dict_0007_0083.uasset" 10097
"../../../Engine/Content/EngineMaterials/Substrate/Glints2/dict_0007_0078.uasset" 10098
"../../../Engine/Content/EngineMaterials/Substrate/Glints2/dict_0007_0086.uasset" 10099
"../../../Engine/Content/EngineMaterials/Substrate/Glints2/dict_0007_0084.uasset" 10100
"../../../Engine/Content/EngineMaterials/Substrate/Glints2/dict_0007_0074.uasset" 10101
"../../../Engine/Content/EngineMaterials/Substrate/Glints2/dict_0007_0072.uasset" 10102
"/Engine/EngineMaterials/Substrate/Glints2/dict_0007_0063" 10103
"/Engine/EngineMaterials/Substrate/Glints2/dict_0007_0062" 10104
"/Engine/EngineMaterials/Substrate/Glints2/dict_0007_0061" 10105
"/Engine/EngineMaterials/Substrate/Glints2/dict_0007_0060" 10106
"/Engine/EngineMaterials/Substrate/Glints2/dict_0007_0059" 10107
"/Engine/EngineMaterials/Substrate/Glints2/dict_0007_0058" 10108
"/Engine/EngineMaterials/Substrate/Glints2/dict_0007_0057" 10109
"/Engine/EngineMaterials/Substrate/Glints2/dict_0007_0056" 10110
"/Engine/EngineMaterials/Substrate/Glints2/dict_0007_0055" 10111
"../../../Engine/Content/EngineMaterials/Substrate/Glints2/dict_0007_0087.uasset" 10112
"../../../Engine/Content/EngineMaterials/Substrate/Glints2/dict_0007_0088.uasset" 10113
"../../../Engine/Content/EngineMaterials/Substrate/Glints2/dict_0007_0089.uasset" 10114
"../../../Engine/Content/EngineMaterials/Substrate/Glints2/dict_0007_0095.uasset" 10115
"../../../Engine/Content/EngineMaterials/Substrate/Glints2/dict_0007_0090.uasset" 10116
"/Engine/EngineMaterials/Substrate/Glints2/dict_0007_0086" 10117
"../../../Engine/Content/EngineMaterials/Substrate/Glints2/dict_0007_0096.uasset" 10118
"../../../Engine/Content/EngineMaterials/Substrate/Glints2/dict_0007_0092.uasset" 10119
"../../../Engine/Content/EngineMaterials/Substrate/Glints2/dict_0007_0091.uasset" 10120
"../../../Engine/Content/EngineMaterials/Substrate/Glints2/dict_0007_0094.uasset" 10121
"../../../Engine/Content/EngineMaterials/Substrate/Glints2/dict_0007_0093.uasset" 10122
"/Engine/EngineMaterials/Substrate/Glints2/dict_0007_0085" 10123
"/Engine/EngineMaterials/Substrate/Glints2/dict_0007_0084" 10124
"/Engine/EngineMaterials/Substrate/Glints2/dict_0007_0083" 10125
"/Engine/EngineMaterials/Substrate/Glints2/dict_0007_0082" 10126
"/Engine/EngineMaterials/Substrate/Glints2/dict_0007_0081" 10127
"/Engine/EngineMaterials/Substrate/Glints2/dict_0007_0080" 10128
"/Engine/EngineMaterials/Substrate/Glints2/dict_0007_0079" 10129
"/Engine/EngineMaterials/Substrate/Glints2/dict_0007_0078" 10130
"/Engine/EngineMaterials/Substrate/Glints2/dict_0007_0077" 10131
"/Engine/EngineMaterials/Substrate/Glints2/dict_0007_0076" 10132
"/Engine/EngineMaterials/Substrate/Glints2/dict_0007_0075" 10133
"/Engine/EngineMaterials/Substrate/Glints2/dict_0007_0074" 10134
"/Engine/EngineMaterials/Substrate/Glints2/dict_0007_0073" 10135
"/Engine/EngineMaterials/Substrate/Glints2/dict_0007_0072" 10136
"/Engine/EngineMaterials/Substrate/Glints2/dict_0007_0071" 10137
"/Engine/EngineMaterials/Substrate/Glints2/dict_0007_0070" 10138
"/Engine/EngineMaterials/Substrate/Glints2/dict_0007_0069" 10139
"/Engine/EngineMaterials/Substrate/Glints2/dict_0007_0068" 10140
"/Engine/EngineMaterials/Substrate/Glints2/dict_0007_0067" 10141
"/Engine/EngineMaterials/Substrate/Glints2/dict_0007_0066" 10142
"/Engine/EngineMaterials/Substrate/Glints2/dict_0007_0065" 10143
"../../../Engine/Content/EngineMaterials/Substrate/Glints2/dict_0007_0100.uasset" 10144
"../../../Engine/Content/EngineMaterials/Substrate/Glints2/dict_0007_0097.uasset" 10145
"../../../Engine/Content/EngineMaterials/Substrate/Glints2/dict_0007_0104.uasset" 10146
"../../../Engine/Content/EngineMaterials/Substrate/Glints2/dict_0007_0101.uasset" 10147
"/Engine/EngineMaterials/Substrate/Glints2/dict_0007_0096" 10148
"../../../Engine/Content/EngineMaterials/Substrate/Glints2/dict_0007_0098.uasset" 10149
"../../../Engine/Content/EngineMaterials/Substrate/Glints2/dict_0007_0111.uasset" 10150
"../../../Engine/Content/EngineMaterials/Substrate/Glints2/dict_0007_0103.uasset" 10151
"../../../Engine/Content/EngineMaterials/Substrate/Glints2/dict_0007_0117.uasset" 10152
"../../../Engine/Content/EngineMaterials/Substrate/Glints2/dict_0007_0112.uasset" 10153
"../../../Engine/Content/EngineMaterials/Substrate/Glints2/dict_0007_0115.uasset" 10154
"../../../Engine/Content/EngineMaterials/Substrate/Glints2/dict_0007_0102.uasset" 10155
"../../../Engine/Content/EngineMaterials/Substrate/Glints2/dict_0007_0114.uasset" 10156
"../../../Engine/Content/EngineMaterials/Substrate/Glints2/dict_0007_0109.uasset" 10157
"/Engine/EngineMaterials/Substrate/Glints2/dict_0007_0095" 10158
"../../../Engine/Content/EngineMaterials/Substrate/Glints2/dict_0007_0099.uasset" 10159
"../../../Engine/Content/EngineMaterials/Substrate/Glints2/dict_0007_0108.uasset" 10160
"../../../Engine/Content/EngineMaterials/Substrate/Glints2/dict_0007_0107.uasset" 10161
"../../../Engine/Content/EngineMaterials/Substrate/Glints2/dict_0007_0110.uasset" 10162
"../../../Engine/Content/EngineMaterials/Substrate/Glints2/dict_0007_0113.uasset" 10163
"../../../Engine/Content/EngineMaterials/Substrate/Glints2/dict_0007_0118.uasset" 10164
"../../../Engine/Content/EngineMaterials/Substrate/Glints2/dict_0007_0106.uasset" 10165
"/Engine/EngineMaterials/Substrate/Glints2/dict_0007_0094" 10166
"../../../Engine/Content/EngineMaterials/Substrate/Glints2/dict_0007_0105.uasset" 10167
"../../../Engine/Content/EngineMaterials/Substrate/Glints2/dict_0007_0116.uasset" 10168
"/Engine/EngineMaterials/Substrate/Glints2/dict_0007_0093" 10169
"/Engine/EngineMaterials/Substrate/Glints2/dict_0007_0092" 10170
"/Engine/EngineMaterials/Substrate/Glints2/dict_0007_0091" 10171
"/Engine/EngineMaterials/Substrate/Glints2/dict_0007_0090" 10172
"/Engine/EngineMaterials/Substrate/Glints2/dict_0007_0089" 10173
"/Engine/EngineMaterials/Substrate/Glints2/dict_0007_0088" 10174
"/Engine/EngineMaterials/Substrate/Glints2/dict_0007_0087" 10175
"../../../Engine/Content/EngineMaterials/Substrate/Glints2/dict_0007_0120.uasset" 10176
"../../../Engine/Content/EngineMaterials/Substrate/Glints2/dict_0007_0119.uasset" 10177
"../../../Engine/Content/EngineMaterials/Substrate/Glints2/dict_0007_0121.uasset" 10178
"../../../Engine/Content/EngineMaterials/Substrate/Glints2/dict_0007_0124.uasset" 10179
"../../../Engine/Content/EngineMaterials/Substrate/Glints2/dict_0007_0123.uasset" 10180
"../../../Engine/Content/EngineMaterials/Substrate/Glints2/dict_0007_0122.uasset" 10181
"../../../Engine/Content/EngineMaterials/Substrate/Glints2/dict_0007_0126.uasset" 10182
"../../../Engine/Content/EngineMaterials/Substrate/Glints2/dict_0007_0127.uasset" 10183
"/Engine/EngineMaterials/Substrate/Glints2/dict_0007_0118" 10184
"../../../Engine/Content/EngineMaterials/Substrate/Glints2/dict_0007_0128.uasset" 10185
"../../../Engine/Content/EngineMaterials/Substrate/Glints2/dict_0007_0125.uasset" 10186
"/Engine/EngineMaterials/Substrate/Glints2/dict_0007_0117" 10187
"/Engine/EngineMaterials/Substrate/Glints2/dict_0007_0116" 10188
"/Engine/EngineMaterials/Substrate/Glints2/dict_0007_0115" 10189
"/Engine/EngineMaterials/Substrate/Glints2/dict_0007_0114" 10190
"/Engine/EngineMaterials/Substrate/Glints2/dict_0007_0113" 10191
"/Engine/EngineMaterials/Substrate/Glints2/dict_0007_0112" 10192
"/Engine/EngineMaterials/Substrate/Glints2/dict_0007_0111" 10193
"/Engine/EngineMaterials/Substrate/Glints2/dict_0007_0110" 10194
"/Engine/EngineMaterials/Substrate/Glints2/dict_0007_0109" 10195
"/Engine/EngineMaterials/Substrate/Glints2/dict_0007_0108" 10196
"/Engine/EngineMaterials/Substrate/Glints2/dict_0007_0107" 10197
"/Engine/EngineMaterials/Substrate/Glints2/dict_0007_0106" 10198
"/Engine/EngineMaterials/Substrate/Glints2/dict_0007_0105" 10199
"/Engine/EngineMaterials/Substrate/Glints2/dict_0007_0104" 10200
"/Engine/EngineMaterials/Substrate/Glints2/dict_0007_0103" 10201
"/Engine/EngineMaterials/Substrate/Glints2/dict_0007_0102" 10202
"/Engine/EngineMaterials/Substrate/Glints2/dict_0007_0101" 10203
"/Engine/EngineMaterials/Substrate/Glints2/dict_0007_0100" 10204
"/Engine/EngineMaterials/Substrate/Glints2/dict_0007_0099" 10205
"/Engine/EngineMaterials/Substrate/Glints2/dict_0007_0098" 10206
"/Engine/EngineMaterials/Substrate/Glints2/dict_0007_0097" 10207
"../../../Engine/Content/EngineMaterials/Substrate/Glints2/dict_0007_0129.uasset" 10208
"../../../Engine/Content/EngineMaterials/Substrate/Glints2/dict_0007_0130.uasset" 10209
"../../../Engine/Content/EngineMaterials/Substrate/Glints2/dict_0007_0133.uasset" 10210
"../../../Engine/Content/EngineMaterials/Substrate/Glints2/dict_0007_0132.uasset" 10211
"../../../Engine/Content/EngineMaterials/Substrate/Glints2/dict_0007_0134.uasset" 10212
"../../../Engine/Content/EngineMaterials/Substrate/Glints2/dict_0007_0131.uasset" 10213
"../../../Engine/Content/EngineMaterials/Substrate/Glints2/dict_0007_0140.uasset" 10214
"../../../Engine/Content/EngineMaterials/Substrate/Glints2/dict_0007_0142.uasset" 10215
"../../../Engine/Content/EngineMaterials/Substrate/Glints2/dict_0007_0144.uasset" 10216
"../../../Engine/Content/EngineMaterials/Substrate/Glints2/dict_0007_0141.uasset" 10217
"../../../Engine/Content/EngineMaterials/Substrate/Glints2/dict_0007_0143.uasset" 10218
"../../../Engine/Content/EngineMaterials/Substrate/Glints2/dict_0007_0136.uasset" 10219
"../../../Engine/Content/EngineMaterials/Substrate/Glints2/dict_0007_0149.uasset" 10220
"../../../Engine/Content/EngineMaterials/Substrate/Glints2/dict_0007_0138.uasset" 10221
"../../../Engine/Content/EngineMaterials/Substrate/Glints2/dict_0007_0148.uasset" 10222
"../../../Engine/Content/EngineMaterials/Substrate/Glints2/dict_0007_0139.uasset" 10223
"/Engine/EngineMaterials/Substrate/Glints2/dict_0007_0128" 10224
"../../../Engine/Content/EngineMaterials/Substrate/Glints2/dict_0007_0145.uasset" 10225
"../../../Engine/Content/EngineMaterials/Substrate/Glints2/dict_0007_0150.uasset" 10226
"../../../Engine/Content/EngineMaterials/Substrate/Glints2/dict_0007_0137.uasset" 10227
"../../../Engine/Content/EngineMaterials/Substrate/Glints2/dict_0007_0147.uasset" 10228
"../../../Engine/Content/EngineMaterials/Substrate/Glints2/dict_0007_0146.uasset" 10229
"../../../Engine/Content/EngineMaterials/Substrate/Glints2/dict_0007_0135.uasset" 10230
"/Engine/EngineMaterials/Substrate/Glints2/dict_0007_0127" 10231
"/Engine/EngineMaterials/Substrate/Glints2/dict_0007_0126" 10232
"/Engine/EngineMaterials/Substrate/Glints2/dict_0007_0125" 10233
"/Engine/EngineMaterials/Substrate/Glints2/dict_0007_0124" 10234
"/Engine/EngineMaterials/Substrate/Glints2/dict_0007_0123" 10235
"/Engine/EngineMaterials/Substrate/Glints2/dict_0007_0122" 10236
"/Engine/EngineMaterials/Substrate/Glints2/dict_0007_0121" 10237
"/Engine/EngineMaterials/Substrate/Glints2/dict_0007_0120" 10238
"/Engine/EngineMaterials/Substrate/Glints2/dict_0007_0119" 10239
"/Engine/EngineMaterials/Substrate/Glints2/dict_0007_0130" 10240
"/Engine/EngineMaterials/Substrate/Glints2/dict_0007_0150" 10241
"../../../Engine/Content/EngineMaterials/Substrate/Glints2/dict_0007_0154.uasset" 10242
"../../../Engine/Content/EngineMaterials/Substrate/Glints2/dict_0007_0159.uasset" 10243
"../../../Engine/Content/EngineMaterials/Substrate/Glints2/dict_0007_0160.uasset" 10244
"../../../Engine/Content/EngineMaterials/Substrate/Glints2/dict_0007_0153.uasset" 10245
"../../../Engine/Content/EngineMaterials/Substrate/Glints2/dict_0007_0158.uasset" 10246
"../../../Engine/Content/EngineMaterials/Substrate/Glints2/dict_0007_0155.uasset" 10247
"../../../Engine/Content/EngineMaterials/Substrate/Glints2/dict_0007_0151.uasset" 10248
"../../../Engine/Content/EngineMaterials/Substrate/Glints2/dict_0007_0156.uasset" 10249
"../../../Engine/Content/EngineMaterials/Substrate/Glints2/dict_0007_0152.uasset" 10250
"../../../Engine/Content/EngineMaterials/Substrate/Glints2/dict_0007_0157.uasset" 10251
"../../../Engine/Content/EngineMaterials/Substrate/Glints2/dict_0007_0161.uasset" 10252
"/Engine/EngineMaterials/Substrate/Glints2/dict_0007_0149" 10253
"/Engine/EngineMaterials/Substrate/Glints2/dict_0007_0148" 10254
"/Engine/EngineMaterials/Substrate/Glints2/dict_0007_0147" 10255
"/Engine/EngineMaterials/Substrate/Glints2/dict_0007_0146" 10256
"/Engine/EngineMaterials/Substrate/Glints2/dict_0007_0145" 10257
"/Engine/EngineMaterials/Substrate/Glints2/dict_0007_0144" 10258
"/Engine/EngineMaterials/Substrate/Glints2/dict_0007_0143" 10259
"/Engine/EngineMaterials/Substrate/Glints2/dict_0007_0142" 10260
"/Engine/EngineMaterials/Substrate/Glints2/dict_0007_0141" 10261
"/Engine/EngineMaterials/Substrate/Glints2/dict_0007_0140" 10262
"/Engine/EngineMaterials/Substrate/Glints2/dict_0007_0139" 10263
"/Engine/EngineMaterials/Substrate/Glints2/dict_0007_0138" 10264
"/Engine/EngineMaterials/Substrate/Glints2/dict_0007_0137" 10265
"/Engine/EngineMaterials/Substrate/Glints2/dict_0007_0136" 10266
"/Engine/EngineMaterials/Substrate/Glints2/dict_0007_0135" 10267
"/Engine/EngineMaterials/Substrate/Glints2/dict_0007_0134" 10268
"/Engine/EngineMaterials/Substrate/Glints2/dict_0007_0133" 10269
"/Engine/EngineMaterials/Substrate/Glints2/dict_0007_0132" 10270
"/Engine/EngineMaterials/Substrate/Glints2/dict_0007_0131" 10271
"/Engine/EngineMaterials/Substrate/Glints2/dict_0007_0129" 10272
"../../../Engine/Content/EngineMaterials/Substrate/Glints2/dict_0007_0162.uasset" 10273
"../../../Engine/Content/EngineMaterials/Substrate/Glints2/dict_0007_0168.uasset" 10274
"../../../Engine/Content/EngineMaterials/Substrate/Glints2/dict_0007_0176.uasset" 10275
"../../../Engine/Content/EngineMaterials/Substrate/Glints2/dict_0007_0172.uasset" 10276
"../../../Engine/Content/EngineMaterials/Substrate/Glints2/dict_0007_0163.uasset" 10277
"../../../Engine/Content/EngineMaterials/Substrate/Glints2/dict_0007_0164.uasset" 10278
"../../../Engine/Content/EngineMaterials/Substrate/Glints2/dict_0007_0171.uasset" 10279
"../../../Engine/Content/EngineMaterials/Substrate/Glints2/dict_0007_0175.uasset" 10280
"../../../Engine/Content/EngineMaterials/Substrate/Glints2/dict_0007_0178.uasset" 10281
"../../../Engine/Content/EngineMaterials/Substrate/Glints2/dict_0007_0165.uasset" 10282
"../../../Engine/Content/EngineMaterials/Substrate/Glints2/dict_0007_0181.uasset" 10283
"../../../Engine/Content/EngineMaterials/Substrate/Glints2/dict_0007_0177.uasset" 10284
"/Engine/EngineMaterials/Substrate/Glints2/dict_0007_0161" 10285
"../../../Engine/Content/EngineMaterials/Substrate/Glints2/dict_0007_0182.uasset" 10286
"../../../Engine/Content/EngineMaterials/Substrate/Glints2/dict_0007_0170.uasset" 10287
"../../../Engine/Content/EngineMaterials/Substrate/Glints2/dict_0007_0167.uasset" 10288
"../../../Engine/Content/EngineMaterials/Substrate/Glints2/dict_0007_0173.uasset" 10289
"../../../Engine/Content/EngineMaterials/Substrate/Glints2/dict_0007_0179.uasset" 10290
"../../../Engine/Content/EngineMaterials/Substrate/Glints2/dict_0007_0169.uasset" 10291
"../../../Engine/Content/EngineMaterials/Substrate/Glints2/dict_0007_0174.uasset" 10292
"../../../Engine/Content/EngineMaterials/Substrate/Glints2/dict_0007_0180.uasset" 10293
"../../../Engine/Content/EngineMaterials/Substrate/Glints2/dict_0007_0166.uasset" 10294
"/Engine/EngineMaterials/Substrate/Glints2/dict_0007_0160" 10295
"/Engine/EngineMaterials/Substrate/Glints2/dict_0007_0159" 10296
"/Engine/EngineMaterials/Substrate/Glints2/dict_0007_0158" 10297
"/Engine/EngineMaterials/Substrate/Glints2/dict_0007_0157" 10298
"/Engine/EngineMaterials/Substrate/Glints2/dict_0007_0156" 10299
"/Engine/EngineMaterials/Substrate/Glints2/dict_0007_0155" 10300
"/Engine/EngineMaterials/Substrate/Glints2/dict_0007_0154" 10301
"/Engine/EngineMaterials/Substrate/Glints2/dict_0007_0153" 10302
"/Engine/EngineMaterials/Substrate/Glints2/dict_0007_0152" 10303
"/Engine/EngineMaterials/Substrate/Glints2/dict_0007_0151" 10304
"../../../Engine/Content/EngineMaterials/Substrate/Glints2/dict_0007_0183.uasset" 10305
"../../../Engine/Content/EngineMaterials/Substrate/Glints2/dict_0007_0185.uasset" 10306
"../../../Engine/Content/EngineMaterials/Substrate/Glints2/dict_0007_0186.uasset" 10307
"../../../Engine/Content/EngineMaterials/Substrate/Glints2/dict_0007_0184.uasset" 10308
"../../../Engine/Content/EngineMaterials/Substrate/Glints2/dict_0007_0187.uasset" 10309
"../../../Engine/Content/EngineMaterials/Substrate/Glints2/dict_0007_0189.uasset" 10310
"../../../Engine/Content/EngineMaterials/Substrate/Glints2/dict_0007_0188.uasset" 10311
"../../../Engine/Content/EngineMaterials/Substrate/Glints2/dict_0007_0191.uasset" 10312
"../../../Engine/Content/EngineMaterials/Substrate/Glints2/dict_0007_0193.uasset" 10313
"/Engine/EngineMaterials/Substrate/Glints2/dict_0007_0182" 10314
"../../../Engine/Content/EngineMaterials/Substrate/Glints2/dict_0007_0190.uasset" 10315
"../../../Engine/Content/EngineMaterials/Substrate/Glints2/dict_0007_0192.uasset" 10316
"/Engine/EngineMaterials/Substrate/Glints2/dict_0007_0181" 10317
"/Engine/EngineMaterials/Substrate/Glints2/dict_0007_0180" 10318
"/Engine/EngineMaterials/Substrate/Glints2/dict_0007_0179" 10319
"/Engine/EngineMaterials/Substrate/Glints2/dict_0007_0178" 10320
"/Engine/EngineMaterials/Substrate/Glints2/dict_0007_0177" 10321
"/Engine/EngineMaterials/Substrate/Glints2/dict_0007_0176" 10322
"/Engine/EngineMaterials/Substrate/Glints2/dict_0007_0175" 10323
"/Engine/EngineMaterials/Substrate/Glints2/dict_0007_0174" 10324
"/Engine/EngineMaterials/Substrate/Glints2/dict_0007_0173" 10325
"/Engine/EngineMaterials/Substrate/Glints2/dict_0007_0172" 10326
"/Engine/EngineMaterials/Substrate/Glints2/dict_0007_0171" 10327
"/Engine/EngineMaterials/Substrate/Glints2/dict_0007_0170" 10328
"/Engine/EngineMaterials/Substrate/Glints2/dict_0007_0169" 10329
"/Engine/EngineMaterials/Substrate/Glints2/dict_0007_0168" 10330
"/Engine/EngineMaterials/Substrate/Glints2/dict_0007_0167" 10331
"/Engine/EngineMaterials/Substrate/Glints2/dict_0007_0166" 10332
"/Engine/EngineMaterials/Substrate/Glints2/dict_0007_0165" 10333
"/Engine/EngineMaterials/Substrate/Glints2/dict_0007_0164" 10334
"/Engine/EngineMaterials/Substrate/Glints2/dict_0007_0185" 10335
"/Engine/EngineMaterials/Substrate/Glints2/dict_0007_0163" 10336
"/Engine/EngineMaterials/Substrate/Glints2/dict_0007_0183" 10337
"/Engine/EngineMaterials/Substrate/Glints2/dict_0007_0162" 10338
"../../../Engine/Content/EngineMaterials/Substrate/Glints2/dict_0007_0194.uasset" 10339
"../../../Engine/Content/EngineMaterials/Substrate/Glints2/dict_0007_0195.uasset" 10340
"../../../Engine/Content/EngineMaterials/Substrate/Glints2/dict_0007_0197.uasset" 10341
"../../../Engine/Content/EngineMaterials/Substrate/Glints2/dict_0007_0196.uasset" 10342
"../../../Engine/Content/EngineMaterials/Substrate/Glints2/dict_0007_0200.uasset" 10343
"../../../Engine/Content/EngineMaterials/Substrate/Glints2/dict_0007_0198.uasset" 10344
"../../../Engine/Content/EngineMaterials/Substrate/Glints2/dict_0007_0203.uasset" 10345
"../../../Engine/Content/EngineMaterials/Substrate/Glints2/dict_0007_0204.uasset" 10346
"../../../Engine/Content/EngineMaterials/Substrate/Glints2/dict_0007_0208.uasset" 10347
"../../../Engine/Content/EngineMaterials/Substrate/Glints2/dict_0007_0207.uasset" 10348
"../../../Engine/Content/EngineMaterials/Substrate/Glints2/dict_0007_0199.uasset" 10349
"../../../Engine/Content/EngineMaterials/Substrate/Glints2/dict_0007_0209.uasset" 10350
"../../../Engine/Content/EngineMaterials/Substrate/Glints2/dict_0007_0201.uasset" 10351
"../../../Engine/Content/EngineMaterials/Substrate/Glints2/dict_0007_0213.uasset" 10352
"../../../Engine/Content/EngineMaterials/Substrate/Glints2/dict_0007_0215.uasset" 10353
"../../../Engine/Content/EngineMaterials/Substrate/Glints2/dict_0007_0206.uasset" 10354
"../../../Engine/Content/EngineMaterials/Substrate/Glints2/dict_0007_0211.uasset" 10355
"../../../Engine/Content/EngineMaterials/Substrate/Glints2/dict_0007_0210.uasset" 10356
"/Engine/EngineMaterials/Substrate/Glints2/dict_0007_0193" 10357
"../../../Engine/Content/EngineMaterials/Substrate/Glints2/dict_0007_0216.uasset" 10358
"../../../Engine/Content/EngineMaterials/Substrate/Glints2/dict_0007_0202.uasset" 10359
"../../../Engine/Content/EngineMaterials/Substrate/Glints2/dict_0007_0212.uasset" 10360
"../../../Engine/Content/EngineMaterials/Substrate/Glints2/dict_0007_0205.uasset" 10361
"../../../Engine/Content/EngineMaterials/Substrate/Glints2/dict_0007_0214.uasset" 10362
"/Engine/EngineMaterials/Substrate/Glints2/dict_0007_0192" 10363
"/Engine/EngineMaterials/Substrate/Glints2/dict_0007_0191" 10364
"/Engine/EngineMaterials/Substrate/Glints2/dict_0007_0190" 10365
"/Engine/EngineMaterials/Substrate/Glints2/dict_0007_0189" 10366
"/Engine/EngineMaterials/Substrate/Glints2/dict_0007_0188" 10367
"/Engine/EngineMaterials/Substrate/Glints2/dict_0007_0187" 10368
"/Engine/EngineMaterials/Substrate/Glints2/dict_0007_0186" 10369
"/Engine/EngineMaterials/Substrate/Glints2/dict_0007_0197" 10370
"/Engine/EngineMaterials/Substrate/Glints2/dict_0007_0184" 10371
"/Engine/EngineMaterials/Substrate/Glints2/dict_0007_0195" 10372
"/Engine/EngineMaterials/Substrate/Glints2/dict_0007_0194" 10373
"../../../Engine/Content/EngineMaterials/Substrate/Glints2/dict_0007_0217.uasset" 10374
"../../../Engine/Content/EngineMaterials/Substrate/Glints2/dict_0007_0222.uasset" 10375
"../../../Engine/Content/EngineMaterials/Substrate/Glints2/dict_0007_0221.uasset" 10376
"../../../Engine/Content/EngineMaterials/Substrate/Glints2/dict_0007_0224.uasset" 10377
"../../../Engine/Content/EngineMaterials/Substrate/Glints2/dict_0007_0225.uasset" 10378
"../../../Engine/Content/EngineMaterials/Substrate/Glints2/dict_0007_0219.uasset" 10379
"../../../Engine/Content/EngineMaterials/Substrate/Glints2/dict_0007_0220.uasset" 10380
"../../../Engine/Content/EngineMaterials/Substrate/Glints2/dict_0007_0218.uasset" 10381
"../../../Engine/Content/EngineMaterials/Substrate/Glints2/dict_0007_0228.uasset" 10382
"../../../Engine/Content/EngineMaterials/Substrate/Glints2/dict_0007_0223.uasset" 10383
"../../../Engine/Content/EngineMaterials/Substrate/Glints2/dict_0007_0226.uasset" 10384
"/Engine/EngineMaterials/Substrate/Glints2/dict_0007_0216" 10385
"../../../Engine/Content/EngineMaterials/Substrate/Glints2/dict_0007_0227.uasset" 10386
"/Engine/EngineMaterials/Substrate/Glints2/dict_0007_0215" 10387
"/Engine/EngineMaterials/Substrate/Glints2/dict_0007_0214" 10388
"/Engine/EngineMaterials/Substrate/Glints2/dict_0007_0213" 10389
"/Engine/EngineMaterials/Substrate/Glints2/dict_0007_0212" 10390
"/Engine/EngineMaterials/Substrate/Glints2/dict_0007_0211" 10391
"/Engine/EngineMaterials/Substrate/Glints2/dict_0007_0210" 10392
"/Engine/EngineMaterials/Substrate/Glints2/dict_0007_0209" 10393
"/Engine/EngineMaterials/Substrate/Glints2/dict_0007_0208" 10394
"/Engine/EngineMaterials/Substrate/Glints2/dict_0007_0207" 10395
"/Engine/EngineMaterials/Substrate/Glints2/dict_0007_0206" 10396
"/Engine/EngineMaterials/Substrate/Glints2/dict_0007_0205" 10397
"/Engine/EngineMaterials/Substrate/Glints2/dict_0007_0204" 10398
"/Engine/EngineMaterials/Substrate/Glints2/dict_0007_0203" 10399
"/Engine/EngineMaterials/Substrate/Glints2/dict_0007_0202" 10400
"/Engine/EngineMaterials/Substrate/Glints2/dict_0007_0201" 10401
"/Engine/EngineMaterials/Substrate/Glints2/dict_0007_0200" 10402
"/Engine/EngineMaterials/Substrate/Glints2/dict_0007_0199" 10403
"/Engine/EngineMaterials/Substrate/Glints2/dict_0007_0198" 10404
"/Engine/EngineMaterials/Substrate/Glints2/dict_0007_0222" 10405
"/Engine/EngineMaterials/Substrate/Glints2/dict_0007_0196" 10406
"/Engine/EngineMaterials/Substrate/Glints2/dict_0007_0217" 10407
"../../../Engine/Content/EngineMaterials/Substrate/Glints2/dict_0007_0230.uasset" 10408
"../../../Engine/Content/EngineMaterials/Substrate/Glints2/dict_0007_0229.uasset" 10409
"../../../Engine/Content/EngineMaterials/Substrate/Glints2/dict_0007_0236.uasset" 10410
"../../../Engine/Content/EngineMaterials/Substrate/Glints2/dict_0007_0238.uasset" 10411
"/Engine/EngineMaterials/Substrate/Glints2/dict_0007_0228" 10412
"../../../Engine/Content/EngineMaterials/Substrate/Glints2/dict_0007_0237.uasset" 10413
"../../../Engine/Content/EngineMaterials/Substrate/Glints2/dict_0007_0239.uasset" 10414
"../../../Engine/Content/EngineMaterials/Substrate/Glints2/dict_0007_0243.uasset" 10415
"../../../Engine/Content/EngineMaterials/Substrate/Glints2/dict_0007_0247.uasset" 10416
"../../../Engine/Content/EngineMaterials/Substrate/Glints2/dict_0007_0246.uasset" 10417
"../../../Engine/Content/EngineMaterials/Substrate/Glints2/dict_0007_0232.uasset" 10418
"../../../Engine/Content/EngineMaterials/Substrate/Glints2/dict_0007_0248.uasset" 10419
"../../../Engine/Content/EngineMaterials/Substrate/Glints2/dict_0007_0250.uasset" 10420
"../../../Engine/Content/EngineMaterials/Substrate/Glints2/dict_0007_0249.uasset" 10421
"../../../Engine/Content/EngineMaterials/Substrate/Glints2/dict_0007_0234.uasset" 10422
"../../../Engine/Content/EngineMaterials/Substrate/Glints2/dict_0007_0241.uasset" 10423
"../../../Engine/Content/EngineMaterials/Substrate/Glints2/dict_0007_0244.uasset" 10424
"../../../Engine/Content/EngineMaterials/Substrate/Glints2/dict_0007_0242.uasset" 10425
"../../../Engine/Content/EngineMaterials/Substrate/Glints2/dict_0007_0235.uasset" 10426
"../../../Engine/Content/EngineMaterials/Substrate/Glints2/dict_0007_0245.uasset" 10427
"../../../Engine/Content/EngineMaterials/Substrate/Glints2/dict_0007_0233.uasset" 10428
"../../../Engine/Content/EngineMaterials/Substrate/Glints2/dict_0007_0240.uasset" 10429
"../../../Engine/Content/EngineMaterials/Substrate/Glints2/dict_0007_0231.uasset" 10430
"/Engine/EngineMaterials/Substrate/Glints2/dict_0007_0227" 10431
"/Engine/EngineMaterials/Substrate/Glints2/dict_0007_0226" 10432
"/Engine/EngineMaterials/Substrate/Glints2/dict_0007_0225" 10433
"/Engine/EngineMaterials/Substrate/Glints2/dict_0007_0224" 10434
"/Engine/EngineMaterials/Substrate/Glints2/dict_0007_0223" 10435
"/Engine/EngineMaterials/Substrate/Glints2/dict_0007_0221" 10436
"/Engine/EngineMaterials/Substrate/Glints2/dict_0007_0220" 10437
"/Engine/EngineMaterials/Substrate/Glints2/dict_0007_0219" 10438
"/Engine/EngineMaterials/Substrate/Glints2/dict_0007_0218" 10439
"../../../Engine/Content/EngineMaterials/Substrate/Glints2/dict_0007_0255.uasset" 10440
"../../../Engine/Content/EngineMaterials/Substrate/Glints2/dict_0007_0251.uasset" 10441
"../../../Engine/Content/EngineMaterials/Substrate/Glints2/AGlintTex2dArray2.uasset" 10442
"../../../Engine/Content/EngineMaterials/Substrate/Volume/SubstrateSimpleVolumeEnvLUT3D.uasset" 10443
"../../../Engine/Content/EngineMaterials/Substrate/Volume/SubstrateSimpleVolumeEnvLUT2D.uasset" 10444
"../../../Engine/Content/EngineMaterials/Substrate/Volume/SubstrateSimpleVolumeLUT3D.uasset" 10445
"../../../Engine/Content/EngineMaterials/Substrate/Glints2/dict_0007_0253.uasset" 10446
"/Engine/EngineMaterials/Substrate/Glints2/dict_0007_0250" 10447
"../../../Engine/Content/EngineMaterials/Substrate/Glints2/dict_0007_0254.uasset" 10448
"../../../Engine/Content/EngineMaterials/Substrate/Glints2/dict_0007_0252.uasset" 10449
"../../../Engine/Content/EngineMaterials/Substrate/Volume/SubstrateSimpleVolumeLUT2D.uasset" 10450
"/Engine/EngineMaterials/Substrate/Glints2/dict_0007_0249" 10451
"/Engine/EngineMaterials/Substrate/Glints2/dict_0007_0248" 10452
"/Engine/EngineMaterials/Substrate/Glints2/dict_0007_0247" 10453
"/Engine/EngineMaterials/Substrate/Glints2/dict_0007_0246" 10454
"/Engine/EngineMaterials/Substrate/Glints2/dict_0007_0245" 10455
"/Engine/EngineMaterials/Substrate/Glints2/dict_0007_0244" 10456
"/Engine/EngineMaterials/Substrate/Glints2/dict_0007_0243" 10457
"/Engine/EngineMaterials/Substrate/Glints2/dict_0007_0242" 10458
"/Engine/EngineMaterials/Substrate/Glints2/dict_0007_0241" 10459
"/Engine/EngineMaterials/Substrate/Glints2/dict_0007_0240" 10460
"/Engine/EngineMaterials/Substrate/Glints2/dict_0007_0239" 10461
"/Engine/EngineMaterials/Substrate/Glints2/dict_0007_0238" 10462
"/Engine/EngineMaterials/Substrate/Glints2/dict_0007_0237" 10463
"/Engine/EngineMaterials/Substrate/Glints2/dict_0007_0236" 10464
"/Engine/EngineMaterials/Substrate/Glints2/dict_0007_0235" 10465
"/Engine/EngineMaterials/Substrate/Glints2/dict_0007_0234" 10466
"/Engine/EngineMaterials/Substrate/Glints2/dict_0007_0233" 10467
"/Engine/EngineMaterials/Substrate/Glints2/dict_0007_0232" 10468
"/Engine/EngineMaterials/Substrate/Glints2/dict_0007_0231" 10469
"/Engine/EngineMaterials/Substrate/Glints2/dict_0007_0230" 10470
"/Engine/EngineMaterials/Substrate/Glints2/dict_0007_0229" 10471
"../../../Engine/Content/EngineMaterials/DefaultCalibrationColor.uasset" 10472
"../../../Engine/Content/EngineMaterials/PPM_DefaultCalibrationColor.uasset" 10473
"../../../Engine/Content/EngineMaterials/DefaultCalibrationGrayscale.uasset" 10474
"../../../Engine/Content/Functions/MaterialLayerFunctions/MatLayerBlend_OverrideOpacity.uasset" 10475
"/Engine/EngineMaterials/Substrate/Volume/SubstrateSimpleVolumeEnvLUT3D" 10476
"../../../Engine/Plugins/Interchange/Assets/Content/Functions/MX_Surface.uasset" 10477
"../../../Engine/Content/EngineMaterials/PPM_DefaultCalibrationGrayscale.uasset" 10478
"../../../Engine/Content/Functions/Engine_MaterialFunctions03/Procedurals/HeightToNormalSmooth.uasset" 10479
"../../../Engine/Content/Functions/Engine_MaterialFunctions02/Utility/BlendAngleCorrectedNormals.uasset" 10480
"../../../Engine/Plugins/Interchange/Assets/Content/Functions/MX_Displacement.uasset" 10481
"/Engine/EngineMaterials/Substrate/Volume/SubstrateSimpleVolumeLUT3D" 10482
"/Engine/EngineMaterials/Substrate/Glints2/AGlintTex2dArray2" 10483
"../../../Engine/Plugins/NNE/NNEDenoiser/Content/NNEDIM_ColorAlbedoNormal_Alpha.uasset" 10484
"../../../Engine/Plugins/NNE/NNEDenoiser/Content/NNEDIM_HighQuality_Default.uasset" 10485
"../../../Engine/Plugins/NNE/NNEDenoiser/Content/NNEDOM_Output_Alpha.uasset" 10486
"../../../Engine/Plugins/NNE/NNEDenoiser/Content/NNEDOM_Output_Default.uasset" 10487
"../../../Engine/Plugins/NNE/NNEDenoiser/Content/NNEDT_Oidn2-3_Balanced.uasset" 10488
"../../../Engine/Plugins/NNE/NNEDenoiser/Content/NNEDTOM_Output_Alpha.uasset" 10489
"../../../Engine/Plugins/NNE/NNEDenoiser/Content/NNEDIM_ColorAlbedoNormal_Default.uasset" 10490
"../../../Engine/Plugins/NNE/NNEDenoiser/Content/NNEDT_Oidn2-3_Balanced_Alpha.uasset" 10491
"../../../Engine/Plugins/NNE/NNEDenoiser/Content/NNED_Oidn2-3_Balanced.uasset" 10492
"../../../Engine/Plugins/NNE/NNEDenoiser/Content/NNED_Oidn2-3_Balanced_Alpha.uasset" 10493
"../../../Engine/Plugins/NNE/NNEDenoiser/Content/NNED_Oidn2-3_Fast_Alpha.uasset" 10494
"../../../Engine/Plugins/NNE/NNEDenoiser/Content/NNED_Oidn2-3_Fast.uasset" 10495
"../../../Engine/Plugins/NNE/NNEDenoiser/Content/NNEDTIM_ColorAlbedoNormal_Default.uasset" 10496
"../../../Engine/Plugins/NNE/NNEDenoiser/Content/NNE_oidn2-3-0_rt_hdr_alb_nrm_small__dyn__fp16_opset11_ForwardAlpha.uasset" 10497
"../../../Engine/Plugins/NNE/NNEDenoiser/Content/NNED_Oidn2-3_HighQuality.uasset" 10498
"../../../Engine/Plugins/NNE/NNEDenoiser/Content/NNE_oidn2-3-0_rt_hdr_alb_nrm__dyn__fp16_opset11_DenoiseAlpha.uasset" 10499
"../../../Engine/Plugins/NNE/NNEDenoiser/Content/NNE_oidn2-3-0_rt_hdr_calb_cnrm_large__dyn__fp16_opset11_DenoiseAlpha.uasset" 10500
"../../../Engine/Plugins/NNE/NNEDenoiser/Content/NNED_Oidn2-3_HighQuality_Alpha.uasset" 10501
"../../../Engine/Plugins/NNE/NNEDenoiser/Content/NNEDTOM_Output_Default.uasset" 10502
"../../../Engine/Plugins/NNE/NNEDenoiser/Content/NNE_oidn2-3-0_rt_hdr_alb_nrm__dyn__fp16_opset11_ForwardAlpha.uasset" 10503
"/InterchangeAssets/Functions/MX_Displacement" 10504
"../../../Engine/Plugins/NNE/NNEDenoiser/Content/NNEDIM_HighQuality_Alpha.uasset" 10505
"../../../Engine/Plugins/NNE/NNEDenoiser/Content/NNE_oidn2-3-0_rt_hdr_alb_nrm_small__dyn__fp16_opset11_DenoiseAlpha.uasset" 10506
"../../../Engine/Plugins/NNE/NNEDenoiser/Content/NNEDTIM_ColorAlbedoNormal_Alpha.uasset" 10507
"/InterchangeAssets/Functions/MX_Surface" 10508
"/Engine/EngineMaterials/PPM_DefaultCalibrationGrayscale" 10509
"/NNEDenoiser/NNEDOM_Output_Default" 10510
"/NNEDenoiser/NNEDOM_Output_Alpha" 10511
"/NNEDenoiser/NNEDIM_HighQuality_Default" 10512
"/Engine/EngineMaterials/PPM_DefaultCalibrationColor" 10513
"/NNEDenoiser/NNEDIM_ColorAlbedoNormal_Alpha" 10514
"../../../Engine/Plugins/NNE/NNEDenoiser/Content/NNE_oidn2-3-0_rt_hdr_calb_cnrm_large__dyn__fp16_opset11_ForwardAlpha.uasset" 10515
"/NNEDenoiser/NNE_oidn2-3-0_rt_hdr_calb_cnrm_large__dyn__fp16_opset11_DenoiseAlpha" 10516
"/NNEDenoiser/NNE_oidn2-3-0_rt_hdr_alb_nrm__dyn__fp16_opset11_ForwardAlpha" 10517
"/NNEDenoiser/NNE_oidn2-3-0_rt_hdr_alb_nrm__dyn__fp16_opset11_DenoiseAlpha" 10518
"/NNEDenoiser/NNE_oidn2-3-0_rt_hdr_alb_nrm_small__dyn__fp16_opset11_ForwardAlpha" 10519
"/NNEDenoiser/NNE_oidn2-3-0_rt_hdr_alb_nrm_small__dyn__fp16_opset11_DenoiseAlpha" 10520
"/NNEDenoiser/NNED_Oidn2-3_HighQuality_Alpha" 10521
"/NNEDenoiser/NNED_Oidn2-3_HighQuality" 10522
"/NNEDenoiser/NNED_Oidn2-3_Fast_Alpha" 10523
"/NNEDenoiser/NNED_Oidn2-3_Fast" 10524
"/NNEDenoiser/NNED_Oidn2-3_Balanced_Alpha" 10525
"/NNEDenoiser/NNED_Oidn2-3_Balanced" 10526
"/NNEDenoiser/NNEDT_Oidn2-3_Balanced_Alpha" 10527
"/NNEDenoiser/NNEDT_Oidn2-3_Balanced" 10528
"/NNEDenoiser/NNEDTOM_Output_Default" 10529
"/NNEDenoiser/NNEDTOM_Output_Alpha" 10530
"/NNEDenoiser/NNEDTIM_ColorAlbedoNormal_Default" 10531
"/NNEDenoiser/NNEDTIM_ColorAlbedoNormal_Alpha" 10532
"/NNEDenoiser/NNEDIM_HighQuality_Alpha" 10533
"/NNEDenoiser/NNEDIM_ColorAlbedoNormal_Default" 10534
"/NNEDenoiser/NNE_oidn2-3-0_rt_hdr_calb_cnrm_large__dyn__fp16_opset11_ForwardAlpha" 10535
"../../../Engine/Content/EngineMaterials/DefaultBloomKernel.uasset" 10536
"../../../Engine/Content/EditorResources/BSPVertex.uasset" 10537
"../../../Engine/Content/EngineMaterials/FastBlueNoise_scalar_128x128x64.uasset" 10538
"../../../Engine/Content/EngineMaterials/FastBlueNoise_vec2_128x128x64.uasset" 10539
"../../../Engine/Content/EngineMaterials/FastBlueNoise_scalar_128x128x8.uasset" 10540
"../../../Engine/Content/EngineDebugMaterials/DebugEditorMaterial.uasset" 10541
"../../../Engine/Content/EngineMaterials/LTC/Sheen_LTC.uasset" 10542
"../../../Engine/Plugins/Interchange/Runtime/Content/Pipelines/DefaultAssetsPipeline.uasset" 10543
"../../../Engine/Content/EngineMaterials/EnergyConservation/Sheen_Energy.uasset" 10544
"../../../Engine/Content/EngineSounds/Master.uasset" 10545
"../../../Engine/Plugins/Interchange/Runtime/Content/Pipelines/DefaultGLTFSceneAssetsPipeline.uasset" 10546
"../../../Engine/Plugins/Interchange/Runtime/Content/Pipelines/DefaultMaterialXPipeline.uasset" 10547
"../../../Engine/Plugins/Interchange/Runtime/Content/Pipelines/DefaultGLTFAssetsPipeline.uasset" 10548
"../../../Engine/Content/EngineResources/FilmGrains/Marcie_Grain_v3_128_M2_000.uasset" 10549
"../../../Engine/Content/EngineResources/Development/ZenLogo_64.uasset" 10550
"../../../Engine/Plugins/Interchange/Runtime/Content/Pipelines/DefaultGLTFPipeline.uasset" 10551
"../../../Engine/Plugins/Interchange/Runtime/Content/Pipelines/DefaultSceneAssetsPipeline.uasset" 10552
"../../../Engine/Plugins/Interchange/Runtime/Content/Pipelines/DefaultSceneLevelPipeline.uasset" 10553
"../../../Engine/Content/EngineMaterials/EnergyConservation/Diffuse_Energy.uasset" 10554
"../../../Engine/Plugins/Interchange/Runtime/Content/Pipelines/DefaultMaterialPipeline.uasset" 10555
"../../../Engine/Plugins/Interchange/Runtime/Content/Pipelines/DefaultTexturePipeline.uasset" 10556
"../../../Engine/Plugins/Interchange/Assets/Content/Functions/MX_SurfaceUnlit.uasset" 10557
"/Engine/EditorResources/BSPVertex" 10558
"../../../Engine/Plugins/Interchange/Assets/Content/Functions/MX_UsdPreviewSurface.uasset" 10559
"../../../Engine/Plugins/Interchange/Assets/Content/Functions/MX_BurleyDiffuseBSDF.uasset" 10560
"../../../Engine/Plugins/Interchange/Assets/Content/Functions/MX_OrenNayarBSDF.uasset" 10561
"/Interchange/Pipelines/DefaultSceneLevelPipeline" 10562
"/Interchange/Pipelines/DefaultSceneAssetsPipeline" 10563
"/Interchange/Pipelines/DefaultTexturePipeline" 10564
"/Interchange/Pipelines/DefaultMaterialPipeline" 10565
"/Interchange/Pipelines/DefaultGLTFPipeline" 10566
"/Interchange/Pipelines/DefaultGLTFAssetsPipeline" 10567
"/Interchange/Pipelines/DefaultMaterialXPipeline" 10568
"/Interchange/Pipelines/DefaultAssetsPipeline" 10569
"/Engine/EngineSounds/Master" 10570
"/Engine/EngineMaterials/EnergyConservation/Diffuse_Energy" 10571
"/Engine/EngineMaterials/EnergyConservation/Sheen_Energy" 10572
"/Engine/EngineMaterials/LTC/Sheen_LTC" 10573
"/Engine/EngineMaterials/FastBlueNoise_vec2_128x128x64" 10574
"/Engine/EngineMaterials/FastBlueNoise_scalar_128x128x8" 10575
"/Engine/EngineMaterials/FastBlueNoise_scalar_128x128x64" 10576
"/Engine/EngineDebugMaterials/DebugEditorMaterial" 10577
"/Engine/EngineResources/Development/ZenLogo_64" 10578
"/InterchangeAssets/Functions/MX_BurleyDiffuseBSDF" 10579
"/InterchangeAssets/Functions/MX_OrenNayarBSDF" 10580
"/InterchangeAssets/Functions/MX_UsdPreviewSurface" 10581
"/Engine/EngineResources/FilmGrains/Marcie_Grain_v3_128_M2_000" 10582
"/InterchangeAssets/Functions/MX_SurfaceUnlit" 10583
"/Engine/EngineMaterials/DefaultBloomKernel" 10584
"/Interchange/Pipelines/DefaultGLTFSceneAssetsPipeline" 10585
"../../../Engine/Plugins/Interchange/Assets/Content/Functions/MX_SheenBSDF.uasset" 10586
"../../../Engine/Plugins/Interchange/Assets/Content/Functions/MX_SubsurfaceBSDF.uasset" 10587
"../../../Engine/Plugins/Interchange/Assets/Content/Functions/MX_TranslucentBSDF.uasset" 10588
"../../../Engine/Plugins/Interchange/Assets/Content/Functions/MX_UniformEDF.uasset" 10589
"../../../Engine/Plugins/Interchange/Assets/Content/Functions/MX_MeasuredEDF.uasset" 10590
"../../../Engine/Plugins/Interchange/Assets/Content/Functions/MX_GeneralizedSchlickBSDF.uasset" 10591
"../../../Engine/Plugins/Interchange/Assets/Content/Functions/MX_AnisotropicVDF.uasset" 10592
"../../../Engine/Plugins/Interchange/Assets/Content/Functions/MX_DielectricBSDF.uasset" 10593
"../../../Engine/Plugins/Interchange/Assets/Content/Functions/MX_AbsorptionVDF.uasset" 10594
"../../../Engine/Plugins/Interchange/Assets/Content/Functions/MX_ConicalEDF.uasset" 10595
"../../../Engine/Plugins/Animation/ControlRig/Content/Controls/ControlRigGizmoMaterial.uasset" 10596
"../../../Engine/Plugins/Interchange/Assets/Content/Functions/MX_ThinFilmBSDF.uasset" 10597
"../../../Engine/Plugins/Interchange/Assets/Content/Functions/MX_ConductorBSDF.uasset" 10598
"/ControlRig/Controls/ControlRigGizmoMaterial" 10599
"/InterchangeAssets/Functions/MX_AnisotropicVDF" 10600
"/InterchangeAssets/Functions/MX_AbsorptionVDF" 10601
"/InterchangeAssets/Functions/MX_MeasuredEDF" 10602
"/InterchangeAssets/Functions/MX_ConicalEDF" 10603
"/InterchangeAssets/Functions/MX_UniformEDF" 10604
"/InterchangeAssets/Functions/MX_ThinFilmBSDF" 10605
"/InterchangeAssets/Functions/MX_SheenBSDF" 10606
"/InterchangeAssets/Functions/MX_SubsurfaceBSDF" 10607
"/InterchangeAssets/Functions/MX_GeneralizedSchlickBSDF" 10608
"/InterchangeAssets/Functions/MX_ConductorBSDF" 10609
"/InterchangeAssets/Functions/MX_DielectricBSDF" 10610
"/InterchangeAssets/Functions/MX_TranslucentBSDF" 10611
"C:/Users/rexge/Documents/Unreal Projects/JR_PRJ4/Saved/Cooked/Android_ASTC/JR_PRJ4/Metadata/CookedSettings.txt" 10612
